{
  "resourceType" : "Bundle",
  "id" : "1e78fa8c-0c06-4f1b-8417-5f42b98d8ecf",
  "meta" : {
    "lastUpdated" : "2023-11-21T19:08:35.747-03:00"
  },
  "type" : "collection",
  "entry" : [{
    "fullUrl" : "https://molic-avc.gabriellesantosleandro.com/ValueSet/GenderIdentityVS",
    "resource" : {
      "resourceType" : "ValueSet",
      "text" : {
        "status" : "generated",
        "div" : "<div xmlns=\"http://www.w3.org/1999/xhtml\"><p>This value set contains 7 concepts</p><p style=\"border: black 1px dotted; background-color: #EEEEEE; padding: 8px; margin-bottom: 8px\">Expansion based on Loinc v2.74</p><table class=\"codes\"><tr><td style=\"white-space:nowrap\"><b>Code</b></td><td><b>System</b></td><td><b>Display</b></td></tr><tr><td style=\"white-space:nowrap\"><a name=\"http---loinc.org-LA22878-5\"> </a>\u00a0\u00a0<a href=\"https://loinc.org/LA22878-5/\">LA22878-5</a></td><td>http://loinc.org</td><td>Identifies as male</td></tr><tr><td style=\"white-space:nowrap\"><a name=\"http---loinc.org-LA22879-3\"> </a>\u00a0\u00a0<a href=\"https://loinc.org/LA22879-3/\">LA22879-3</a></td><td>http://loinc.org</td><td>Identifies as female</td></tr><tr><td style=\"white-space:nowrap\"><a name=\"http---loinc.org-LA22880-1\"> </a>\u00a0\u00a0<a href=\"https://loinc.org/LA22880-1/\">LA22880-1</a></td><td>http://loinc.org</td><td>Female-to-male transsexual</td></tr><tr><td style=\"white-space:nowrap\"><a name=\"http---loinc.org-LA22881-9\"> </a>\u00a0\u00a0<a href=\"https://loinc.org/LA22881-9/\">LA22881-9</a></td><td>http://loinc.org</td><td>Male-to-female transsexual</td></tr><tr><td style=\"white-space:nowrap\"><a name=\"http---loinc.org-LA22882-7\"> </a>\u00a0\u00a0<a href=\"https://loinc.org/LA22882-7/\">LA22882-7</a></td><td>http://loinc.org</td><td>Identifies as non-conforming</td></tr><tr><td style=\"white-space:nowrap\"><a name=\"http---loinc.org-LA46-8\"> </a>\u00a0\u00a0<a href=\"https://loinc.org/LA46-8/\">LA46-8</a></td><td>http://loinc.org</td><td>Other</td></tr><tr><td style=\"white-space:nowrap\"><a name=\"http---loinc.org-LA20384-6\"> </a>\u00a0\u00a0<a href=\"https://loinc.org/LA20384-6/\">LA20384-6</a></td><td>http://loinc.org</td><td>Asked but unknown</td></tr></table></div>"
      },
      "url" : "https://molic-avc.gabriellesantosleandro.com/ValueSet/GenderIdentityVS",
      "version" : "1.0.1",
      "name" : "GenderIdentityVS",
      "title" : "ValueSet of Gender Identity",
      "status" : "active",
      "date" : "2023-11-21T19:08:35-03:00",
      "expansion" : {
        "identifier" : "urn:uuid:6f22c49f-a60e-4bdc-a804-d7d26653f0a5",
        "timestamp" : "2023-11-21T19:09:21-03:00",
        "total" : 7,
        "parameter" : [{
          "name" : "excludeNested",
          "valueBoolean" : false
        },
        {
          "name" : "used-valueset",
          "valueUri" : "null"
        },
        {
          "name" : "limitedExpansion",
          "valueBoolean" : true
        },
        {
          "name" : "version",
          "valueUri" : "http://loinc.org|2.74"
        }],
        "contains" : [{
          "system" : "http://loinc.org",
          "code" : "LA22878-5",
          "display" : "Identifies as male"
        },
        {
          "system" : "http://loinc.org",
          "code" : "LA22879-3",
          "display" : "Identifies as female"
        },
        {
          "system" : "http://loinc.org",
          "code" : "LA22880-1",
          "display" : "Female-to-male transsexual"
        },
        {
          "system" : "http://loinc.org",
          "code" : "LA22881-9",
          "display" : "Male-to-female transsexual"
        },
        {
          "system" : "http://loinc.org",
          "code" : "LA22882-7",
          "display" : "Identifies as non-conforming"
        },
        {
          "system" : "http://loinc.org",
          "code" : "LA46-8",
          "display" : "Other"
        },
        {
          "system" : "http://loinc.org",
          "code" : "LA20384-6",
          "display" : "Asked but unknown"
        }]
      }
    }
  },
  {
    "fullUrl" : "https://molic-avc.gabriellesantosleandro.com/ValueSet/NoYesUnknownVS",
    "resource" : {
      "resourceType" : "ValueSet",
      "text" : {
        "status" : "generated",
        "div" : "<div xmlns=\"http://www.w3.org/1999/xhtml\"><p>This value set contains 3 concepts</p><p style=\"border: black 1px dotted; background-color: #EEEEEE; padding: 8px; margin-bottom: 8px\">Expansion based on <a href=\"http://terminology.hl7.org/5.3.0/CodeSystem-v2-0532.html\">codesystem expandedYes-NoIndicator v2.1.0 (CodeSystem)</a></p><table class=\"codes\"><tr><td style=\"white-space:nowrap\"><b>Code</b></td><td><b>System</b></td><td><b>Display</b></td><td><b>Definition</b></td></tr><tr><td style=\"white-space:nowrap\"><a name=\"http---terminology.hl7.org-CodeSystem-v2-0532-Y\"> </a>\u00a0\u00a0<a href=\"http://terminology.hl7.org/5.3.0/CodeSystem-v2-0532.html#v2-0532-Y\">Y</a></td><td>http://terminology.hl7.org/CodeSystem/v2-0532</td><td>Yes</td><td><div><p>Yes</p>\n</div></td></tr><tr><td style=\"white-space:nowrap\"><a name=\"http---terminology.hl7.org-CodeSystem-v2-0532-N\"> </a>\u00a0\u00a0<a href=\"http://terminology.hl7.org/5.3.0/CodeSystem-v2-0532.html#v2-0532-N\">N</a></td><td>http://terminology.hl7.org/CodeSystem/v2-0532</td><td>No</td><td><div><p>No</p>\n</div></td></tr><tr><td style=\"white-space:nowrap\"><a name=\"http---terminology.hl7.org-CodeSystem-v2-0532-UNK\"> </a>\u00a0\u00a0<a href=\"http://terminology.hl7.org/5.3.0/CodeSystem-v2-0532.html#v2-0532-UNK\">UNK</a></td><td>http://terminology.hl7.org/CodeSystem/v2-0532</td><td>Unknown</td><td><div><p>unknown</p>\n</div></td></tr></table></div>"
      },
      "url" : "https://molic-avc.gabriellesantosleandro.com/ValueSet/NoYesUnknownVS",
      "version" : "1.0.1",
      "name" : "NoYesUnknownVS",
      "title" : "ValueSet Yes, No and Unknown",
      "status" : "active",
      "experimental" : false,
      "date" : "2023-11-21T19:08:35-03:00",
      "expansion" : {
        "identifier" : "urn:uuid:e67c8f05-11b9-4cab-909f-6f910cede3ab",
        "timestamp" : "2023-11-21T19:09:21-03:00",
        "total" : 3,
        "parameter" : [{
          "name" : "excludeNested",
          "valueBoolean" : false
        },
        {
          "name" : "used-codesystem",
          "valueUri" : "http://terminology.hl7.org/CodeSystem/v2-0532|2.1.0"
        }],
        "contains" : [{
          "system" : "http://terminology.hl7.org/CodeSystem/v2-0532",
          "code" : "Y",
          "display" : "Yes"
        },
        {
          "system" : "http://terminology.hl7.org/CodeSystem/v2-0532",
          "code" : "N",
          "display" : "No"
        },
        {
          "system" : "http://terminology.hl7.org/CodeSystem/v2-0532",
          "code" : "UNK",
          "display" : "Unknown"
        }]
      }
    }
  }]
}