{
  "resourceType" : "Bundle",
  "id" : "0f78c8ee-2a82-41ce-8542-ffad98bf28d2",
  "meta" : {
    "lastUpdated" : "2023-08-25T01:55:28.973-03:00"
  },
  "type" : "collection",
  "entry" : [{
    "fullUrl" : "https://molic-avc.gabriellesantosleandro.com/ValueSet/molicavc-ethnicity-valueset",
    "resource" : {
      "resourceType" : "ValueSet",
      "text" : {
        "status" : "generated",
        "div" : "<div xmlns=\"http://www.w3.org/1999/xhtml\"><p>This value set contains 10 concepts</p><p style=\"border: black 1px dotted; background-color: #EEEEEE; padding: 8px; margin-bottom: 8px\">Expansion based on Loinc v2.74</p><table class=\"codes\"><tr><td style=\"white-space:nowrap\"><b>Code</b></td><td><b>System</b></td><td><b>Display</b></td></tr><tr><td style=\"white-space:nowrap\"><a name=\"http---loinc.org-21028-6\"> </a>\u00a0\u00a0<a href=\"https://loinc.org/21028-6/\">21028-6</a></td><td>http://loinc.org</td><td>Hispanic or Latino Ethnicity</td></tr><tr><td style=\"white-space:nowrap\"><a name=\"http---loinc.org-2028-9\"> </a>\u00a0\u00a0<a href=\"https://loinc.org/2028-9/\">2028-9</a></td><td>http://loinc.org</td><td>Non-Hispanic or Latino Ethnicity</td></tr><tr><td style=\"white-space:nowrap\"><a name=\"http---loinc.org-32626-4\"> </a>\u00a0\u00a0<a href=\"https://loinc.org/32626-4/\">32626-4</a></td><td>http://loinc.org</td><td>White Ethnicity</td></tr><tr><td style=\"white-space:nowrap\"><a name=\"http---loinc.org-32623-1\"> </a>\u00a0\u00a0<a href=\"https://loinc.org/32623-1/\">32623-1</a></td><td>http://loinc.org</td><td>African Ethnicity</td></tr><tr><td style=\"white-space:nowrap\"><a name=\"http---loinc.org-32620-7\"> </a>\u00a0\u00a0<a href=\"https://loinc.org/32620-7/\">32620-7</a></td><td>http://loinc.org</td><td>Indigenous Ethnicity (Global)</td></tr><tr><td style=\"white-space:nowrap\"><a name=\"http---loinc.org-32622-3\"> </a>\u00a0\u00a0<a href=\"https://loinc.org/32622-3/\">32622-3</a></td><td>http://loinc.org</td><td>Asian Ethnicity</td></tr><tr><td style=\"white-space:nowrap\"><a name=\"http---loinc.org-32621-5\"> </a>\u00a0\u00a0<a href=\"https://loinc.org/32621-5/\">32621-5</a></td><td>http://loinc.org</td><td>Aboriginal Ethnicity</td></tr><tr><td style=\"white-space:nowrap\"><a name=\"http---loinc.org-32627-2\"> </a>\u00a0\u00a0<a href=\"https://loinc.org/32627-2/\">32627-2</a></td><td>http://loinc.org</td><td>Middle Eastern Ethnicity</td></tr><tr><td style=\"white-space:nowrap\"><a name=\"http---loinc.org-32629-8\"> </a>\u00a0\u00a0<a href=\"https://loinc.org/32629-8/\">32629-8</a></td><td>http://loinc.org</td><td>Pacific Islander Ethnicity</td></tr><tr><td style=\"white-space:nowrap\"><a name=\"http---loinc.org-2029-7\"> </a>\u00a0\u00a0<a href=\"https://loinc.org/2029-7/\">2029-7</a></td><td>http://loinc.org</td><td>Other Ethnicity</td></tr></table></div>"
      },
      "url" : "https://molic-avc.gabriellesantosleandro.com/ValueSet/molicavc-ethnicity-valueset",
      "version" : "0.1.0",
      "name" : "MolicAVC_EthnicityValueSet",
      "title" : "Patient Ethnicity ValueSet",
      "status" : "draft",
      "date" : "2023-08-25T01:55:28-03:00",
      "expansion" : {
        "identifier" : "urn:uuid:47536e90-e709-4eb1-8630-de2ee0d71356",
        "timestamp" : "2023-08-25T02:01:45-03:00",
        "total" : 10,
        "parameter" : [{
          "name" : "excludeNested",
          "valueBoolean" : false
        },
        {
          "name" : "limitedExpansion",
          "valueBoolean" : true
        },
        {
          "name" : "version",
          "valueUri" : "http://loinc.org|2.74"
        }],
        "contains" : [{
          "system" : "http://loinc.org",
          "code" : "21028-6",
          "display" : "Hispanic or Latino Ethnicity"
        },
        {
          "system" : "http://loinc.org",
          "code" : "2028-9",
          "display" : "Non-Hispanic or Latino Ethnicity"
        },
        {
          "system" : "http://loinc.org",
          "code" : "32626-4",
          "display" : "White Ethnicity"
        },
        {
          "system" : "http://loinc.org",
          "code" : "32623-1",
          "display" : "African Ethnicity"
        },
        {
          "system" : "http://loinc.org",
          "code" : "32620-7",
          "display" : "Indigenous Ethnicity (Global)"
        },
        {
          "system" : "http://loinc.org",
          "code" : "32622-3",
          "display" : "Asian Ethnicity"
        },
        {
          "system" : "http://loinc.org",
          "code" : "32621-5",
          "display" : "Aboriginal Ethnicity"
        },
        {
          "system" : "http://loinc.org",
          "code" : "32627-2",
          "display" : "Middle Eastern Ethnicity"
        },
        {
          "system" : "http://loinc.org",
          "code" : "32629-8",
          "display" : "Pacific Islander Ethnicity"
        },
        {
          "system" : "http://loinc.org",
          "code" : "2029-7",
          "display" : "Other Ethnicity"
        }]
      }
    }
  },
  {
    "fullUrl" : "https://molic-avc.gabriellesantosleandro.com/ValueSet/molicavc-gender-valueset",
    "resource" : {
      "resourceType" : "ValueSet",
      "text" : {
        "status" : "generated",
        "div" : "<div xmlns=\"http://www.w3.org/1999/xhtml\"><p>This value set contains 7 concepts</p><p style=\"border: black 1px dotted; background-color: #EEEEEE; padding: 8px; margin-bottom: 8px\">Expansion based on Loinc v2.74</p><table class=\"codes\"><tr><td style=\"white-space:nowrap\"><b>Code</b></td><td><b>System</b></td><td><b>Display</b></td></tr><tr><td style=\"white-space:nowrap\"><a name=\"http---loinc.org-LA22878-5\"> </a>\u00a0\u00a0<a href=\"https://loinc.org/LA22878-5/\">LA22878-5</a></td><td>http://loinc.org</td><td>Identifies as male</td></tr><tr><td style=\"white-space:nowrap\"><a name=\"http---loinc.org-LA22879-3\"> </a>\u00a0\u00a0<a href=\"https://loinc.org/LA22879-3/\">LA22879-3</a></td><td>http://loinc.org</td><td>Identifies as female</td></tr><tr><td style=\"white-space:nowrap\"><a name=\"http---loinc.org-LA22880-1\"> </a>\u00a0\u00a0<a href=\"https://loinc.org/LA22880-1/\">LA22880-1</a></td><td>http://loinc.org</td><td>Female-to-male transsexual</td></tr><tr><td style=\"white-space:nowrap\"><a name=\"http---loinc.org-LA22881-9\"> </a>\u00a0\u00a0<a href=\"https://loinc.org/LA22881-9/\">LA22881-9</a></td><td>http://loinc.org</td><td>Male-to-female transsexual</td></tr><tr><td style=\"white-space:nowrap\"><a name=\"http---loinc.org-LA22882-7\"> </a>\u00a0\u00a0<a href=\"https://loinc.org/LA22882-7/\">LA22882-7</a></td><td>http://loinc.org</td><td>Identifies as non-conforming</td></tr><tr><td style=\"white-space:nowrap\"><a name=\"http---loinc.org-LA46-8\"> </a>\u00a0\u00a0<a href=\"https://loinc.org/LA46-8/\">LA46-8</a></td><td>http://loinc.org</td><td>Other</td></tr><tr><td style=\"white-space:nowrap\"><a name=\"http---loinc.org-LA20384-6\"> </a>\u00a0\u00a0<a href=\"https://loinc.org/LA20384-6/\">LA20384-6</a></td><td>http://loinc.org</td><td>Asked but unknown</td></tr></table></div>"
      },
      "url" : "https://molic-avc.gabriellesantosleandro.com/ValueSet/molicavc-gender-valueset",
      "version" : "0.1.0",
      "name" : "MolicAVC_GenderIdentityValueSet",
      "title" : "Gender Value Set",
      "status" : "draft",
      "date" : "2023-08-25T01:55:28-03:00",
      "expansion" : {
        "identifier" : "urn:uuid:87b7f803-18f7-453c-a7a0-bf850bb6377b",
        "timestamp" : "2023-08-25T02:01:45-03:00",
        "total" : 7,
        "parameter" : [{
          "name" : "excludeNested",
          "valueBoolean" : false
        },
        {
          "name" : "limitedExpansion",
          "valueBoolean" : true
        },
        {
          "name" : "version",
          "valueUri" : "http://loinc.org|2.74"
        }],
        "contains" : [{
          "system" : "http://loinc.org",
          "code" : "LA22878-5",
          "display" : "Identifies as male"
        },
        {
          "system" : "http://loinc.org",
          "code" : "LA22879-3",
          "display" : "Identifies as female"
        },
        {
          "system" : "http://loinc.org",
          "code" : "LA22880-1",
          "display" : "Female-to-male transsexual"
        },
        {
          "system" : "http://loinc.org",
          "code" : "LA22881-9",
          "display" : "Male-to-female transsexual"
        },
        {
          "system" : "http://loinc.org",
          "code" : "LA22882-7",
          "display" : "Identifies as non-conforming"
        },
        {
          "system" : "http://loinc.org",
          "code" : "LA46-8",
          "display" : "Other"
        },
        {
          "system" : "http://loinc.org",
          "code" : "LA20384-6",
          "display" : "Asked but unknown"
        }]
      }
    }
  },
  {
    "fullUrl" : "https://molic-avc.gabriellesantosleandro.com/ValueSet/molicavc-race",
    "resource" : {
      "resourceType" : "ValueSet",
      "text" : {
        "status" : "generated",
        "div" : "<div xmlns=\"http://www.w3.org/1999/xhtml\"><p>This value set contains 1 concepts</p><p style=\"border: black 1px dotted; background-color: #EEEEEE; padding: 8px; margin-bottom: 8px\">Expansion based on Loinc v2.74</p><table class=\"codes\"><tr><td style=\"white-space:nowrap\"><b>Code</b></td><td><b>System</b></td><td><b>Display</b></td></tr><tr><td style=\"white-space:nowrap\"><a name=\"http---loinc.org-2135-2\"> </a>\u00a0\u00a0<a href=\"https://loinc.org/2135-2/\">2135-2</a></td><td>http://loinc.org</td><td>Unknown</td></tr></table></div>"
      },
      "url" : "https://molic-avc.gabriellesantosleandro.com/ValueSet/molicavc-race",
      "version" : "0.1.0",
      "name" : "MolicAVC_RaceValueSet",
      "title" : "Patient Race Value Set",
      "status" : "draft",
      "date" : "2023-08-25T01:55:28-03:00",
      "expansion" : {
        "identifier" : "urn:uuid:5450831d-26e7-4cb6-8406-86d69ace02af",
        "timestamp" : "2023-08-25T02:01:45-03:00",
        "total" : 1,
        "parameter" : [{
          "name" : "excludeNested",
          "valueBoolean" : false
        },
        {
          "name" : "limitedExpansion",
          "valueBoolean" : true
        },
        {
          "name" : "version",
          "valueUri" : "http://loinc.org|2.74"
        }],
        "contains" : [{
          "system" : "http://loinc.org",
          "code" : "2135-2",
          "display" : "Unknown"
        }]
      }
    }
  }]
}