<?xml version="1.0" encoding="UTF-8"?>

<Bundle xmlns="http://hl7.org/fhir">
  <id value="034d6ef4-dad0-4376-be34-cec90ad245db"/>
  <meta>
    <lastUpdated value="2023-10-17T16:55:27.495-03:00"/>
  </meta>
  <type value="collection"/>
  <entry>
    <fullUrl value="https://molic-avc.gabriellesantosleandro.com/ValueSet/NoYesUnknownVS"/>
    <resource>
      <ValueSet>
        <text>
          <status value="generated"/>
          <div xmlns="http://www.w3.org/1999/xhtml">
            <p>This value set contains 3 concepts</p>
            <p style="border: black 1px dotted; background-color: #EEEEEE; padding: 8px; margin-bottom: 8px">Expansion based on 
              <a href="http://terminology.hl7.org/5.3.0/CodeSystem-v2-0532.html">codesystem expandedYes-NoIndicator v2.1.0 (CodeSystem)</a>
            </p>
            <table class="codes">
              <tr>
                <td style="white-space:nowrap">
                  <b>Code</b>
                </td>
                <td>
                  <b>System</b>
                </td>
                <td>
                  <b>Display</b>
                </td>
                <td>
                  <b>Definition</b>
                </td>
              </tr>
              <tr>
                <td style="white-space:nowrap">
                  <a name="http---terminology.hl7.org-CodeSystem-v2-0532-Y"> </a>  
                  <a href="http://terminology.hl7.org/5.3.0/CodeSystem-v2-0532.html#v2-0532-Y">Y</a>
                </td>
                <td>http://terminology.hl7.org/CodeSystem/v2-0532</td>
                <td>Sim | Yes</td>
                <td>
                  <div>
                    <p>Yes</p>

                  </div>
                </td>
              </tr>
              <tr>
                <td style="white-space:nowrap">
                  <a name="http---terminology.hl7.org-CodeSystem-v2-0532-N"> </a>  
                  <a href="http://terminology.hl7.org/5.3.0/CodeSystem-v2-0532.html#v2-0532-N">N</a>
                </td>
                <td>http://terminology.hl7.org/CodeSystem/v2-0532</td>
                <td>Não | No</td>
                <td>
                  <div>
                    <p>No</p>

                  </div>
                </td>
              </tr>
              <tr>
                <td style="white-space:nowrap">
                  <a name="http---terminology.hl7.org-CodeSystem-v2-0532-UNK"> </a>  
                  <a href="http://terminology.hl7.org/5.3.0/CodeSystem-v2-0532.html#v2-0532-UNK">UNK</a>
                </td>
                <td>http://terminology.hl7.org/CodeSystem/v2-0532</td>
                <td>Desconhecido | Unknown</td>
                <td>
                  <div>
                    <p>unknown</p>

                  </div>
                </td>
              </tr>
            </table>
          </div>
        </text>
        <url value="https://molic-avc.gabriellesantosleandro.com/ValueSet/NoYesUnknownVS"/>
        <version value="1.0.1"/>
        <name value="NoYesUnknownVS"/>
        <title value="ValueSet Sim, Não e Desconhecido"/>
        <status value="active"/>
        <experimental value="false"/>
        <date value="2023-10-17T16:55:27-03:00"/>
        <expansion>
          <identifier value="urn:uuid:bec5e8cb-f547-485e-a017-4d04f7c08778"/>
          <timestamp value="2023-10-17T16:56:33-03:00"/>
          <total value="3"/>
          <parameter>
            <name value="excludeNested"/>
            <valueBoolean value="false"/>
          </parameter>
          <parameter>
            <name value="used-codesystem"/>
            <valueUri value="http://terminology.hl7.org/CodeSystem/v2-0532|2.1.0"/>
          </parameter>
          <contains>
            <system value="http://terminology.hl7.org/CodeSystem/v2-0532"/>
            <code value="Y"/>
            <display value="Sim | Yes"/>
          </contains>
          <contains>
            <system value="http://terminology.hl7.org/CodeSystem/v2-0532"/>
            <code value="N"/>
            <display value="Não | No"/>
          </contains>
          <contains>
            <system value="http://terminology.hl7.org/CodeSystem/v2-0532"/>
            <code value="UNK"/>
            <display value="Desconhecido | Unknown"/>
          </contains>
        </expansion>
      </ValueSet>
    </resource>
  </entry>
  <entry>
    <fullUrl value="https://molic-avc.gabriellesantosleandro.com/ValueSet/molicavc-ethnicity-valueset"/>
    <resource>
      <ValueSet>
        <text>
          <status value="generated"/>
          <div xmlns="http://www.w3.org/1999/xhtml">
            <p>This value set contains 10 concepts</p>
            <div style="border: black 1px dotted; background-color: #EEEEEE; padding: 8px; margin-bottom: 8px">
              <p>Expansion based on: </p>
              <ul>
                <li>Loinc v2.74</li>
                <li>Loinc v2.74</li>
              </ul>
            </div>
            <table class="codes">
              <tr>
                <td style="white-space:nowrap">
                  <b>Code</b>
                </td>
                <td>
                  <b>System</b>
                </td>
                <td>
                  <b>Display</b>
                </td>
              </tr>
              <tr>
                <td style="white-space:nowrap">
                  <a name="http---loinc.org-21028-6"> </a>  
                  <a href="https://loinc.org/21028-6/">21028-6</a>
                </td>
                <td>http://loinc.org</td>
                <td>Hispanic or Latino Ethnicity</td>
              </tr>
              <tr>
                <td style="white-space:nowrap">
                  <a name="http---loinc.org-2028-9"> </a>  
                  <a href="https://loinc.org/2028-9/">2028-9</a>
                </td>
                <td>http://loinc.org</td>
                <td>Non-Hispanic or Latino Ethnicity</td>
              </tr>
              <tr>
                <td style="white-space:nowrap">
                  <a name="http---loinc.org-32626-4"> </a>  
                  <a href="https://loinc.org/32626-4/">32626-4</a>
                </td>
                <td>http://loinc.org</td>
                <td>White Ethnicity</td>
              </tr>
              <tr>
                <td style="white-space:nowrap">
                  <a name="http---loinc.org-32623-1"> </a>  
                  <a href="https://loinc.org/32623-1/">32623-1</a>
                </td>
                <td>http://loinc.org</td>
                <td>African Ethnicity</td>
              </tr>
              <tr>
                <td style="white-space:nowrap">
                  <a name="http---loinc.org-32620-7"> </a>  
                  <a href="https://loinc.org/32620-7/">32620-7</a>
                </td>
                <td>http://loinc.org</td>
                <td>Indigenous Ethnicity (Global)</td>
              </tr>
              <tr>
                <td style="white-space:nowrap">
                  <a name="http---loinc.org-32622-3"> </a>  
                  <a href="https://loinc.org/32622-3/">32622-3</a>
                </td>
                <td>http://loinc.org</td>
                <td>Asian Ethnicity</td>
              </tr>
              <tr>
                <td style="white-space:nowrap">
                  <a name="http---loinc.org-32621-5"> </a>  
                  <a href="https://loinc.org/32621-5/">32621-5</a>
                </td>
                <td>http://loinc.org</td>
                <td>Aboriginal Ethnicity</td>
              </tr>
              <tr>
                <td style="white-space:nowrap">
                  <a name="http---loinc.org-32629-8"> </a>  
                  <a href="https://loinc.org/32629-8/">32629-8</a>
                </td>
                <td>http://loinc.org</td>
                <td>Pacific Islander Ethnicity</td>
              </tr>
              <tr>
                <td style="white-space:nowrap">
                  <a name="http---loinc.org-2029-7"> </a>  
                  <a href="https://loinc.org/2029-7/">2029-7</a>
                </td>
                <td>http://loinc.org</td>
                <td>Other Ethnicity</td>
              </tr>
              <tr>
                <td style="white-space:nowrap">
                  <a name="http---loinc.org-32627-2"> </a>  
                  <a href="https://loinc.org/32627-2/">32627-2</a>
                </td>
                <td>http://loinc.org</td>
                <td>Unknown</td>
              </tr>
            </table>
          </div>
        </text>
        <url value="https://molic-avc.gabriellesantosleandro.com/ValueSet/molicavc-ethnicity-valueset"/>
        <version value="1.0.1"/>
        <name value="MolicAVC_EthnicityValueSet"/>
        <title value="ValueSet of Patient Ethnicity"/>
        <status value="active"/>
        <date value="2023-10-17T16:55:27-03:00"/>
        <expansion>
          <identifier value="urn:uuid:be138bb2-f40c-4888-9dcf-c921c0b530b7"/>
          <timestamp value="2023-10-17T16:56:37-03:00"/>
          <total value="10"/>
          <parameter>
            <name value="excludeNested"/>
            <valueBoolean value="false"/>
          </parameter>
          <parameter>
            <name value="used-valueset"/>
            <valueUri value="null"/>
          </parameter>
          <parameter>
            <name value="limitedExpansion"/>
            <valueBoolean value="true"/>
          </parameter>
          <parameter>
            <name value="used-codesystem"/>
            <valueUri value="http://loinc.org|2.74"/>
          </parameter>
          <parameter>
            <name value="version"/>
            <valueUri value="http://loinc.org|2.74"/>
          </parameter>
          <contains>
            <system value="http://loinc.org"/>
            <code value="21028-6"/>
            <display value="Hispanic or Latino Ethnicity"/>
          </contains>
          <contains>
            <system value="http://loinc.org"/>
            <code value="2028-9"/>
            <display value="Non-Hispanic or Latino Ethnicity"/>
          </contains>
          <contains>
            <system value="http://loinc.org"/>
            <code value="32626-4"/>
            <display value="White Ethnicity"/>
          </contains>
          <contains>
            <system value="http://loinc.org"/>
            <code value="32623-1"/>
            <display value="African Ethnicity"/>
          </contains>
          <contains>
            <system value="http://loinc.org"/>
            <code value="32620-7"/>
            <display value="Indigenous Ethnicity (Global)"/>
          </contains>
          <contains>
            <system value="http://loinc.org"/>
            <code value="32622-3"/>
            <display value="Asian Ethnicity"/>
          </contains>
          <contains>
            <system value="http://loinc.org"/>
            <code value="32621-5"/>
            <display value="Aboriginal Ethnicity"/>
          </contains>
          <contains>
            <system value="http://loinc.org"/>
            <code value="32629-8"/>
            <display value="Pacific Islander Ethnicity"/>
          </contains>
          <contains>
            <system value="http://loinc.org"/>
            <code value="2029-7"/>
            <display value="Other Ethnicity"/>
          </contains>
          <contains>
            <system value="http://loinc.org"/>
            <code value="32627-2"/>
            <display value="Unknown"/>
          </contains>
        </expansion>
      </ValueSet>
    </resource>
  </entry>
  <entry>
    <fullUrl value="https://molic-avc.gabriellesantosleandro.com/ValueSet/molicavc-gender-valueset"/>
    <resource>
      <ValueSet>
        <text>
          <status value="generated"/>
          <div xmlns="http://www.w3.org/1999/xhtml">
            <p>This value set contains 7 concepts</p>
            <p style="border: black 1px dotted; background-color: #EEEEEE; padding: 8px; margin-bottom: 8px">Expansion based on Loinc v2.74</p>
            <table class="codes">
              <tr>
                <td style="white-space:nowrap">
                  <b>Code</b>
                </td>
                <td>
                  <b>System</b>
                </td>
                <td>
                  <b>Display</b>
                </td>
              </tr>
              <tr>
                <td style="white-space:nowrap">
                  <a name="http---loinc.org-LA22878-5"> </a>  
                  <a href="https://loinc.org/LA22878-5/">LA22878-5</a>
                </td>
                <td>http://loinc.org</td>
                <td>Identifies as male</td>
              </tr>
              <tr>
                <td style="white-space:nowrap">
                  <a name="http---loinc.org-LA22879-3"> </a>  
                  <a href="https://loinc.org/LA22879-3/">LA22879-3</a>
                </td>
                <td>http://loinc.org</td>
                <td>Identifies as female</td>
              </tr>
              <tr>
                <td style="white-space:nowrap">
                  <a name="http---loinc.org-LA22880-1"> </a>  
                  <a href="https://loinc.org/LA22880-1/">LA22880-1</a>
                </td>
                <td>http://loinc.org</td>
                <td>Female-to-male transsexual</td>
              </tr>
              <tr>
                <td style="white-space:nowrap">
                  <a name="http---loinc.org-LA22881-9"> </a>  
                  <a href="https://loinc.org/LA22881-9/">LA22881-9</a>
                </td>
                <td>http://loinc.org</td>
                <td>Male-to-female transsexual</td>
              </tr>
              <tr>
                <td style="white-space:nowrap">
                  <a name="http---loinc.org-LA22882-7"> </a>  
                  <a href="https://loinc.org/LA22882-7/">LA22882-7</a>
                </td>
                <td>http://loinc.org</td>
                <td>Identifies as non-conforming</td>
              </tr>
              <tr>
                <td style="white-space:nowrap">
                  <a name="http---loinc.org-LA46-8"> </a>  
                  <a href="https://loinc.org/LA46-8/">LA46-8</a>
                </td>
                <td>http://loinc.org</td>
                <td>Other</td>
              </tr>
              <tr>
                <td style="white-space:nowrap">
                  <a name="http---loinc.org-LA20384-6"> </a>  
                  <a href="https://loinc.org/LA20384-6/">LA20384-6</a>
                </td>
                <td>http://loinc.org</td>
                <td>Asked but unknown</td>
              </tr>
            </table>
          </div>
        </text>
        <url value="https://molic-avc.gabriellesantosleandro.com/ValueSet/molicavc-gender-valueset"/>
        <version value="1.0.1"/>
        <name value="MolicAVC_GenderIdentityValueSet"/>
        <title value="ValueSet of Gender Identity"/>
        <status value="active"/>
        <date value="2023-10-17T16:55:27-03:00"/>
        <expansion>
          <identifier value="urn:uuid:b845f333-a794-479e-8018-bc4f53ebc514"/>
          <timestamp value="2023-10-17T16:56:37-03:00"/>
          <total value="7"/>
          <parameter>
            <name value="excludeNested"/>
            <valueBoolean value="false"/>
          </parameter>
          <parameter>
            <name value="used-valueset"/>
            <valueUri value="null"/>
          </parameter>
          <parameter>
            <name value="limitedExpansion"/>
            <valueBoolean value="true"/>
          </parameter>
          <parameter>
            <name value="version"/>
            <valueUri value="http://loinc.org|2.74"/>
          </parameter>
          <contains>
            <system value="http://loinc.org"/>
            <code value="LA22878-5"/>
            <display value="Identifies as male"/>
          </contains>
          <contains>
            <system value="http://loinc.org"/>
            <code value="LA22879-3"/>
            <display value="Identifies as female"/>
          </contains>
          <contains>
            <system value="http://loinc.org"/>
            <code value="LA22880-1"/>
            <display value="Female-to-male transsexual"/>
          </contains>
          <contains>
            <system value="http://loinc.org"/>
            <code value="LA22881-9"/>
            <display value="Male-to-female transsexual"/>
          </contains>
          <contains>
            <system value="http://loinc.org"/>
            <code value="LA22882-7"/>
            <display value="Identifies as non-conforming"/>
          </contains>
          <contains>
            <system value="http://loinc.org"/>
            <code value="LA46-8"/>
            <display value="Other"/>
          </contains>
          <contains>
            <system value="http://loinc.org"/>
            <code value="LA20384-6"/>
            <display value="Asked but unknown"/>
          </contains>
        </expansion>
      </ValueSet>
    </resource>
  </entry>
  <entry>
    <fullUrl value="https://molic-avc.gabriellesantosleandro.com/ValueSet/molicavc-race"/>
    <resource>
      <ValueSet>
        <text>
          <status value="generated"/>
          <div xmlns="http://www.w3.org/1999/xhtml">
            <p>This value set contains 1 concepts</p>
            <p style="border: black 1px dotted; background-color: #EEEEEE; padding: 8px; margin-bottom: 8px">Expansion based on Loinc v2.74</p>
            <table class="codes">
              <tr>
                <td style="white-space:nowrap">
                  <b>Code</b>
                </td>
                <td>
                  <b>System</b>
                </td>
                <td>
                  <b>Display</b>
                </td>
              </tr>
              <tr>
                <td style="white-space:nowrap">
                  <a name="http---loinc.org-2135-2"> </a>  
                  <a href="https://loinc.org/2135-2/">2135-2</a>
                </td>
                <td>http://loinc.org</td>
                <td>Unknown</td>
              </tr>
            </table>
          </div>
        </text>
        <url value="https://molic-avc.gabriellesantosleandro.com/ValueSet/molicavc-race"/>
        <version value="1.0.1"/>
        <name value="MolicAVC_RaceValueSet"/>
        <title value="ValueSet of Patient Race"/>
        <status value="active"/>
        <date value="2023-10-17T16:55:27-03:00"/>
        <expansion>
          <identifier value="urn:uuid:5ef9a834-1070-4ad5-bb0b-7b2df451cc39"/>
          <timestamp value="2023-10-17T16:56:37-03:00"/>
          <total value="1"/>
          <parameter>
            <name value="excludeNested"/>
            <valueBoolean value="false"/>
          </parameter>
          <parameter>
            <name value="used-valueset"/>
            <valueUri value="null"/>
          </parameter>
          <parameter>
            <name value="limitedExpansion"/>
            <valueBoolean value="true"/>
          </parameter>
          <parameter>
            <name value="version"/>
            <valueUri value="http://loinc.org|2.74"/>
          </parameter>
          <contains>
            <system value="http://loinc.org"/>
            <code value="2135-2"/>
            <display value="Unknown"/>
          </contains>
        </expansion>
      </ValueSet>
    </resource>
  </entry>
</Bundle>