<?xml version="1.0" encoding="UTF-8"?>

<Bundle xmlns="http://hl7.org/fhir">
  <id value="a61e60a4-e482-40c4-9bd9-ac12388ead0f"/>
  <meta>
    <lastUpdated value="2023-11-21T18:47:54.430-03:00"/>
  </meta>
  <type value="collection"/>
  <entry>
    <fullUrl value="https://molic-avc.gabriellesantosleandro.com/ValueSet/GenderIdentityVS"/>
    <resource>
      <ValueSet>
        <text>
          <status value="generated"/>
          <div xmlns="http://www.w3.org/1999/xhtml">
            <p>This value set contains 7 concepts</p>
            <p style="border: black 1px dotted; background-color: #EEEEEE; padding: 8px; margin-bottom: 8px">Expansion based on Loinc v2.74</p>
            <table class="codes">
              <tr>
                <td style="white-space:nowrap">
                  <b>Code</b>
                </td>
                <td>
                  <b>System</b>
                </td>
                <td>
                  <b>Display</b>
                </td>
              </tr>
              <tr>
                <td style="white-space:nowrap">
                  <a name="http---loinc.org-LA22878-5"> </a>  
                  <a href="https://loinc.org/LA22878-5/">LA22878-5</a>
                </td>
                <td>http://loinc.org</td>
                <td>Identifies as male</td>
              </tr>
              <tr>
                <td style="white-space:nowrap">
                  <a name="http---loinc.org-LA22879-3"> </a>  
                  <a href="https://loinc.org/LA22879-3/">LA22879-3</a>
                </td>
                <td>http://loinc.org</td>
                <td>Identifies as female</td>
              </tr>
              <tr>
                <td style="white-space:nowrap">
                  <a name="http---loinc.org-LA22880-1"> </a>  
                  <a href="https://loinc.org/LA22880-1/">LA22880-1</a>
                </td>
                <td>http://loinc.org</td>
                <td>Female-to-male transsexual</td>
              </tr>
              <tr>
                <td style="white-space:nowrap">
                  <a name="http---loinc.org-LA22881-9"> </a>  
                  <a href="https://loinc.org/LA22881-9/">LA22881-9</a>
                </td>
                <td>http://loinc.org</td>
                <td>Male-to-female transsexual</td>
              </tr>
              <tr>
                <td style="white-space:nowrap">
                  <a name="http---loinc.org-LA22882-7"> </a>  
                  <a href="https://loinc.org/LA22882-7/">LA22882-7</a>
                </td>
                <td>http://loinc.org</td>
                <td>Identifies as non-conforming</td>
              </tr>
              <tr>
                <td style="white-space:nowrap">
                  <a name="http---loinc.org-LA46-8"> </a>  
                  <a href="https://loinc.org/LA46-8/">LA46-8</a>
                </td>
                <td>http://loinc.org</td>
                <td>Other</td>
              </tr>
              <tr>
                <td style="white-space:nowrap">
                  <a name="http---loinc.org-LA20384-6"> </a>  
                  <a href="https://loinc.org/LA20384-6/">LA20384-6</a>
                </td>
                <td>http://loinc.org</td>
                <td>Asked but unknown</td>
              </tr>
            </table>
          </div>
        </text>
        <url value="https://molic-avc.gabriellesantosleandro.com/ValueSet/GenderIdentityVS"/>
        <version value="1.0.1"/>
        <name value="GenderIdentityVS"/>
        <title value="ValueSet of Gender Identity"/>
        <status value="active"/>
        <date value="2023-11-21T18:47:54-03:00"/>
        <expansion>
          <identifier value="urn:uuid:fb4ba0da-3fe9-4e0d-8d3f-dc19554d4424"/>
          <timestamp value="2023-11-21T18:48:38-03:00"/>
          <total value="7"/>
          <parameter>
            <name value="excludeNested"/>
            <valueBoolean value="false"/>
          </parameter>
          <parameter>
            <name value="used-valueset"/>
            <valueUri value="null"/>
          </parameter>
          <parameter>
            <name value="limitedExpansion"/>
            <valueBoolean value="true"/>
          </parameter>
          <parameter>
            <name value="version"/>
            <valueUri value="http://loinc.org|2.74"/>
          </parameter>
          <contains>
            <system value="http://loinc.org"/>
            <code value="LA22878-5"/>
            <display value="Identifies as male"/>
          </contains>
          <contains>
            <system value="http://loinc.org"/>
            <code value="LA22879-3"/>
            <display value="Identifies as female"/>
          </contains>
          <contains>
            <system value="http://loinc.org"/>
            <code value="LA22880-1"/>
            <display value="Female-to-male transsexual"/>
          </contains>
          <contains>
            <system value="http://loinc.org"/>
            <code value="LA22881-9"/>
            <display value="Male-to-female transsexual"/>
          </contains>
          <contains>
            <system value="http://loinc.org"/>
            <code value="LA22882-7"/>
            <display value="Identifies as non-conforming"/>
          </contains>
          <contains>
            <system value="http://loinc.org"/>
            <code value="LA46-8"/>
            <display value="Other"/>
          </contains>
          <contains>
            <system value="http://loinc.org"/>
            <code value="LA20384-6"/>
            <display value="Asked but unknown"/>
          </contains>
        </expansion>
      </ValueSet>
    </resource>
  </entry>
  <entry>
    <fullUrl value="https://molic-avc.gabriellesantosleandro.com/ValueSet/NoYesUnknownVS"/>
    <resource>
      <ValueSet>
        <text>
          <status value="generated"/>
          <div xmlns="http://www.w3.org/1999/xhtml">
            <p>This value set contains 3 concepts</p>
            <p style="border: black 1px dotted; background-color: #EEEEEE; padding: 8px; margin-bottom: 8px">Expansion based on 
              <a href="http://terminology.hl7.org/5.3.0/CodeSystem-v2-0532.html">codesystem expandedYes-NoIndicator v2.1.0 (CodeSystem)</a>
            </p>
            <table class="codes">
              <tr>
                <td style="white-space:nowrap">
                  <b>Code</b>
                </td>
                <td>
                  <b>System</b>
                </td>
                <td>
                  <b>Display</b>
                </td>
                <td>
                  <b>Definition</b>
                </td>
              </tr>
              <tr>
                <td style="white-space:nowrap">
                  <a name="http---terminology.hl7.org-CodeSystem-v2-0532-Y"> </a>  
                  <a href="http://terminology.hl7.org/5.3.0/CodeSystem-v2-0532.html#v2-0532-Y">Y</a>
                </td>
                <td>http://terminology.hl7.org/CodeSystem/v2-0532</td>
                <td>Yes</td>
                <td>
                  <div>
                    <p>Yes</p>

                  </div>
                </td>
              </tr>
              <tr>
                <td style="white-space:nowrap">
                  <a name="http---terminology.hl7.org-CodeSystem-v2-0532-N"> </a>  
                  <a href="http://terminology.hl7.org/5.3.0/CodeSystem-v2-0532.html#v2-0532-N">N</a>
                </td>
                <td>http://terminology.hl7.org/CodeSystem/v2-0532</td>
                <td>No</td>
                <td>
                  <div>
                    <p>No</p>

                  </div>
                </td>
              </tr>
              <tr>
                <td style="white-space:nowrap">
                  <a name="http---terminology.hl7.org-CodeSystem-v2-0532-UNK"> </a>  
                  <a href="http://terminology.hl7.org/5.3.0/CodeSystem-v2-0532.html#v2-0532-UNK">UNK</a>
                </td>
                <td>http://terminology.hl7.org/CodeSystem/v2-0532</td>
                <td>Unknown</td>
                <td>
                  <div>
                    <p>unknown</p>

                  </div>
                </td>
              </tr>
            </table>
          </div>
        </text>
        <url value="https://molic-avc.gabriellesantosleandro.com/ValueSet/NoYesUnknownVS"/>
        <version value="1.0.1"/>
        <name value="NoYesUnknownVS"/>
        <title value="ValueSet Yes, No and Unknown"/>
        <status value="active"/>
        <experimental value="false"/>
        <date value="2023-11-21T18:47:54-03:00"/>
        <expansion>
          <identifier value="urn:uuid:5cd9961a-b4c8-46f5-9188-536c6f3fab1c"/>
          <timestamp value="2023-11-21T18:48:39-03:00"/>
          <total value="3"/>
          <parameter>
            <name value="excludeNested"/>
            <valueBoolean value="false"/>
          </parameter>
          <parameter>
            <name value="used-codesystem"/>
            <valueUri value="http://terminology.hl7.org/CodeSystem/v2-0532|2.1.0"/>
          </parameter>
          <contains>
            <system value="http://terminology.hl7.org/CodeSystem/v2-0532"/>
            <code value="Y"/>
            <display value="Yes"/>
          </contains>
          <contains>
            <system value="http://terminology.hl7.org/CodeSystem/v2-0532"/>
            <code value="N"/>
            <display value="No"/>
          </contains>
          <contains>
            <system value="http://terminology.hl7.org/CodeSystem/v2-0532"/>
            <code value="UNK"/>
            <display value="Unknown"/>
          </contains>
        </expansion>
      </ValueSet>
    </resource>
  </entry>
</Bundle>