<?xml version="1.0" encoding="UTF-8"?>

<ImplementationGuide xmlns="http://hl7.org/fhir">
  <id value="guide"/>
  <text>
    <status value="extensions"/><div xmlns="http://www.w3.org/1999/xhtml"><h2>MolicAVC</h2><p>The official URL for this implementation guide is: </p><pre>https://molic-avc.gabriellesantosleandro.com/ImplementationGuide/guide</pre><div><p>FHIR Implementation Guide for Stroke: A Dual Focus on the Patient's Journey and Outcome Measures</p>
</div></div>
  </text>
  <url value="https://molic-avc.gabriellesantosleandro.com/ImplementationGuide/guide"/>
  <version value="1.0.1"/>
  <name value="MolicAVC"/>
  <title value="Molic-AVC Project: Monitoring the Stroke Clinical Pathway"/>
  <status value="draft"/>
  <date value="2023-11-21T19:08:35-03:00"/>
  <publisher value="Gabrielle dos Santos Leandro"/>
  <contact>
    <name value="Gabrielle dos Santos Leandro"/>
    <telecom>
      <system value="url"/>
      <value value="https://gabriellesantosleandro.com"/>
    </telecom>
    <telecom>
      <system value="email"/>
      <value value="gabrielle.santos.leandro@gmail.com"/>
    </telecom>
  </contact>
  <contact>
    <name value="Gabrielle dos Santos Leandro"/>
    <telecom>
      <system value="url"/>
      <value value="https://gabriellesantosleandro.com.br"/>
      <use value="work"/>
    </telecom>
    <telecom>
      <system value="email"/>
      <value value="gabrielle.santos.leandro@gmail.com"/>
      <use value="work"/>
    </telecom>
  </contact>
  <description value="FHIR Implementation Guide for Stroke: A Dual Focus on the Patient's Journey and Outcome Measures"/>
  <packageId value="guide"/>
  <license value="CC0-1.0"/>
  <fhirVersion value="5.0.0"/>
  <dependsOn id="hl7tx">
    <extension url="http://hl7.org/fhir/tools/StructureDefinition/implementationguide-dependency-comment">
      <valueMarkdown value="Automatically added as a dependency - all IGs depend on HL7 Terminology"/>
    </extension>
    <uri value="http://terminology.hl7.org/ImplementationGuide/hl7.terminology"/>
    <packageId value="hl7.terminology.r5"/>
    <version value="5.3.0"/>
  </dependsOn>
  <dependsOn id="hl7ext">
    <extension url="http://hl7.org/fhir/tools/StructureDefinition/implementationguide-dependency-comment">
      <valueMarkdown value="Automatically added as a dependency - all IGs depend on the HL7 Extension Pack"/>
    </extension>
    <uri value="http://hl7.org/fhir/extensions/ImplementationGuide/hl7.fhir.uv.extensions"/>
    <packageId value="hl7.fhir.uv.extensions.r5"/>
    <version value="1.0.0"/>
  </dependsOn>
  <definition>
    <extension url="http://hl7.org/fhir/tools/StructureDefinition/ig-internal-dependency">
      <valueCode value="hl7.fhir.uv.tools#current"/>
    </extension>
    <resource>
      <extension url="http://hl7.org/fhir/tools/StructureDefinition/resource-information">
        <valueString value="StructureDefinition:resource"/>
      </extension>
      <reference>
        <reference value="StructureDefinition/molicavc-encounter-profile"/>
      </reference>
      <name value="Profile of Molic-AVC's Encounter"/>
      <description value="The Encounter Resource in the MOLIC-AVC project represents the actual interaction between &#xD;&#xA;a patient and their healthcare provider(s). It's designed to document delivered health services or assess&#xD;&#xA;the patient's health status."/>
      <isExample value="false"/>
    </resource>
    <resource>
      <extension url="http://hl7.org/fhir/tools/StructureDefinition/resource-information">
        <valueString value="StructureDefinition:resource"/>
      </extension>
      <reference>
        <reference value="StructureDefinition/molicavc-observation-profile"/>
      </reference>
      <name value="Profile of Molic-AVC's Observation"/>
      <description value="Observations are a central element in healthcare, used to support diagnosis, monitor progress, determine baselines &#xD;&#xA;and patterns and even capture demographic characteristics, as well as capture results of tests performed on products and substances. &#xD;&#xA;Most observations are simple name/value pair assertions with some metadata, but some observations group other observations together &#xD;&#xA;logically, or even are multi-component observations."/>
      <isExample value="false"/>
    </resource>
    <resource>
      <extension url="http://hl7.org/fhir/tools/StructureDefinition/resource-information">
        <valueString value="StructureDefinition:resource"/>
      </extension>
      <reference>
        <reference value="StructureDefinition/molicavc-organization-profile"/>
      </reference>
      <name value="Profile of Molic-AVC's Organization"/>
      <description value="The Organization resource in the MOLIC-AVC project encompasses all entities or groups &#xD;&#xA;involved in the healthcare process and related health services as part of their formal responsibilities. &#xD;&#xA;Examples include: Primary Care Basic Health Units, Emergency Care Units, Reference Hospital for Stroke, &#xD;&#xA;public ambulance transport (SAMU), private services, and others."/>
      <isExample value="false"/>
    </resource>
    <resource>
      <extension url="http://hl7.org/fhir/tools/StructureDefinition/resource-information">
        <valueString value="StructureDefinition:resource"/>
      </extension>
      <reference>
        <reference value="StructureDefinition/molicavc-practitioner-profile"/>
      </reference>
      <name value="Profile of Molic-AVC's Practitioner"/>
      <description value="The Practitioner Resource in the MOLIC-AVC project encompasses all individuals involved in the healthcare process and related health services as part of their formal responsibilities. This Resource is utilized to assign activities and responsibilities to these individuals. Examples include: doctors, nurses, therapists, receptionists, and so on."/>
      <isExample value="false"/>
    </resource>
    <resource>
      <extension url="http://hl7.org/fhir/tools/StructureDefinition/resource-information">
        <valueString value="StructureDefinition:resource"/>
      </extension>
      <reference>
        <reference value="StructureDefinition/StrokePatient"/>
      </reference>
      <name value="Stroke Patient Profile"/>
      <description value="This profile stores demographics and other administrative information about an patient with stroke."/>
      <isExample value="false"/>
    </resource>
    <resource>
      <extension url="http://hl7.org/fhir/tools/StructureDefinition/resource-information">
        <valueString value="StructureDefinition:extension"/>
      </extension>
      <reference>
        <reference value="StructureDefinition/AlcoholAmountExtension"/>
      </reference>
      <name value="Extension of Alcohol intake amount"/>
      <description value="Based on the ICHOM, one standard drink is equal to 12.5ml of pure alcohol, or roughly 1 small glass of wine/25cl of regular beer (5% alcohol)."/>
      <isExample value="false"/>
    </resource>
    <resource>
      <extension url="http://hl7.org/fhir/tools/StructureDefinition/resource-information">
        <valueString value="StructureDefinition:extension"/>
      </extension>
      <reference>
        <reference value="StructureDefinition/Est-StrokeSevNIHSSCatExtension"/>
      </reference>
      <name value="Extension of Estimated Stroke Severity Category based on NIHSS"/>
      <description value="Estimated Stroke Severity: Category. Indicate the estimated stroke severity category &#xD;&#xA;by the NIH Stroke Scale (NIHSS)."/>
      <isExample value="false"/>
    </resource>
    <resource>
      <extension url="http://hl7.org/fhir/tools/StructureDefinition/resource-information">
        <valueString value="StructureDefinition:extension"/>
      </extension>
      <reference>
        <reference value="StructureDefinition/EthnicityExtension"/>
      </reference>
      <name value="Extension of Patient Ethnicity"/>
      <description value="Extension to capture the patient's ethnicity which represents their cultural background or heritage. Although optional, ICHOM strongly encourages collecting this inclusive information."/>
      <isExample value="false"/>
    </resource>
    <resource>
      <extension url="http://hl7.org/fhir/tools/StructureDefinition/resource-information">
        <valueString value="StructureDefinition:extension"/>
      </extension>
      <reference>
        <reference value="StructureDefinition/GenderIdentityExtension"/>
      </reference>
      <name value="Extension of Patient Gender Identity"/>
      <description value="The patient's gender."/>
      <isExample value="false"/>
    </resource>
    <resource>
      <extension url="http://hl7.org/fhir/tools/StructureDefinition/resource-information">
        <valueString value="StructureDefinition:extension"/>
      </extension>
      <reference>
        <reference value="StructureDefinition/LiveAlonePreExtension"/>
      </reference>
      <name value="Extension of Live Alone Pre-Stroke"/>
      <description value="Extension indicating whether a patient lived alone prior to a stroke event based on ICHOM terminology."/>
      <isExample value="false"/>
    </resource>
    <resource>
      <extension url="http://hl7.org/fhir/tools/StructureDefinition/resource-information">
        <valueString value="StructureDefinition:extension"/>
      </extension>
      <reference>
        <reference value="StructureDefinition/LivingLocPreExtension"/>
      </reference>
      <name value="Extension of Patient's Residence Prior to a Stroke"/>
      <description value="An extension to capture the patient's residence prior to a stroke event, based on the ICHOM code."/>
      <isExample value="false"/>
    </resource>
    <resource>
      <extension url="http://hl7.org/fhir/tools/StructureDefinition/resource-information">
        <valueString value="StructureDefinition:extension"/>
      </extension>
      <reference>
        <reference value="StructureDefinition/molicavc-strokewindow-extension"/>
      </reference>
      <name value="Extension of Stroke Window"/>
      <description value="Brief hours post-symptom onset when prompt intervention reduces brain damage, lasting up to 4.5-12 hours."/>
      <isExample value="false"/>
    </resource>
    <resource>
      <extension url="http://hl7.org/fhir/tools/StructureDefinition/resource-information">
        <valueString value="StructureDefinition:extension"/>
      </extension>
      <reference>
        <reference value="StructureDefinition/RaceExtension"/>
      </reference>
      <name value="Extension of Race"/>
      <description value="Represents the race of a patient. This extension is aligned with USCore."/>
      <isExample value="false"/>
    </resource>
    <resource>
      <extension url="http://hl7.org/fhir/tools/StructureDefinition/resource-information">
        <valueString value="StructureDefinition:extension"/>
      </extension>
      <reference>
        <reference value="StructureDefinition/SmokingStatusExtension"/>
      </reference>
      <name value="Extension of Smoking Status"/>
      <description value="Extension to capture the patient's smoking status, as recommended by ICHOM."/>
      <isExample value="false"/>
    </resource>
    <resource>
      <extension url="http://hl7.org/fhir/tools/StructureDefinition/resource-information">
        <valueString value="StructureDefinition:extension"/>
      </extension>
      <reference>
        <reference value="StructureDefinition/StrokeSevLocExtension"/>
      </reference>
      <name value="Extension of Consciousness"/>
      <description value="Stroke severity: consciousness. Indicate the patient’s level of consciousness measured on hospitalar arrival."/>
      <isExample value="false"/>
    </resource>
    <resource>
      <extension url="http://hl7.org/fhir/tools/StructureDefinition/resource-information">
        <valueString value="StructureDefinition:extension"/>
      </extension>
      <reference>
        <reference value="StructureDefinition/StrokeSev-NIHSS-Extension"/>
      </reference>
      <name value="Extension of Stroke Severity Score based on NIHSS"/>
      <description value="Stroke severity score. Stroke severity as measured by the NIH Stroke Scale (NIHSS). Report the raw (uncategorized) NIHSS score."/>
      <isExample value="false"/>
    </resource>
    <resource>
      <extension url="http://hl7.org/fhir/tools/StructureDefinition/resource-information">
        <valueString value="StructureDefinition:extension"/>
      </extension>
      <reference>
        <reference value="StructureDefinition/SymtDurExtension"/>
      </reference>
      <name value="Extension of Stroke's Symptom Duration"/>
      <description value="Duration of symptoms. Indicate the duration of the stroke symptoms measured on hospital arrival."/>
      <isExample value="false"/>
    </resource>
    <resource>
      <extension url="http://hl7.org/fhir/tools/StructureDefinition/resource-information">
        <valueString value="ValueSet"/>
      </extension>
      <reference>
        <reference value="ValueSet/cnes-valueset"/>
      </reference>
      <name value="ValueSet of National Registry of Health Establishments (CNES - Cadastro Nacional de Estabelecimentos de Saúde)"/>
      <description value="This ValueSet details codes for Stroke Healthcare Units in Joinville based on National Registry of Health Establishments (CNES - Cadastro Nacional de Estabelecimentos de Saúde)."/>
      <isExample value="false"/>
    </resource>
    <resource>
      <extension url="http://hl7.org/fhir/tools/StructureDefinition/resource-information">
        <valueString value="ValueSet"/>
      </extension>
      <reference>
        <reference value="ValueSet/molicavc-cvdcomorbidities-valueset"/>
      </reference>
      <name value="ValueSet of Cardiovascular Comorbidities"/>
      <description value=" Indicate which comorbidities the patient is living with. Select all conditions that apply at every annual follow-up."/>
      <isExample value="false"/>
    </resource>
    <resource>
      <extension url="http://hl7.org/fhir/tools/StructureDefinition/resource-information">
        <valueString value="ValueSet"/>
      </extension>
      <reference>
        <reference value="ValueSet/DiagnosisVS"/>
      </reference>
      <name value="ValueSet of the Diagnostic Evidence Base"/>
      <description value="This ValueSet indicates which diagnostic evidence base was used for its realization"/>
      <isExample value="false"/>
    </resource>
    <resource>
      <extension url="http://hl7.org/fhir/tools/StructureDefinition/resource-information">
        <valueString value="ValueSet"/>
      </extension>
      <reference>
        <reference value="ValueSet/DischDestVS"/>
      </reference>
      <name value="ValueSet of Discharge Location"/>
      <description value="Discharge destination following acute care hospitalization. What type of place was the patient discharged to?"/>
      <isExample value="false"/>
    </resource>
    <resource>
      <extension url="http://hl7.org/fhir/tools/StructureDefinition/resource-information">
        <valueString value="ValueSet"/>
      </extension>
      <reference>
        <reference value="ValueSet/EstStrokeSevNIHSSCatVS"/>
      </reference>
      <name value="ValueSet that categorizes the estimated severity of the stroke using the NIHSS according to the ICHOM standard."/>
      <description value="This ValueSet is intended to categorize the severity of the stroke based on the National Institutes of Health Stroke Scale (NIHSS)."/>
      <isExample value="false"/>
    </resource>
    <resource>
      <extension url="http://hl7.org/fhir/tools/StructureDefinition/resource-information">
        <valueString value="ValueSet"/>
      </extension>
      <reference>
        <reference value="ValueSet/GenderIdentityVS"/>
      </reference>
      <name value="ValueSet of Gender Identity"/>
      <description value="ValueSet for Gender Identity based on LOINC."/>
      <isExample value="false"/>
    </resource>
    <resource>
      <extension url="http://hl7.org/fhir/tools/StructureDefinition/resource-information">
        <valueString value="ValueSet"/>
      </extension>
      <reference>
        <reference value="ValueSet/hospital-department-valueset"/>
      </reference>
      <name value="ValueSet for Hospital Department"/>
      <description value="This ValueSet includes the hospital departments responsible for taking care of stroke patients."/>
      <isExample value="false"/>
    </resource>
    <resource>
      <extension url="http://hl7.org/fhir/tools/StructureDefinition/resource-information">
        <valueString value="ValueSet"/>
      </extension>
      <reference>
        <reference value="ValueSet/LiveAlonePreVS"/>
      </reference>
      <name value="ValueSet of Live Alone Pre-Stroke"/>
      <description value="ValueSet indicating whether a patient lived alone prior to a stroke event based on ICHOM terminology."/>
      <isExample value="false"/>
    </resource>
    <resource>
      <extension url="http://hl7.org/fhir/tools/StructureDefinition/resource-information">
        <valueString value="ValueSet"/>
      </extension>
      <reference>
        <reference value="ValueSet/LivingLocPreVS"/>
      </reference>
      <name value="ValueSet of Patient's Residence Prior to a Stroke"/>
      <description value="Represents the patient's most recent place of residence before the occurrence of a stroke based on ICHOM code."/>
      <isExample value="false"/>
    </resource>
    <resource>
      <extension url="http://hl7.org/fhir/tools/StructureDefinition/resource-information">
        <valueString value="ValueSet"/>
      </extension>
      <reference>
        <reference value="ValueSet/type-healthcare-unit-valueset"/>
      </reference>
      <name value="Type of Healthcare Unit ValueSet"/>
      <description value="This ValueSet details codes for healthcare units serving stroke patients in Brazil."/>
      <isExample value="false"/>
    </resource>
    <resource>
      <extension url="http://hl7.org/fhir/tools/StructureDefinition/resource-information">
        <valueString value="ValueSet"/>
      </extension>
      <reference>
        <reference value="ValueSet/molicavc-referencelocation-valueset"/>
      </reference>
      <name value="ValueSet of Reference Location"/>
      <description value="Indicate and classify where the patient was referred."/>
      <isExample value="false"/>
    </resource>
    <resource>
      <extension url="http://hl7.org/fhir/tools/StructureDefinition/resource-information">
        <valueString value="ValueSet"/>
      </extension>
      <reference>
        <reference value="ValueSet/NoYesUnknownVS"/>
      </reference>
      <name value="ValueSet Yes, No and Unknown"/>
      <description value="ValueSet with responses Yes, No, and Unknown"/>
      <isExample value="false"/>
    </resource>
    <resource>
      <extension url="http://hl7.org/fhir/tools/StructureDefinition/resource-information">
        <valueString value="ValueSet"/>
      </extension>
      <reference>
        <reference value="ValueSet/PROMIS10VS"/>
      </reference>
      <name value="ValueSet of PROMIS-10 Response Questionnaire"/>
      <description value="This ValueSet defines the response values for the PROMIS-10 (Patient-Reported Outcomes Measurement Information System 10-item short form) Questionnaire."/>
      <isExample value="false"/>
    </resource>
    <resource>
      <extension url="http://hl7.org/fhir/tools/StructureDefinition/resource-information">
        <valueString value="ValueSet"/>
      </extension>
      <reference>
        <reference value="ValueSet/professionalcode-valueset"/>
      </reference>
      <name value="ValueSet of Professional Code"/>
      <description value="This ValueSet is integral to the Molic-AVC project and details codes for professionals serving stroke patients in Brazil."/>
      <isExample value="false"/>
    </resource>
    <resource>
      <extension url="http://hl7.org/fhir/tools/StructureDefinition/resource-information">
        <valueString value="ValueSet"/>
      </extension>
      <reference>
        <reference value="ValueSet/SMRSqVS"/>
      </reference>
      <name value="ValueSet of simplified modified Ranking Scale questionnaire (SMRSq)"/>
      <description value="This ValueSet defines the response values for the simplified modified Ranking Scale questionnaire."/>
      <isExample value="false"/>
    </resource>
    <resource>
      <extension url="http://hl7.org/fhir/tools/StructureDefinition/resource-information">
        <valueString value="ValueSet"/>
      </extension>
      <reference>
        <reference value="ValueSet/SmokingStatusVS"/>
      </reference>
      <name value="ValueSet of Smoking Status"/>
      <description value="ValueSet for Smoking Status. A person's current and past smoking behavior."/>
      <isExample value="false"/>
    </resource>
    <resource>
      <extension url="http://hl7.org/fhir/tools/StructureDefinition/resource-information">
        <valueString value="ValueSet"/>
      </extension>
      <reference>
        <reference value="ValueSet/StrokeAmbVS"/>
      </reference>
      <name value="ValueSet of Prestroke and Poststroke Functional Status: Ambulation"/>
      <description value="This ValueSet defines the response values for the Prestroke and Poststroke Functional Status: Ambulation."/>
      <isExample value="false"/>
    </resource>
    <resource>
      <extension url="http://hl7.org/fhir/tools/StructureDefinition/resource-information">
        <valueString value="ValueSet"/>
      </extension>
      <reference>
        <reference value="ValueSet/StrokeDressingVS"/>
      </reference>
      <name value="ValueSet of Prestroke and Poststroke Functional Status: Dressing"/>
      <description value="This ValueSet defines the response values for the Prestroke and Poststroke Functional Status: Dressing."/>
      <isExample value="false"/>
    </resource>
    <resource>
      <extension url="http://hl7.org/fhir/tools/StructureDefinition/resource-information">
        <valueString value="ValueSet"/>
      </extension>
      <reference>
        <reference value="ValueSet/StrokeSevLocVS"/>
      </reference>
      <name value="ValueSet Categorizing the State of Consciousness according to the ICHOM standard."/>
      <description value="This ValueSet is based on the ICHOM standard and it indicates the patient's state of consciousness as measured upon arrival at the reference hospital."/>
      <isExample value="false"/>
    </resource>
    <resource>
      <extension url="http://hl7.org/fhir/tools/StructureDefinition/resource-information">
        <valueString value="ValueSet"/>
      </extension>
      <reference>
        <reference value="ValueSet/StrokeToiletingVS"/>
      </reference>
      <name value="ValueSet of Prestroke and Poststroke Functional Status: Toileting"/>
      <description value="This ValueSet defines the response values for the Prestroke and Poststroke Functional Status: Toileting."/>
      <isExample value="false"/>
    </resource>
    <resource>
      <extension url="http://hl7.org/fhir/tools/StructureDefinition/resource-information">
        <valueString value="ValueSet"/>
      </extension>
      <reference>
        <reference value="ValueSet/StrokeTypeVS"/>
      </reference>
      <name value="ValueSet for stroke type based on ICHOM"/>
      <description value="This ValueSet aims to categorize the stroke type according to the ICHOM standard."/>
      <isExample value="false"/>
    </resource>
    <resource>
      <extension url="http://hl7.org/fhir/tools/StructureDefinition/resource-information">
        <valueString value="ValueSet"/>
      </extension>
      <reference>
        <reference value="ValueSet/SymtDurVS"/>
      </reference>
      <name value="ValueSet Categorizing the Duration of Stroke Symptoms"/>
      <description value="ValueSet that categorizes the duration of stroke symptoms, considering the time from symptom onset to admission at the reference hospital."/>
      <isExample value="false"/>
    </resource>
    <resource>
      <extension url="http://hl7.org/fhir/tools/StructureDefinition/resource-information">
        <valueString value="Patient"/>
      </extension>
      <reference>
        <reference value="Patient/123.456.789-00"/>
      </reference>
      <name value="Use case of Stroke Patient"/>
      <description value="This case study presents a patient profile. The profile extends the FHIR Patient &#xA;resource with specialized extensions to capture essential data."/>
      <profile value="https://molic-avc.gabriellesantosleandro.com/StructureDefinition/StrokePatient"/>
      <profile value="https://molic-avc.gabriellesantosleandro.com/StructureDefinition/StrokePatient"/>
    </resource>
    <resource>
      <extension url="http://hl7.org/fhir/tools/StructureDefinition/resource-information">
        <valueString value="Questionnaire"/>
      </extension>
      <reference>
        <reference value="Questionnaire/ClinicalResponseAnnualUpdate"/>
      </reference>
      <name value="Clinical Response Questionnaire 04 - Annual Follow-up"/>
      <description value="This questionnaire is meant to assess the clinical response in stroke patients at annual follow-up, from 1 year to 5 years post admission."/>
      <isExample value="false"/>
    </resource>
    <resource>
      <extension url="http://hl7.org/fhir/tools/StructureDefinition/resource-information">
        <valueString value="Questionnaire"/>
      </extension>
      <reference>
        <reference value="Questionnaire/ClinicalResponseBaseline"/>
      </reference>
      <name value="Clinical Response Questionnaire 01 - Baseline"/>
      <description value="This questionnaire is meant to assess the clinical response in stroke patients at the initial point of assessment, which would be the first doctor's visit."/>
      <isExample value="false"/>
    </resource>
    <resource>
      <extension url="http://hl7.org/fhir/tools/StructureDefinition/resource-information">
        <valueString value="Questionnaire"/>
      </extension>
      <reference>
        <reference value="Questionnaire/ClinicalResponseDischargeOrSevenDays"/>
      </reference>
      <name value="Clinical Response Questionnaire 02 - Discharge or 7 days post admission"/>
      <description value="This questionnaire is meant to assess the clinical response in stroke patients at the patient discharge or 7 days post admission, whichever comes first."/>
      <isExample value="false"/>
    </resource>
    <resource>
      <extension url="http://hl7.org/fhir/tools/StructureDefinition/resource-information">
        <valueString value="Questionnaire"/>
      </extension>
      <reference>
        <reference value="Questionnaire/ClinicalResponseNinetyDays"/>
      </reference>
      <name value="Clinical Response Questionnaire 03 - 90 days post admission"/>
      <description value="This questionnaire is meant to assess the clinical response in stroke patients at 90 days post admission."/>
      <isExample value="false"/>
    </resource>
    <resource>
      <extension url="http://hl7.org/fhir/tools/StructureDefinition/resource-information">
        <valueString value="Practitioner"/>
      </extension>
      <reference>
        <reference value="Practitioner/MolicAVC-DoctorExample"/>
      </reference>
      <name value="Use case of Molic-AVC's Practitioner"/>
      <description value="Example instance of a doctor in the Molic-AVC project."/>
      <profile value="https://molic-avc.gabriellesantosleandro.com/StructureDefinition/molicavc-practitioner-profile"/>
      <profile value="https://molic-avc.gabriellesantosleandro.com/StructureDefinition/molicavc-practitioner-profile"/>
    </resource>
    <resource>
      <extension url="http://hl7.org/fhir/tools/StructureDefinition/resource-information">
        <valueString value="Encounter"/>
      </extension>
      <reference>
        <reference value="Encounter/MolicAVC-EncouterExample"/>
      </reference>
      <name value="Use case of Molic-AVC's Encounter"/>
      <description value="Example instance of an encounter for a patient admitted due to a stroke."/>
      <profile value="https://molic-avc.gabriellesantosleandro.com/StructureDefinition/molicavc-encounter-profile"/>
      <profile value="https://molic-avc.gabriellesantosleandro.com/StructureDefinition/molicavc-encounter-profile"/>
    </resource>
    <resource>
      <extension url="http://hl7.org/fhir/tools/StructureDefinition/resource-information">
        <valueString value="Organization"/>
      </extension>
      <reference>
        <reference value="Organization/MolicAVC-OrganizationExample"/>
      </reference>
      <name value="Use case of Molic-AVC's Organization"/>
      <description value="Example instance of an Organization in the Molic-AVC project."/>
      <profile value="https://molic-avc.gabriellesantosleandro.com/StructureDefinition/molicavc-organization-profile"/>
      <profile value="https://molic-avc.gabriellesantosleandro.com/StructureDefinition/molicavc-organization-profile"/>
    </resource>
    <resource>
      <extension url="http://hl7.org/fhir/tools/StructureDefinition/resource-information">
        <valueString value="Questionnaire"/>
      </extension>
      <reference>
        <reference value="Questionnaire/PatientReportedBaseline"/>
      </reference>
      <name value="Patient Reported Questionnaire 01 - Baseline"/>
      <description value="This questionnaire is designed to assess the patient-reported response in stroke patients at the initial point of assessment."/>
      <isExample value="false"/>
    </resource>
    <resource>
      <extension url="http://hl7.org/fhir/tools/StructureDefinition/resource-information">
        <valueString value="Questionnaire"/>
      </extension>
      <reference>
        <reference value="Questionnaire/PatientReportedDischargeOrSevenDays"/>
      </reference>
      <name value="Patient Reported Questionnaire 02 - Discharge or 7 days post admission"/>
      <description value="This questionnaire is designed to assess the patient-reported response in stroke at the patient discharge or 7 days post admission, whichever comes first."/>
      <isExample value="false"/>
    </resource>
    <resource>
      <extension url="http://hl7.org/fhir/tools/StructureDefinition/resource-information">
        <valueString value="Questionnaire"/>
      </extension>
      <reference>
        <reference value="Questionnaire/PatientReportedNinetyDays"/>
      </reference>
      <name value="Patient Reported Questionnaire 03 - 90 days post admission"/>
      <description value="This questionnaire is designed to assess the patient-reported response in stroke at 90 days post admission."/>
      <isExample value="false"/>
    </resource>
    <page>
      <sourceUrl value="toc.html"/>
      <name value="toc.html"/>
      <title value="Table of Contents"/>
      <generation value="html"/>
      <page>
        <sourceUrl value="index.html"/>
        <name value="index.html"/>
        <title value="Home"/>
        <generation value="markdown"/>
      </page>
      <page>
        <sourceUrl value="fhir.html"/>
        <name value="fhir.html"/>
        <title value="FHIR"/>
        <generation value="markdown"/>
      </page>
      <page>
        <sourceUrl value="ichom.html"/>
        <name value="ichom.html"/>
        <title value="ICHOM"/>
        <generation value="markdown"/>
      </page>
      <page>
        <sourceUrl value="lc-avc-bpmn.html"/>
        <name value="lc-avc-bpmn.html"/>
        <title value="Stroke-CP (BPMN)"/>
        <generation value="markdown"/>
      </page>
      <page>
        <sourceUrl value="data-dictionary.html"/>
        <name value="data-dictionary.html"/>
        <title value="Data Dictionary"/>
        <generation value="markdown"/>
      </page>
      <page>
        <sourceUrl value="paper.html"/>
        <name value="paper.html"/>
        <title value="Paper"/>
        <generation value="markdown"/>
      </page>
      <page>
        <sourceUrl value="downloads.html"/>
        <name value="downloads.html"/>
        <title value="Downloads"/>
        <generation value="markdown"/>
      </page>
      <page>
        <sourceUrl value="security.html"/>
        <name value="security.html"/>
        <title value="Security"/>
        <generation value="markdown"/>
      </page>
    </page>
    <parameter>
      <code>
        <system value="http://hl7.org/fhir/tools/CodeSystem/ig-parameters"/>
        <code value="copyrightyear"/>
      </code>
      <value value="2023+"/>
    </parameter>
    <parameter>
      <code>
        <system value="http://hl7.org/fhir/tools/CodeSystem/ig-parameters"/>
        <code value="releaselabel"/>
      </code>
      <value value="ci-build"/>
    </parameter>
    <parameter>
      <code>
        <system value="http://hl7.org/fhir/tools/CodeSystem/ig-parameters"/>
        <code value="usage-stats-opt-out"/>
      </code>
      <value value="true"/>
    </parameter>
    <parameter>
      <code>
        <system value="http://hl7.org/fhir/tools/CodeSystem/ig-parameters"/>
        <code value="show-inherited-invariants"/>
      </code>
      <value value="false"/>
    </parameter>
    <parameter>
      <code>
        <system value="http://hl7.org/fhir/tools/CodeSystem/ig-parameters"/>
        <code value="shownav"/>
      </code>
      <value value="true"/>
    </parameter>
    <parameter>
      <code>
        <system value="http://hl7.org/fhir/tools/CodeSystem/ig-parameters"/>
        <code value="autoload-resources"/>
      </code>
      <value value="true"/>
    </parameter>
    <parameter>
      <code>
        <system value="http://hl7.org/fhir/guide-parameter-code"/>
        <code value="path-resource"/>
      </code>
      <value value="input/capabilities"/>
    </parameter>
    <parameter>
      <code>
        <system value="http://hl7.org/fhir/guide-parameter-code"/>
        <code value="path-resource"/>
      </code>
      <value value="input/examples"/>
    </parameter>
    <parameter>
      <code>
        <system value="http://hl7.org/fhir/guide-parameter-code"/>
        <code value="path-resource"/>
      </code>
      <value value="input/extensions"/>
    </parameter>
    <parameter>
      <code>
        <system value="http://hl7.org/fhir/guide-parameter-code"/>
        <code value="path-resource"/>
      </code>
      <value value="input/models"/>
    </parameter>
    <parameter>
      <code>
        <system value="http://hl7.org/fhir/guide-parameter-code"/>
        <code value="path-resource"/>
      </code>
      <value value="input/operations"/>
    </parameter>
    <parameter>
      <code>
        <system value="http://hl7.org/fhir/guide-parameter-code"/>
        <code value="path-resource"/>
      </code>
      <value value="input/profiles"/>
    </parameter>
    <parameter>
      <code>
        <system value="http://hl7.org/fhir/guide-parameter-code"/>
        <code value="path-resource"/>
      </code>
      <value value="input/resources"/>
    </parameter>
    <parameter>
      <code>
        <system value="http://hl7.org/fhir/guide-parameter-code"/>
        <code value="path-resource"/>
      </code>
      <value value="input/vocabulary"/>
    </parameter>
    <parameter>
      <code>
        <system value="http://hl7.org/fhir/guide-parameter-code"/>
        <code value="path-resource"/>
      </code>
      <value value="input/maps"/>
    </parameter>
    <parameter>
      <code>
        <system value="http://hl7.org/fhir/guide-parameter-code"/>
        <code value="path-resource"/>
      </code>
      <value value="input/testing"/>
    </parameter>
    <parameter>
      <code>
        <system value="http://hl7.org/fhir/guide-parameter-code"/>
        <code value="path-resource"/>
      </code>
      <value value="input/history"/>
    </parameter>
    <parameter>
      <code>
        <system value="http://hl7.org/fhir/guide-parameter-code"/>
        <code value="path-resource"/>
      </code>
      <value value="fsh-generated/resources"/>
    </parameter>
    <parameter>
      <code>
        <system value="http://hl7.org/fhir/guide-parameter-code"/>
        <code value="path-pages"/>
      </code>
      <value value="template/config"/>
    </parameter>
    <parameter>
      <code>
        <system value="http://hl7.org/fhir/guide-parameter-code"/>
        <code value="path-pages"/>
      </code>
      <value value="input/images"/>
    </parameter>
    <parameter>
      <code>
        <system value="http://hl7.org/fhir/tools/CodeSystem/ig-parameters"/>
        <code value="path-liquid"/>
      </code>
      <value value="template/liquid"/>
    </parameter>
    <parameter>
      <code>
        <system value="http://hl7.org/fhir/tools/CodeSystem/ig-parameters"/>
        <code value="path-liquid"/>
      </code>
      <value value="input/liquid"/>
    </parameter>
    <parameter>
      <code>
        <system value="http://hl7.org/fhir/tools/CodeSystem/ig-parameters"/>
        <code value="path-qa"/>
      </code>
      <value value="temp/qa"/>
    </parameter>
    <parameter>
      <code>
        <system value="http://hl7.org/fhir/tools/CodeSystem/ig-parameters"/>
        <code value="path-temp"/>
      </code>
      <value value="temp/pages"/>
    </parameter>
    <parameter>
      <code>
        <system value="http://hl7.org/fhir/tools/CodeSystem/ig-parameters"/>
        <code value="path-output"/>
      </code>
      <value value="output"/>
    </parameter>
    <parameter>
      <code>
        <system value="http://hl7.org/fhir/guide-parameter-code"/>
        <code value="path-tx-cache"/>
      </code>
      <value value="input-cache/txcache"/>
    </parameter>
    <parameter>
      <code>
        <system value="http://hl7.org/fhir/tools/CodeSystem/ig-parameters"/>
        <code value="path-suppressed-warnings"/>
      </code>
      <value value="input/ignoreWarnings.txt"/>
    </parameter>
    <parameter>
      <code>
        <system value="http://hl7.org/fhir/tools/CodeSystem/ig-parameters"/>
        <code value="path-history"/>
      </code>
      <value value="https://molic-avc.gabriellesantosleandro.com/history.html"/>
    </parameter>
    <parameter>
      <code>
        <system value="http://hl7.org/fhir/tools/CodeSystem/ig-parameters"/>
        <code value="template-html"/>
      </code>
      <value value="template-page.html"/>
    </parameter>
    <parameter>
      <code>
        <system value="http://hl7.org/fhir/tools/CodeSystem/ig-parameters"/>
        <code value="template-md"/>
      </code>
      <value value="template-page-md.html"/>
    </parameter>
    <parameter>
      <code>
        <system value="http://hl7.org/fhir/tools/CodeSystem/ig-parameters"/>
        <code value="apply-contact"/>
      </code>
      <value value="true"/>
    </parameter>
    <parameter>
      <code>
        <system value="http://hl7.org/fhir/tools/CodeSystem/ig-parameters"/>
        <code value="apply-context"/>
      </code>
      <value value="true"/>
    </parameter>
    <parameter>
      <code>
        <system value="http://hl7.org/fhir/tools/CodeSystem/ig-parameters"/>
        <code value="apply-copyright"/>
      </code>
      <value value="true"/>
    </parameter>
    <parameter>
      <code>
        <system value="http://hl7.org/fhir/tools/CodeSystem/ig-parameters"/>
        <code value="apply-jurisdiction"/>
      </code>
      <value value="true"/>
    </parameter>
    <parameter>
      <code>
        <system value="http://hl7.org/fhir/tools/CodeSystem/ig-parameters"/>
        <code value="apply-license"/>
      </code>
      <value value="true"/>
    </parameter>
    <parameter>
      <code>
        <system value="http://hl7.org/fhir/tools/CodeSystem/ig-parameters"/>
        <code value="apply-publisher"/>
      </code>
      <value value="true"/>
    </parameter>
    <parameter>
      <code>
        <system value="http://hl7.org/fhir/tools/CodeSystem/ig-parameters"/>
        <code value="apply-version"/>
      </code>
      <value value="true"/>
    </parameter>
    <parameter>
      <code>
        <system value="http://hl7.org/fhir/tools/CodeSystem/ig-parameters"/>
        <code value="apply-wg"/>
      </code>
      <value value="true"/>
    </parameter>
    <parameter>
      <code>
        <system value="http://hl7.org/fhir/tools/CodeSystem/ig-parameters"/>
        <code value="active-tables"/>
      </code>
      <value value="true"/>
    </parameter>
    <parameter>
      <code>
        <system value="http://hl7.org/fhir/tools/CodeSystem/ig-parameters"/>
        <code value="fmm-definition"/>
      </code>
      <value value="http://hl7.org/fhir/versions.html#maturity"/>
    </parameter>
    <parameter>
      <code>
        <system value="http://hl7.org/fhir/tools/CodeSystem/ig-parameters"/>
        <code value="propagate-status"/>
      </code>
      <value value="true"/>
    </parameter>
    <parameter>
      <code>
        <system value="http://hl7.org/fhir/tools/CodeSystem/ig-parameters"/>
        <code value="excludelogbinaryformat"/>
      </code>
      <value value="true"/>
    </parameter>
    <parameter>
      <code>
        <system value="http://hl7.org/fhir/tools/CodeSystem/ig-parameters"/>
        <code value="tabbed-snapshots"/>
      </code>
      <value value="true"/>
    </parameter>
  </definition>
</ImplementationGuide>