<?xml version="1.0" encoding="UTF-8"?>

<Patient xmlns="http://hl7.org/fhir">
  <id value="123.456.789-00"/>
  <meta>
    <profile value="https://molic-avc.gabriellesantosleandro.com/StructureDefinition/StrokePatient"/>
  </meta>
  <text>
    <status value="generated"/><div xmlns="http://www.w3.org/1999/xhtml"><p style="border: 1px #661aff solid; background-color: #e6e6ff; padding: 10px;"><b>João da Silva(OFFICIAL)</b> male, DoB: 1960-01-01 ( id: 123.456.789-00 (use: OFFICIAL))</p><hr/><table class="grid"><tr><td style="background-color: #f3f5da" title="Record is active">Active:</td><td colspan="3">true</td></tr><tr><td style="background-color: #f3f5da" title="Ways to contact the Patient">Contact Detail:</td><td colspan="3">Rua das Flores, 123, Bairro Jardim, Cidade Maravilhosa, Estado, 12345-678(HOME)</td></tr><tr><td style="background-color: #f3f5da" title="Represents the race of a patient. This extension is aligned with USCore."><a href="StructureDefinition-RaceExtension.html">Extension of Race:</a></td><td colspan="3"><ul><li><span title="Codes: {http://terminology.hl7.org/CodeSystem/v3-Race 2076-8}">Native Hawaiian or Other Pacific Islander</span></li></ul></td></tr><tr><td style="background-color: #f3f5da" title="An extension to capture the patient's residence prior to a stroke event, based on the ICHOM code."><a href="StructureDefinition-LivingLocPreExtension.html">Extension of Patient's Residence Prior to a Stroke:</a></td><td colspan="3"><ul><li><span title="Codes: ">At home, with no community support</span></li></ul></td></tr><tr><td style="background-color: #f3f5da" title="Extension indicating whether a patient lived alone prior to a stroke event based on ICHOM terminology."><a href="StructureDefinition-LiveAlonePreExtension.html">Extension of Live Alone Pre-Stroke:</a></td><td colspan="3"><ul><li><span title="Codes: ">No, I shared my household with a spouse/partner or another person (e.g. sibling, children, parents)</span></li></ul></td></tr><tr><td style="background-color: #f3f5da" title="Extension to capture the patient's ethnicity which represents their cultural background or heritage. Although optional, ICHOM strongly encourages collecting this inclusive information."><a href="StructureDefinition-EthnicityExtension.html">Extension of Patient Ethnicity:</a></td><td colspan="3"><ul><li><span title="Codes: {http://terminology.hl7.org/CodeSystem/v3-Ethnicity 2135-2}">Hispanic or Latino</span></li></ul></td></tr><tr><td style="background-color: #f3f5da" title="The patient's gender."><a href="StructureDefinition-GenderIdentityExtension.html">Extension of Patient Gender Identity:</a></td><td colspan="3"><ul><li><span title="Codes: ">Identifies as male</span></li></ul></td></tr></table></div>
  </text>
  <extension url="https://molic-avc.gabriellesantosleandro.com/StructureDefinition/GenderIdentityExtension">
    <valueCodeableConcept>
      <coding>
        <code value="LA22878-5"/>
        <display value="Identifies as male"/>
      </coding>
    </valueCodeableConcept>
  </extension>
  <extension url="https://molic-avc.gabriellesantosleandro.com/StructureDefinition/EthnicityExtension">
    <valueCodeableConcept>
      <coding>
        <system value="http://terminology.hl7.org/CodeSystem/v3-Ethnicity"/>
        <code value="2135-2"/>
      </coding>
    </valueCodeableConcept>
  </extension>
  <extension url="https://molic-avc.gabriellesantosleandro.com/StructureDefinition/RaceExtension">
    <valueCodeableConcept>
      <coding>
        <system value="http://terminology.hl7.org/CodeSystem/v3-Race"/>
        <code value="2076-8"/>
      </coding>
    </valueCodeableConcept>
  </extension>
  <extension url="https://molic-avc.gabriellesantosleandro.com/StructureDefinition/LivingLocPreExtension">
    <valueCodeableConcept>
      <coding>
        <code value="1"/>
        <display value="At home, with no community support"/>
      </coding>
    </valueCodeableConcept>
  </extension>
  <extension url="https://molic-avc.gabriellesantosleandro.com/StructureDefinition/LiveAlonePreExtension">
    <valueCodeableConcept>
      <coding>
        <code value="2"/>
        <display value="No, I shared my household with a spouse/partner or another person (e.g. sibling, children, parents)"/>
      </coding>
    </valueCodeableConcept>
  </extension>
  <identifier>
    <use value="official"/>
    <system value="https://rnds-fhir.saude.gov.br/NamingSystem/cpf"/>
    <value value="123.456.789-00"/>
  </identifier>
  <active value="true"/>
  <name>
    <use value="official"/>
    <text value="João da Silva"/>
  </name>
  <gender value="male"/>
  <birthDate value="1960-01-01"/>
  <address>
    <use value="home"/>
    <type value="physical"/>
    <text value="Rua das Flores, 123, Bairro Jardim, Cidade Maravilhosa, Estado, 12345-678"/>
    <city value="Joinville"/>
    <state value="Santa Catarina"/>
    <postalCode value="89.200-000"/>
    <country value="Brasil"/>
  </address>
</Patient>