<?xml version="1.0" encoding="UTF-8"?>

<Questionnaire xmlns="http://hl7.org/fhir">
  <id value="MolicAVC-VR12Questionnaire"/>
  <meta>
    <profile value="https://molic-avc.gabriellesantosleandro.com/StructureDefinition/molicavc-questionnaire-profile"/>
  </meta>
  <text>
    <status value="generated"/><div xmlns="http://www.w3.org/1999/xhtml">Placeholder</div>
  </text>
  <url value="https://molic-avc.gabriellesantosleandro.com/Questionnaire/MolicAVC-VR12Questionnaire"/>
  <identifier>
    <use value="official"/>
    <value value="VR-12"/>
    <assigner>
      <reference value="ICHOM"/>
    </assigner>
  </identifier>
  <version value="0.1.0"/>
  <name value="vr12"/>
  <title value="VR-12 (Veterans RAND 12 Item Health Survey)"/>
  <status value="draft"/>
  <date value="2023-09-08T18:23:11-03:00"/>
  <publisher value="Gabrielle dos Santos Leandro"/>
  <contact>
    <name value="Gabrielle dos Santos Leandro"/>
    <telecom>
      <system value="url"/>
      <value value="https://molic-avc.gabriellesantosleandro.com"/>
    </telecom>
  </contact>
  <description value="The VR-12 survey inquires about one's general health status and well-being. It covers areas such &#xD;&#xA;as physical functioning, bodily pain, general health perceptions, vitality, social functioning, emotional roles, &#xD;&#xA;and mental health. Derived from the SF-36 and tailored for the veteran population, it offers insights into how &#xD;&#xA;health impacts an individual's day-to-day life. These questions are about how the patient feels and how things have &#xD;&#xA;been with you during the past 4 weeks."/>
  <item>
    <linkId value="Question 1 of VR-12 - GH1"/>
    <text value="In general, would you say your health is:"/>
    <type value="question"/>
    <answerValueSet value="http://molic-avc.gabriellesantosleandro.com/ValueSet/molicavc-vr12-valueset"/>
    <answerOption>
      <valueCoding>
        <code value="1"/>
      </valueCoding>
    </answerOption>
    <answerOption>
      <valueCoding>
        <code value="2"/>
      </valueCoding>
    </answerOption>
    <answerOption>
      <valueCoding>
        <code value="3"/>
      </valueCoding>
    </answerOption>
    <answerOption>
      <valueCoding>
        <code value="4"/>
      </valueCoding>
    </answerOption>
    <answerOption>
      <valueCoding>
        <code value="5"/>
      </valueCoding>
    </answerOption>
  </item>
  <item>
    <linkId value="Question 6a of VR-12 - MH3"/>
    <text value="Have you felt calm and peaceful?"/>
    <type value="question"/>
    <answerValueSet value="http://molic-avc.gabriellesantosleandro.com/ValueSet/molicavc-vr12-valueset"/>
    <answerOption>
      <valueCoding>
        <code value="6"/>
      </valueCoding>
    </answerOption>
    <answerOption>
      <valueCoding>
        <code value="7"/>
      </valueCoding>
    </answerOption>
    <answerOption>
      <valueCoding>
        <code value="8"/>
      </valueCoding>
    </answerOption>
    <answerOption>
      <valueCoding>
        <code value="9"/>
      </valueCoding>
    </answerOption>
    <answerOption>
      <valueCoding>
        <code value="10"/>
      </valueCoding>
    </answerOption>
    <answerOption>
      <valueCoding>
        <code value="11"/>
      </valueCoding>
    </answerOption>
  </item>
  <item>
    <linkId value="Question 6c of VR-12 - MH4"/>
    <text value="Have you felt downhearted and blue?"/>
    <type value="question"/>
    <answerValueSet value="http://molic-avc.gabriellesantosleandro.com/ValueSet/molicavc-vr12-valueset"/>
    <answerOption>
      <valueCoding>
        <code value="6"/>
      </valueCoding>
    </answerOption>
    <answerOption>
      <valueCoding>
        <code value="7"/>
      </valueCoding>
    </answerOption>
    <answerOption>
      <valueCoding>
        <code value="8"/>
      </valueCoding>
    </answerOption>
    <answerOption>
      <valueCoding>
        <code value="9"/>
      </valueCoding>
    </answerOption>
    <answerOption>
      <valueCoding>
        <code value="10"/>
      </valueCoding>
    </answerOption>
    <answerOption>
      <valueCoding>
        <code value="11"/>
      </valueCoding>
    </answerOption>
  </item>
  <item>
    <linkId value="Question 2a of VR-12 - PF2"/>
    <text value="The following items are about activities you might do during a typical day. Does our health&#xD;&#xA;now limit you in these activities? If so, how much? a. Moderate activities, such as moving a table, pushing a &#xD;&#xA;vacuum cleaner, bowling, or playing golf."/>
    <type value="question"/>
    <answerValueSet value="http://molic-avc.gabriellesantosleandro.com/ValueSet/molicavc-vr12-valueset"/>
    <answerOption>
      <valueCoding>
        <code value="12"/>
      </valueCoding>
    </answerOption>
    <answerOption>
      <valueCoding>
        <code value="13"/>
      </valueCoding>
    </answerOption>
    <answerOption>
      <valueCoding>
        <code value="14"/>
      </valueCoding>
    </answerOption>
  </item>
  <item>
    <linkId value="Question 2b of VR-12 - PF4"/>
    <text value="b. Climbing several flights of stairs"/>
    <type value="question"/>
    <answerValueSet value="http://molic-avc.gabriellesantosleandro.com/ValueSet/molicavc-vr12-valueset"/>
    <answerOption>
      <valueCoding>
        <code value="12"/>
      </valueCoding>
    </answerOption>
    <answerOption>
      <valueCoding>
        <code value="13"/>
      </valueCoding>
    </answerOption>
    <answerOption>
      <valueCoding>
        <code value="14"/>
      </valueCoding>
    </answerOption>
  </item>
  <item>
    <linkId value="Question 7 of VR-12 - SF2"/>
    <text value="During the past 4 weeks, how much of the time has your physical health or emotional&#xD;&#xA;problems interfered with your social activities (like visiting with friends, relatives, etc.)?"/>
    <type value="question"/>
    <answerValueSet value="http://molic-avc.gabriellesantosleandro.com/ValueSet/molicavc-vr12-valueset"/>
    <answerOption>
      <valueCoding>
        <code value="6"/>
      </valueCoding>
    </answerOption>
    <answerOption>
      <valueCoding>
        <code value="7"/>
      </valueCoding>
    </answerOption>
    <answerOption>
      <valueCoding>
        <code value="9"/>
      </valueCoding>
    </answerOption>
    <answerOption>
      <valueCoding>
        <code value="10"/>
      </valueCoding>
    </answerOption>
    <answerOption>
      <valueCoding>
        <code value="11"/>
      </valueCoding>
    </answerOption>
  </item>
  <item>
    <linkId value="Question 8 of VR-12 - VR12_Qo8"/>
    <text value="Now, we'd like to ask you some questions about how your health may have changed.&#xD;&#xA;Compared to one year ago, how would you rate your physical health in general now?"/>
    <type value="question"/>
    <answerValueSet value="http://molic-avc.gabriellesantosleandro.com/ValueSet/molicavc-vr12-valueset"/>
    <answerOption>
      <valueCoding>
        <code value="15"/>
      </valueCoding>
    </answerOption>
    <answerOption>
      <valueCoding>
        <code value="16"/>
      </valueCoding>
    </answerOption>
    <answerOption>
      <valueCoding>
        <code value="17"/>
      </valueCoding>
    </answerOption>
    <answerOption>
      <valueCoding>
        <code value="18"/>
      </valueCoding>
    </answerOption>
    <answerOption>
      <valueCoding>
        <code value="19"/>
      </valueCoding>
    </answerOption>
  </item>
  <item>
    <linkId value="Question 9 of VR-12 - VR12_Q09"/>
    <text value="Compared to one year ago, how would you rate your emotional health (such as feeling&#xD;&#xA;anxious, depressed, or irritable) in general now?"/>
    <type value="question"/>
    <answerValueSet value="http://molic-avc.gabriellesantosleandro.com/ValueSet/molicavc-vr12-valueset"/>
    <answerOption>
      <valueCoding>
        <code value="15"/>
      </valueCoding>
    </answerOption>
    <answerOption>
      <valueCoding>
        <code value="16"/>
      </valueCoding>
    </answerOption>
    <answerOption>
      <valueCoding>
        <code value="17"/>
      </valueCoding>
    </answerOption>
    <answerOption>
      <valueCoding>
        <code value="18"/>
      </valueCoding>
    </answerOption>
    <answerOption>
      <valueCoding>
        <code value="19"/>
      </valueCoding>
    </answerOption>
  </item>
  <item>
    <linkId value="Question 4a of VR-12 - VRE2"/>
    <text value="During the past 4 weeks, have you had any of the following problems with your work or&#xD;&#xA;other regular daily activities as a result of any emotional problems (such as feeling depressed or anxious)? &#xD;&#xA;a. Accomplished less than you would like"/>
    <type value="question"/>
    <answerValueSet value="http://molic-avc.gabriellesantosleandro.com/ValueSet/molicavc-vr12-valueset"/>
    <answerOption>
      <valueCoding>
        <code value="20"/>
      </valueCoding>
    </answerOption>
    <answerOption>
      <valueCoding>
        <code value="21"/>
      </valueCoding>
    </answerOption>
    <answerOption>
      <valueCoding>
        <code value="22"/>
      </valueCoding>
    </answerOption>
    <answerOption>
      <valueCoding>
        <code value="23"/>
      </valueCoding>
    </answerOption>
    <answerOption>
      <valueCoding>
        <code value="24"/>
      </valueCoding>
    </answerOption>
  </item>
  <item>
    <linkId value="Question 4b of VR-12 - VRE3"/>
    <text value="b. Didn't do work or other activities as carefully as usual"/>
    <type value="question"/>
    <answerValueSet value="http://molic-avc.gabriellesantosleandro.com/ValueSet/molicavc-vr12-valueset"/>
    <answerOption>
      <valueCoding>
        <code value="20"/>
      </valueCoding>
    </answerOption>
    <answerOption>
      <valueCoding>
        <code value="21"/>
      </valueCoding>
    </answerOption>
    <answerOption>
      <valueCoding>
        <code value="22"/>
      </valueCoding>
    </answerOption>
    <answerOption>
      <valueCoding>
        <code value="23"/>
      </valueCoding>
    </answerOption>
    <answerOption>
      <valueCoding>
        <code value="24"/>
      </valueCoding>
    </answerOption>
  </item>
  <item>
    <linkId value="Question 3a of VR-12 - VRP2"/>
    <text value="During the past 4 weeks, have you had any of the following problems with your work or&#xD;&#xA;other regular daily activities as a result of your physical health? a. Accomplished less than you would like."/>
    <type value="question"/>
    <answerValueSet value="http://molic-avc.gabriellesantosleandro.com/ValueSet/molicavc-vr12-valueset"/>
    <answerOption>
      <valueCoding>
        <code value="20"/>
      </valueCoding>
    </answerOption>
    <answerOption>
      <valueCoding>
        <code value="21"/>
      </valueCoding>
    </answerOption>
    <answerOption>
      <valueCoding>
        <code value="22"/>
      </valueCoding>
    </answerOption>
    <answerOption>
      <valueCoding>
        <code value="23"/>
      </valueCoding>
    </answerOption>
    <answerOption>
      <valueCoding>
        <code value="24"/>
      </valueCoding>
    </answerOption>
  </item>
  <item>
    <linkId value="Question 3b of VR-12 - VRP3"/>
    <text value="b. Were limited in the kind of work or other activities."/>
    <type value="question"/>
    <answerValueSet value="http://molic-avc.gabriellesantosleandro.com/ValueSet/molicavc-vr12-valueset"/>
    <answerOption>
      <valueCoding>
        <code value="20"/>
      </valueCoding>
    </answerOption>
    <answerOption>
      <valueCoding>
        <code value="21"/>
      </valueCoding>
    </answerOption>
    <answerOption>
      <valueCoding>
        <code value="22"/>
      </valueCoding>
    </answerOption>
    <answerOption>
      <valueCoding>
        <code value="23"/>
      </valueCoding>
    </answerOption>
    <answerOption>
      <valueCoding>
        <code value="24"/>
      </valueCoding>
    </answerOption>
  </item>
  <item>
    <linkId value="Question 6b of VR-12 - VT2"/>
    <text value="b. Did you have a lot of energy?"/>
    <type value="question"/>
    <answerValueSet value="http://molic-avc.gabriellesantosleandro.com/ValueSet/molicavc-vr12-valueset"/>
    <answerOption>
      <valueCoding>
        <code value="6"/>
      </valueCoding>
    </answerOption>
    <answerOption>
      <valueCoding>
        <code value="7"/>
      </valueCoding>
    </answerOption>
    <answerOption>
      <valueCoding>
        <code value="8"/>
      </valueCoding>
    </answerOption>
    <answerOption>
      <valueCoding>
        <code value="9"/>
      </valueCoding>
    </answerOption>
    <answerOption>
      <valueCoding>
        <code value="10"/>
      </valueCoding>
    </answerOption>
    <answerOption>
      <valueCoding>
        <code value="11"/>
      </valueCoding>
    </answerOption>
  </item>
</Questionnaire>