<?xml version="1.0" encoding="UTF-8"?>

<Questionnaire xmlns="http://hl7.org/fhir">
  <id value="MolicAVC-WHODASQuestionnaire"/>
  <meta>
    <profile value="https://molic-avc.gabriellesantosleandro.com/StructureDefinition/molicavc-questionnaire-profile"/>
  </meta>
  <text>
    <status value="generated"/><div xmlns="http://www.w3.org/1999/xhtml">Placeholder</div>
  </text>
  <url value="https://molic-avc.gabriellesantosleandro.com/Questionnaire/MolicAVC-WHODASQuestionnaire"/>
  <identifier>
    <use value="official"/>
    <value value="WHODAS"/>
    <assigner>
      <reference value="ICHOM"/>
    </assigner>
  </identifier>
  <version value="0.1.0"/>
  <name value="whodas20"/>
  <title value="Use case of Molic-AVC's WHODAS Questionnaire"/>
  <status value="draft"/>
  <date value="2023-09-08T18:23:11-03:00"/>
  <publisher value="Gabrielle dos Santos Leandro"/>
  <contact>
    <name value="Gabrielle dos Santos Leandro"/>
    <telecom>
      <system value="url"/>
      <value value="https://molic-avc.gabriellesantosleandro.com"/>
    </telecom>
  </contact>
  <description value="This questionnaire asks about difficulties due to health conditions. Health conditions include &#xD;&#xA;diseases or illnesses, other health problems that may be short or long lasting, injuries, mental or emotional &#xD;&#xA;problems, and problems with alcohol or drugs. Think back over the past 30 days and answer these questions, thinking &#xD;&#xA;about how much difficulty you had doing the following activities."/>
  <item>
    <linkId value="S1"/>
    <text value="In the past 30 days, how much difficulty did you have in standing for long periods such as 30 minutes?"/>
    <type value="question"/>
    <answerValueSet value="http://molic-avc.gabriellesantosleandro.com/ValueSet/molicavc-whodas-valueset"/>
    <answerOption>
      <valueCoding>
        <code value="0"/>
      </valueCoding>
    </answerOption>
    <answerOption>
      <valueCoding>
        <code value="1"/>
      </valueCoding>
    </answerOption>
    <answerOption>
      <valueCoding>
        <code value="2"/>
      </valueCoding>
    </answerOption>
    <answerOption>
      <valueCoding>
        <code value="3"/>
      </valueCoding>
    </answerOption>
    <answerOption>
      <valueCoding>
        <code value="4"/>
      </valueCoding>
    </answerOption>
  </item>
  <item>
    <linkId value="S2"/>
    <text value="In the past 30 days, how much difficulty did you have in taking care of your household responsibilities?"/>
    <type value="question"/>
    <answerValueSet value="http://molic-avc.gabriellesantosleandro.com/ValueSet/molicavc-whodas-valueset"/>
    <answerOption>
      <valueCoding>
        <code value="0"/>
      </valueCoding>
    </answerOption>
    <answerOption>
      <valueCoding>
        <code value="1"/>
      </valueCoding>
    </answerOption>
    <answerOption>
      <valueCoding>
        <code value="2"/>
      </valueCoding>
    </answerOption>
    <answerOption>
      <valueCoding>
        <code value="3"/>
      </valueCoding>
    </answerOption>
    <answerOption>
      <valueCoding>
        <code value="4"/>
      </valueCoding>
    </answerOption>
  </item>
  <item>
    <linkId value="S3"/>
    <text value="In the past 30 days, how much difficulty did you have in learning a new task, for example, learning how to get to a new place?"/>
    <type value="question"/>
    <answerValueSet value="http://molic-avc.gabriellesantosleandro.com/ValueSet/molicavc-whodas-valueset"/>
    <answerOption>
      <valueCoding>
        <code value="0"/>
      </valueCoding>
    </answerOption>
    <answerOption>
      <valueCoding>
        <code value="1"/>
      </valueCoding>
    </answerOption>
    <answerOption>
      <valueCoding>
        <code value="2"/>
      </valueCoding>
    </answerOption>
    <answerOption>
      <valueCoding>
        <code value="3"/>
      </valueCoding>
    </answerOption>
    <answerOption>
      <valueCoding>
        <code value="4"/>
      </valueCoding>
    </answerOption>
  </item>
  <item>
    <linkId value="S4"/>
    <text value="In the past 30 days, how much of a problem did you have joining in community activities (for example, festivities, religious or other activities) in the same way as anyone else can?"/>
    <type value="question"/>
    <answerValueSet value="http://molic-avc.gabriellesantosleandro.com/ValueSet/molicavc-whodas-valueset"/>
    <answerOption>
      <valueCoding>
        <code value="0"/>
      </valueCoding>
    </answerOption>
    <answerOption>
      <valueCoding>
        <code value="1"/>
      </valueCoding>
    </answerOption>
    <answerOption>
      <valueCoding>
        <code value="2"/>
      </valueCoding>
    </answerOption>
    <answerOption>
      <valueCoding>
        <code value="3"/>
      </valueCoding>
    </answerOption>
    <answerOption>
      <valueCoding>
        <code value="4"/>
      </valueCoding>
    </answerOption>
  </item>
  <item>
    <linkId value="S5"/>
    <text value="In the past 30 days, how much have you been emotionally affected by your health problems?"/>
    <type value="question"/>
    <answerValueSet value="http://molic-avc.gabriellesantosleandro.com/ValueSet/molicavc-whodas-valueset"/>
    <answerOption>
      <valueCoding>
        <code value="0"/>
      </valueCoding>
    </answerOption>
    <answerOption>
      <valueCoding>
        <code value="1"/>
      </valueCoding>
    </answerOption>
    <answerOption>
      <valueCoding>
        <code value="2"/>
      </valueCoding>
    </answerOption>
    <answerOption>
      <valueCoding>
        <code value="3"/>
      </valueCoding>
    </answerOption>
    <answerOption>
      <valueCoding>
        <code value="4"/>
      </valueCoding>
    </answerOption>
  </item>
  <item>
    <linkId value="S6"/>
    <text value="In the past 30 days, how much difficulty did you have in concentrating on doing something for ten minutes?"/>
    <type value="question"/>
    <answerValueSet value="http://molic-avc.gabriellesantosleandro.com/ValueSet/molicavc-whodas-valueset"/>
    <answerOption>
      <valueCoding>
        <code value="0"/>
      </valueCoding>
    </answerOption>
    <answerOption>
      <valueCoding>
        <code value="1"/>
      </valueCoding>
    </answerOption>
    <answerOption>
      <valueCoding>
        <code value="2"/>
      </valueCoding>
    </answerOption>
    <answerOption>
      <valueCoding>
        <code value="3"/>
      </valueCoding>
    </answerOption>
    <answerOption>
      <valueCoding>
        <code value="4"/>
      </valueCoding>
    </answerOption>
  </item>
  <item>
    <linkId value="S7"/>
    <text value="In the past 30 days, how much difficulty did you have in walking a long distance such as a kilometer [or equivalent]?"/>
    <type value="question"/>
    <answerValueSet value="http://molic-avc.gabriellesantosleandro.com/ValueSet/molicavc-whodas-valueset"/>
    <answerOption>
      <valueCoding>
        <code value="0"/>
      </valueCoding>
    </answerOption>
    <answerOption>
      <valueCoding>
        <code value="1"/>
      </valueCoding>
    </answerOption>
    <answerOption>
      <valueCoding>
        <code value="2"/>
      </valueCoding>
    </answerOption>
    <answerOption>
      <valueCoding>
        <code value="3"/>
      </valueCoding>
    </answerOption>
    <answerOption>
      <valueCoding>
        <code value="4"/>
      </valueCoding>
    </answerOption>
  </item>
  <item>
    <linkId value="S8"/>
    <text value="In the past 30 days, how much difficulty did you have in washing your whole body?"/>
    <type value="question"/>
    <answerValueSet value="http://molic-avc.gabriellesantosleandro.com/ValueSet/molicavc-whodas-valueset"/>
    <answerOption>
      <valueCoding>
        <code value="0"/>
      </valueCoding>
    </answerOption>
    <answerOption>
      <valueCoding>
        <code value="1"/>
      </valueCoding>
    </answerOption>
    <answerOption>
      <valueCoding>
        <code value="2"/>
      </valueCoding>
    </answerOption>
    <answerOption>
      <valueCoding>
        <code value="3"/>
      </valueCoding>
    </answerOption>
    <answerOption>
      <valueCoding>
        <code value="4"/>
      </valueCoding>
    </answerOption>
  </item>
  <item>
    <linkId value="S9"/>
    <text value="In the past 30 days, how much difficulty did you have in getting dressed?"/>
    <type value="question"/>
    <answerValueSet value="http://molic-avc.gabriellesantosleandro.com/ValueSet/molicavc-whodas-valueset"/>
    <answerOption>
      <valueCoding>
        <code value="0"/>
      </valueCoding>
    </answerOption>
    <answerOption>
      <valueCoding>
        <code value="1"/>
      </valueCoding>
    </answerOption>
    <answerOption>
      <valueCoding>
        <code value="2"/>
      </valueCoding>
    </answerOption>
    <answerOption>
      <valueCoding>
        <code value="3"/>
      </valueCoding>
    </answerOption>
    <answerOption>
      <valueCoding>
        <code value="4"/>
      </valueCoding>
    </answerOption>
  </item>
  <item>
    <linkId value="S10"/>
    <text value="In the past 30 days, how much difficulty did you have in dealing with people you do not know?"/>
    <type value="question"/>
    <answerValueSet value="http://molic-avc.gabriellesantosleandro.com/ValueSet/molicavc-whodas-valueset"/>
    <answerOption>
      <valueCoding>
        <code value="0"/>
      </valueCoding>
    </answerOption>
    <answerOption>
      <valueCoding>
        <code value="1"/>
      </valueCoding>
    </answerOption>
    <answerOption>
      <valueCoding>
        <code value="2"/>
      </valueCoding>
    </answerOption>
    <answerOption>
      <valueCoding>
        <code value="3"/>
      </valueCoding>
    </answerOption>
    <answerOption>
      <valueCoding>
        <code value="4"/>
      </valueCoding>
    </answerOption>
  </item>
  <item>
    <linkId value="S11"/>
    <text value="In the past 30 days, how much difficulty did you have in maintaining a friendship?"/>
    <type value="question"/>
    <answerValueSet value="http://molic-avc.gabriellesantosleandro.com/ValueSet/molicavc-whodas-valueset"/>
    <answerOption>
      <valueCoding>
        <code value="0"/>
      </valueCoding>
    </answerOption>
    <answerOption>
      <valueCoding>
        <code value="1"/>
      </valueCoding>
    </answerOption>
    <answerOption>
      <valueCoding>
        <code value="2"/>
      </valueCoding>
    </answerOption>
    <answerOption>
      <valueCoding>
        <code value="3"/>
      </valueCoding>
    </answerOption>
    <answerOption>
      <valueCoding>
        <code value="4"/>
      </valueCoding>
    </answerOption>
  </item>
  <item>
    <linkId value="S12"/>
    <text value="In the past 30 days, how much difficulty did you have in your day-to-day work?"/>
    <type value="question"/>
    <answerValueSet value="http://molic-avc.gabriellesantosleandro.com/ValueSet/molicavc-whodas-valueset"/>
    <answerOption>
      <valueCoding>
        <code value="0"/>
      </valueCoding>
    </answerOption>
    <answerOption>
      <valueCoding>
        <code value="1"/>
      </valueCoding>
    </answerOption>
    <answerOption>
      <valueCoding>
        <code value="2"/>
      </valueCoding>
    </answerOption>
    <answerOption>
      <valueCoding>
        <code value="3"/>
      </valueCoding>
    </answerOption>
    <answerOption>
      <valueCoding>
        <code value="4"/>
      </valueCoding>
    </answerOption>
  </item>
</Questionnaire>