<?xml version="1.0" encoding="UTF-8"?>

<ValueSet xmlns="http://hl7.org/fhir">
  <id value="molicavc-sex-valueset"/>
  <text>
    <status value="generated"/><div xmlns="http://www.w3.org/1999/xhtml">Placeholder</div>
  </text>
  <url value="https://molic-avc.gabriellesantosleandro.com/ValueSet/molicavc-sex-valueset"/>
  <version value="0.1.0"/>
  <name value="MolicAVC_SexValueSet"/>
  <title value="ValueSet of Sex based on ICHOM standard"/>
  <status value="draft"/>
  <date value="2023-09-08T18:23:11-03:00"/>
  <publisher value="Gabrielle dos Santos Leandro"/>
  <contact>
    <name value="Gabrielle dos Santos Leandro"/>
    <telecom>
      <system value="url"/>
      <value value="https://molic-avc.gabriellesantosleandro.com"/>
    </telecom>
  </contact>
  <description value="ValueSet for the patient's sex at birth according to the ICHOM standard."/>
  <compose>
    <include>
      <system value="https://connect.ichom.org/patient-centered-outcome-measures/stroke/sex/"/>
      <concept>
        <code value="1"/>
        <display value="Male"/>
      </concept>
      <concept>
        <code value="2"/>
        <display value="Female"/>
      </concept>
      <concept>
        <code value="3"/>
        <display value="Other"/>
      </concept>
      <concept>
        <code value="4"/>
        <display value="Undisclosed"/>
      </concept>
    </include>
  </compose>
</ValueSet>