<?xml version="1.0" encoding="UTF-8"?>

<ValueSet xmlns="http://hl7.org/fhir">
  <id value="EstStrokeSevNIHSSCatVS"/>
  <text>
    <status value="generated"/><div xmlns="http://www.w3.org/1999/xhtml"><ul><li>Include these codes as defined in <code>https://connect.ichom.org/patient-centered-outcome-measures/stroke/nihsscategory/</code><table class="none"><tr><td style="white-space:nowrap"><b>Code</b></td><td><b>Display</b></td></tr><tr><td>1</td><td>Sem sintomas de AVC | No stroke symptoms (NIHSS score = 0)</td></tr><tr><td>2</td><td>Menor | Minor (NIHSS score 1-4)</td></tr><tr><td>3</td><td>Moderado | Moderate (NIHSS score 5 – 15)</td></tr><tr><td>4</td><td>Moderado a Severo | Moderate to severe (NIHSS score 16 – 20)</td></tr><tr><td>5</td><td>Severo | Severe (NIHSS score 21 – 42)</td></tr><tr><td>999</td><td>Desconhecido | Unknown</td></tr></table></li></ul></div>
  </text>
  <url value="https://molic-avc.gabriellesantosleandro.com/ValueSet/EstStrokeSevNIHSSCatVS"/>
  <version value="1.0.1"/>
  <name value="EstStrokeSevNIHSSCatVS"/>
  <title value="ValueSet que categoriza a gravidade estimada do AVC por meio do NIHSS"/>
  <status value="active"/>
  <date value="2023-10-17T16:55:27-03:00"/>
  <publisher value="Gabrielle dos Santos Leandro"/>
  <contact>
    <name value="Gabrielle dos Santos Leandro"/>
    <telecom>
      <system value="url"/>
      <value value="https://gabriellesantosleandro.com"/>
    </telecom>
    <telecom>
      <system value="email"/>
      <value value="gabrielle.santos.leandro@gmail.com"/>
    </telecom>
  </contact>
  <contact>
    <name value="Gabrielle dos Santos Leandro"/>
    <telecom>
      <system value="url"/>
      <value value="https://gabriellesantosleandro.com.br"/>
      <use value="work"/>
    </telecom>
    <telecom>
      <system value="email"/>
      <value value="gabrielle.santos.leandro@gmail.com"/>
      <use value="work"/>
    </telecom>
  </contact>
  <description value="Este ValueSet tem por finalidade categorizar a gravidade do AVC baseando-se no National Institute of Health Stroke Scale (NIHSS)"/>
  <compose>
    <include>
      <system value="https://connect.ichom.org/patient-centered-outcome-measures/stroke/nihsscategory/"/>
      <concept>
        <code value="1"/>
        <display value="Sem sintomas de AVC | No stroke symptoms (NIHSS score = 0)"/>
      </concept>
      <concept>
        <code value="2"/>
        <display value="Menor | Minor (NIHSS score 1-4)"/>
      </concept>
      <concept>
        <code value="3"/>
        <display value="Moderado | Moderate (NIHSS score 5 – 15)"/>
      </concept>
      <concept>
        <code value="4"/>
        <display value="Moderado a Severo | Moderate to severe (NIHSS score 16 – 20)"/>
      </concept>
      <concept>
        <code value="5"/>
        <display value="Severo | Severe (NIHSS score 21 – 42)"/>
      </concept>
      <concept>
        <code value="999"/>
        <display value="Desconhecido | Unknown"/>
      </concept>
    </include>
  </compose>
</ValueSet>