<?xml version="1.0" encoding="UTF-8"?>

<ValueSet xmlns="http://hl7.org/fhir">
  <id value="StrokeToiletingVS"/>
  <text>
    <status value="generated"/><div xmlns="http://www.w3.org/1999/xhtml"><ul><li>Include these codes as defined in <a href="CodeSystem-StrokeFuncStatusCS.html"><code>https://molic-avc.gabriellesantosleandro.com/CodeSystem/StrokeFuncStatusCS</code></a><table class="none"><tr><td style="white-space:nowrap"><b>Code</b></td><td><b>Display</b></td></tr><tr><td><a href="CodeSystem-StrokeFuncStatusCS.html#StrokeFuncStatusCS-4">4</a></td><td>I could manage going to the toilet without assistance.</td></tr><tr><td><a href="CodeSystem-StrokeFuncStatusCS.html#StrokeFuncStatusCS-5">5</a></td><td>I needed help to go to the toilet.</td></tr></table></li></ul></div>
  </text>
  <url value="https://molic-avc.gabriellesantosleandro.com/ValueSet/StrokeToiletingVS"/>
  <version value="0.0.0"/>
  <name value="StrokeToiletingVS"/>
  <title value="Prestroke and Poststroke Functional Status: Toileting"/>
  <status value="active"/>
  <experimental value="false"/>
  <date value="2024-01-11T13:00:00-03:00"/>
  <publisher value="Gabrielle dos Santos Leandro"/>
  <contact>
    <name value="Gabrielle dos Santos Leandro"/>
    <telecom>
      <system value="url"/>
      <value value="https://gabriellesantosleandro.com"/>
    </telecom>
    <telecom>
      <system value="email"/>
      <value value="gabrielle.santos.leandro@gmail.com"/>
    </telecom>
  </contact>
  <contact>
    <name value="Gabrielle dos Santos Leandro"/>
    <telecom>
      <system value="url"/>
      <value value="https://gabriellesantosleandro.com.br"/>
      <use value="work"/>
    </telecom>
    <telecom>
      <system value="email"/>
      <value value="gabrielle.santos.leandro@gmail.com"/>
      <use value="work"/>
    </telecom>
  </contact>
  <description value="ValueSet that defines the response values for the Prestroke and Poststroke Functional Status: Toileting."/>
  <compose>
    <include>
      <system value="https://molic-avc.gabriellesantosleandro.com/CodeSystem/StrokeFuncStatusCS"/>
      <concept>
        <code value="4"/>
        <display value="I could manage going to the toilet without assistance."/>
      </concept>
      <concept>
        <code value="5"/>
        <display value="I needed help to go to the toilet."/>
      </concept>
    </include>
  </compose>
</ValueSet>