<?xml version="1.0" encoding="UTF-8"?>

<ValueSet xmlns="http://hl7.org/fhir">
  <id value="molicavc-promis10-valueset"/>
  <text>
    <status value="generated"/><div xmlns="http://www.w3.org/1999/xhtml">Placeholder</div>
  </text>
  <url value="https://molic-avc.gabriellesantosleandro.com/ValueSet/molicavc-promis10-valueset"/>
  <version value="0.1.0"/>
  <name value="MolicAVC_PROMIS10_ValueSet"/>
  <title value="ValueSet of PROMIS-10 Response Questionnaire"/>
  <status value="draft"/>
  <date value="2023-09-08T18:23:11-03:00"/>
  <publisher value="Gabrielle dos Santos Leandro"/>
  <contact>
    <name value="Gabrielle dos Santos Leandro"/>
    <telecom>
      <system value="url"/>
      <value value="https://molic-avc.gabriellesantosleandro.com"/>
    </telecom>
  </contact>
  <description value="This ValueSet defines the response values for the PROMIS-10 (Patient-Reported Outcomes Measurement Information System 10-item short form) Questionnaire."/>
  <compose>
    <include>
      <system value="https://connect.ichom.org/patient-centered-outcome-measures/stroke/promis10/"/>
      <concept>
        <code value="1"/>
        <display value="Poor"/>
      </concept>
      <concept>
        <code value="2"/>
        <display value="Fair"/>
      </concept>
      <concept>
        <code value="3"/>
        <display value="Good"/>
      </concept>
      <concept>
        <code value="4"/>
        <display value="Very Good"/>
      </concept>
      <concept>
        <code value="5"/>
        <display value="Excellent"/>
      </concept>
      <concept>
        <code value="6"/>
        <display value="Completely"/>
      </concept>
      <concept>
        <code value="7"/>
        <display value="Mostly"/>
      </concept>
      <concept>
        <code value="8"/>
        <display value="Moderately"/>
      </concept>
      <concept>
        <code value="9"/>
        <display value="A little"/>
      </concept>
      <concept>
        <code value="10"/>
        <display value="Not at all"/>
      </concept>
      <concept>
        <code value="11"/>
        <display value="Always"/>
      </concept>
      <concept>
        <code value="12"/>
        <display value="Often"/>
      </concept>
      <concept>
        <code value="13"/>
        <display value="Sometimes"/>
      </concept>
      <concept>
        <code value="14"/>
        <display value="Rarely"/>
      </concept>
      <concept>
        <code value="15"/>
        <display value="Never"/>
      </concept>
      <concept>
        <code value="16"/>
        <display value="None"/>
      </concept>
      <concept>
        <code value="17"/>
        <display value="Mild"/>
      </concept>
      <concept>
        <code value="18"/>
        <display value="Moderate"/>
      </concept>
      <concept>
        <code value="19"/>
        <display value="Severe"/>
      </concept>
      <concept>
        <code value="20"/>
        <display value="Very Severe"/>
      </concept>
      <concept>
        <code value="21"/>
        <display value="0: No pain"/>
      </concept>
      <concept>
        <code value="22"/>
        <display value="1: Very mild pain"/>
      </concept>
      <concept>
        <code value="23"/>
        <display value="2: Discomforting"/>
      </concept>
      <concept>
        <code value="24"/>
        <display value="3: Tolerable"/>
      </concept>
      <concept>
        <code value="25"/>
        <display value="4: Distressing"/>
      </concept>
      <concept>
        <code value="26"/>
        <display value="5: Very distressing"/>
      </concept>
      <concept>
        <code value="27"/>
        <display value="6: Intense"/>
      </concept>
      <concept>
        <code value="28"/>
        <display value="7: Very intense"/>
      </concept>
      <concept>
        <code value="29"/>
        <display value="8: Utterly horrible"/>
      </concept>
      <concept>
        <code value="30"/>
        <display value="9: Excruciating unbearable pain"/>
      </concept>
      <concept>
        <code value="31"/>
        <display value="10: Unspeakable pain"/>
      </concept>
    </include>
  </compose>
</ValueSet>