<?xml version="1.0" encoding="UTF-8"?>

<ValueSet xmlns="http://hl7.org/fhir">
  <id value="SymtDurVS"/>
  <text>
    <status value="generated"/><div xmlns="http://www.w3.org/1999/xhtml"><ul><li>Include these codes as defined in <a href="CodeSystem-SymtDurCS.html"><code>https://molic-avc.gabriellesantosleandro.com/CodeSystem/SymtDurCS</code></a><table class="none"><tr><td style="white-space:nowrap"><b>Code</b></td><td><b>Display</b></td></tr><tr><td><a href="CodeSystem-SymtDurCS.html#SymtDurCS-0">0</a></td><td>Less than 4.5 hours</td></tr><tr><td><a href="CodeSystem-SymtDurCS.html#SymtDurCS-1">1</a></td><td>More than 4.5 hours</td></tr><tr><td><a href="CodeSystem-SymtDurCS.html#SymtDurCS-999">999</a></td><td>Unknown</td></tr></table></li></ul></div>
  </text>
  <url value="https://molic-avc.gabriellesantosleandro.com/ValueSet/SymtDurVS"/>
  <version value="0.0.0"/>
  <name value="SymtDurVS"/>
  <title value="Duration of Stroke Symptoms"/>
  <status value="active"/>
  <experimental value="false"/>
  <date value="2024-01-11T13:00:00-03:00"/>
  <publisher value="Gabrielle dos Santos Leandro"/>
  <contact>
    <name value="Gabrielle dos Santos Leandro"/>
    <telecom>
      <system value="url"/>
      <value value="https://gabriellesantosleandro.com"/>
    </telecom>
    <telecom>
      <system value="email"/>
      <value value="gabrielle.santos.leandro@gmail.com"/>
    </telecom>
  </contact>
  <contact>
    <name value="Gabrielle dos Santos Leandro"/>
    <telecom>
      <system value="url"/>
      <value value="https://gabriellesantosleandro.com.br"/>
      <use value="work"/>
    </telecom>
    <telecom>
      <system value="email"/>
      <value value="gabrielle.santos.leandro@gmail.com"/>
      <use value="work"/>
    </telecom>
  </contact>
  <description value="ValueSet that categorizes the duration of stroke symptoms, considering the time from symptom onset to admission at the reference hospital."/>
  <compose>
    <include>
      <system value="https://molic-avc.gabriellesantosleandro.com/CodeSystem/SymtDurCS"/>
      <concept>
        <code value="0"/>
        <display value="Less than 4.5 hours"/>
      </concept>
      <concept>
        <code value="1"/>
        <display value="More than 4.5 hours"/>
      </concept>
      <concept>
        <code value="999"/>
        <display value="Unknown"/>
      </concept>
    </include>
  </compose>
</ValueSet>