<?xml version="1.0" encoding="UTF-8"?>

<ValueSet xmlns="http://hl7.org/fhir">
  <id value="molicavc-race"/>
  <text>
    <status value="generated"/><div xmlns="http://www.w3.org/1999/xhtml"><ul><li>Include these codes as defined in <a href="http://loinc.org"><code>http://loinc.org</code></a><table class="none"><tr><td style="white-space:nowrap"><b>Code</b></td><td><b>Display</b></td></tr><tr><td><a href="https://loinc.org/32697-1/">32697-1</a></td><td>White or Caucasian Race</td></tr><tr><td><a href="https://loinc.org/32698-9/">32698-9</a></td><td>Black or African American Race</td></tr><tr><td><a href="https://loinc.org/32699-7/">32699-7</a></td><td>American Indian or Alaska Native Race</td></tr><tr><td><a href="https://loinc.org/32700-3/">32700-3</a></td><td>Asian Race</td></tr><tr><td><a href="https://loinc.org/32701-1/">32701-1</a></td><td>Native Hawaiian or Other Pacific Islander Race</td></tr><tr><td><a href="https://loinc.org/8288-1/">8288-1</a></td><td>Indigenous Ethnicity (South America)</td></tr><tr><td><a href="https://loinc.org/8310-3/">8310-3</a></td><td>African Descent Ethnicity (South America)</td></tr><tr><td><a href="https://loinc.org/8311-1/">8311-1</a></td><td>European Descent Ethnicity (South America)</td></tr><tr><td><a href="https://loinc.org/8320-2/">8320-2</a></td><td>Asian Descent Ethnicity (South America)</td></tr><tr><td><a href="https://loinc.org/8321-0/">8321-0</a></td><td>Mixed Race or Ethnicity (South America)</td></tr><tr><td><a href="https://loinc.org/32702-9/">32702-9</a></td><td>Other Race</td></tr><tr><td><a href="https://loinc.org/2135-2/">2135-2</a></td><td>Unknown</td></tr></table></li></ul></div>
  </text>
  <url value="https://molic-avc.gabriellesantosleandro.com/ValueSet/molicavc-race"/>
  <version value="1.0.1"/>
  <name value="MolicAVC_RaceValueSet"/>
  <title value="ValueSet of Patient Race"/>
  <status value="active"/>
  <date value="2023-10-25T16:05:12-03:00"/>
  <publisher value="Gabrielle dos Santos Leandro"/>
  <contact>
    <name value="Gabrielle dos Santos Leandro"/>
    <telecom>
      <system value="url"/>
      <value value="https://gabriellesantosleandro.com"/>
    </telecom>
    <telecom>
      <system value="email"/>
      <value value="gabrielle.santos.leandro@gmail.com"/>
    </telecom>
  </contact>
  <contact>
    <name value="Gabrielle dos Santos Leandro"/>
    <telecom>
      <system value="url"/>
      <value value="https://gabriellesantosleandro.com.br"/>
      <use value="work"/>
    </telecom>
    <telecom>
      <system value="email"/>
      <value value="gabrielle.santos.leandro@gmail.com"/>
      <use value="work"/>
    </telecom>
  </contact>
  <description value="Value set for capturing the patient's race based on LOINC standards, as recommended by ICHOM."/>
  <compose>
    <include>
      <system value="http://loinc.org"/>
      <concept>
        <code value="32697-1"/>
        <display value="White or Caucasian Race"/>
      </concept>
      <concept>
        <code value="32698-9"/>
        <display value="Black or African American Race"/>
      </concept>
      <concept>
        <code value="32699-7"/>
        <display value="American Indian or Alaska Native Race"/>
      </concept>
      <concept>
        <code value="32700-3"/>
        <display value="Asian Race"/>
      </concept>
      <concept>
        <code value="32701-1"/>
        <display value="Native Hawaiian or Other Pacific Islander Race"/>
      </concept>
      <concept>
        <code value="8288-1"/>
        <display value="Indigenous Ethnicity (South America)"/>
      </concept>
      <concept>
        <code value="8310-3"/>
        <display value="African Descent Ethnicity (South America)"/>
      </concept>
      <concept>
        <code value="8311-1"/>
        <display value="European Descent Ethnicity (South America)"/>
      </concept>
      <concept>
        <code value="8320-2"/>
        <display value="Asian Descent Ethnicity (South America)"/>
      </concept>
      <concept>
        <code value="8321-0"/>
        <display value="Mixed Race or Ethnicity (South America)"/>
      </concept>
      <concept>
        <code value="32702-9"/>
        <display value="Other Race"/>
      </concept>
      <concept>
        <code value="2135-2"/>
        <display value="Unknown"/>
      </concept>
    </include>
  </compose>
</ValueSet>