<?xml version="1.0" encoding="UTF-8"?>

<ValueSet xmlns="http://hl7.org/fhir">
  <id value="StrokeDressingVS"/>
  <text>
    <status value="generated"/><div xmlns="http://www.w3.org/1999/xhtml"><ul><li>Include these codes as defined in <code>https://connect.ichom.org/patient-centered-outcome-measures/stroke/functionalaspectsrehabilitation/</code><table class="none"><tr><td style="white-space:nowrap"><b>Code</b></td><td><b>Display</b></td></tr><tr><td>6</td><td>I could manage dressing/undressing without help.</td></tr><tr><td>7</td><td>I needed help dressing/undressing.</td></tr></table></li></ul></div>
  </text>
  <url value="https://molic-avc.gabriellesantosleandro.com/ValueSet/StrokeDressingVS"/>
  <version value="1.0.1"/>
  <name value="StrokeDressingVS"/>
  <title value="ValueSet of Prestroke and Poststroke Functional Status: Dressing"/>
  <status value="active"/>
  <date value="2023-11-21T19:08:35-03:00"/>
  <publisher value="Gabrielle dos Santos Leandro"/>
  <contact>
    <name value="Gabrielle dos Santos Leandro"/>
    <telecom>
      <system value="url"/>
      <value value="https://gabriellesantosleandro.com"/>
    </telecom>
    <telecom>
      <system value="email"/>
      <value value="gabrielle.santos.leandro@gmail.com"/>
    </telecom>
  </contact>
  <contact>
    <name value="Gabrielle dos Santos Leandro"/>
    <telecom>
      <system value="url"/>
      <value value="https://gabriellesantosleandro.com.br"/>
      <use value="work"/>
    </telecom>
    <telecom>
      <system value="email"/>
      <value value="gabrielle.santos.leandro@gmail.com"/>
      <use value="work"/>
    </telecom>
  </contact>
  <description value="This ValueSet defines the response values for the Prestroke and Poststroke Functional Status: Dressing."/>
  <compose>
    <include>
      <system value="https://connect.ichom.org/patient-centered-outcome-measures/stroke/functionalaspectsrehabilitation/"/>
      <concept>
        <code value="6"/>
        <display value="I could manage dressing/undressing without help."/>
      </concept>
      <concept>
        <code value="7"/>
        <display value="I needed help dressing/undressing."/>
      </concept>
    </include>
  </compose>
</ValueSet>