<?xml version="1.0" encoding="UTF-8"?>

<ValueSet xmlns="http://hl7.org/fhir">
  <id value="cnes-valueset"/>
  <text>
    <status value="generated"/><div xmlns="http://www.w3.org/1999/xhtml"><ul><li>Include these codes as defined in <code>http://cnes2.datasus.gov.br/Exibe_Ficha_Estabelecimento.asp?VCo_Unidade=4209102511959</code><table class="none"><tr><td style="white-space:nowrap"><b>Code</b></td><td><b>Display</b></td></tr><tr><td>7911467</td><td>7911467	- UBS UNIDADE DE SAÚDE PRISIONAL DE JOINVILLE</td></tr><tr><td>2511568</td><td>2511568 - UBSF ADHEMAR GARCIA PEDRO CELESTINO DA SILVA JUNIOR</td></tr><tr><td>3001164</td><td>3001164 - UBSF ANABURGO</td></tr><tr><td>2511487</td><td>2511487 - UBSF AVENTUREIRO I</td></tr><tr><td>2511525</td><td>2511525 - UBSF AVENTUREIRO II</td></tr><tr><td>9538461</td><td>9538461 - UBSF AVENTUREIRO III</td></tr><tr><td>2511347</td><td>2511347 - UBSF BAKHITA</td></tr><tr><td>2511541</td><td>2511541 - UBSF BOEHMERWALD</td></tr><tr><td>2511320</td><td>2511320 - UBSF BOM RETIRO</td></tr><tr><td>2511681</td><td>2511681 - UBSF BUCAREIN</td></tr><tr><td>2511851</td><td>2511681 - UBSF CAIC VILA PARANAENSE</td></tr><tr><td>3101711</td><td>3101711 - UBSF CANELA</td></tr><tr><td>2511517</td><td>2511517 - UBSF COMASA</td></tr><tr><td>2511592</td><td>2511592 - UBSF COSTA E SILVA</td></tr><tr><td>2436434</td><td>2436434 - UBSF CUBATÃO</td></tr><tr><td>3004007</td><td>3004007 - UBSF DA ILHA</td></tr><tr><td>3101150</td><td>3101150 - UBSF DOM GREGÓRIO</td></tr><tr><td>2512017</td><td>2512017 - UBSF EDLA JORDAN</td></tr><tr><td>2511746</td><td>2511746 - UBSF ESTEVÃO DE MATOS</td></tr><tr><td>2511614</td><td>2511614 - UBSF FÁTIMA</td></tr><tr><td>2511878</td><td>2511878 - UBSF FLORESTA</td></tr><tr><td>2511711</td><td>2511711 - UBSF GLÓRIA</td></tr><tr><td>2511479</td><td>2511479 - UBSF ITAUM</td></tr><tr><td>2511509</td><td>2511509 - UBSF ITINGA</td></tr><tr><td>3062724</td><td>3062724 - UBSF JARDIM EDILENE</td></tr><tr><td>2511843</td><td>2511843 - UBSF JARDIM PARAISO I E II</td></tr><tr><td>2512009</td><td>2512009 - UBSF JARDIM PARAISO III</td></tr><tr><td>2622955</td><td>2622955 - UBSF JARDIM PARAISO IV</td></tr><tr><td>3400069</td><td>3400069 - UBSF JARDIM PARAISO V E VI</td></tr><tr><td>2511835</td><td>2511835 - UBSF JARDIM SOFIA</td></tr><tr><td>2622971</td><td>2622971 - UBSF JARIVATUBA BELQUISE ANA QUINTERO</td></tr><tr><td>2436426</td><td>2436426 - UBSF JATIVOCA</td></tr><tr><td>416940</td><td>416940 - UBSF JOÃO COSTA</td></tr><tr><td>2511371</td><td>2511371 - UBSF KM 4</td></tr><tr><td>8007535</td><td>8007535 - UBSF LAGOINHA</td></tr><tr><td>2511355</td><td>2511355 - UBSF LEONARDO SCHILICKMANN</td></tr><tr><td>2511452</td><td>2511452 - UBSF MOINHO DOS VENTOS</td></tr><tr><td>2511770</td><td>2511770 - UBSF MORRO DO AMARAL</td></tr><tr><td>2511495</td><td>2511495 - UBSF MORRO DO MEIO</td></tr><tr><td>2511304</td><td>2511304 - UBSF NOVA BRASILIA</td></tr><tr><td>2511576</td><td>2511576 - UBSF PARANAGUAMIRIM</td></tr><tr><td>7704550</td><td>7704550 - UBSF PARQUE DOUAT</td></tr><tr><td>2511819</td><td>2511819 - UBSF PARQUE GUARANI</td></tr><tr><td>2511606</td><td>2511606 - UBSF PARQUE JOINVILLE</td></tr><tr><td>2511290</td><td>2511290 - UBSF PIRABEIRABA OSMAR DALONSO</td></tr><tr><td>2511363</td><td>2511363 - UBSF PROFIPO</td></tr><tr><td>2511282</td><td>2511282 - UBSF RIO BONITO</td></tr><tr><td>2511274</td><td>2511274 - UBSF RIO DA PRATA ADALBERTO LARSEN</td></tr><tr><td>3781194</td><td>3781194 - UBSF SAGUAÇU</td></tr><tr><td>2511312</td><td>2511312 - UBSF SÃO MARCOS</td></tr><tr><td>9075712</td><td>9075712 - UBSF ULYSSES GUIMARÃES</td></tr><tr><td>2511703</td><td>2511703 - UBSF VILA NOVA</td></tr><tr><td>9529888</td><td>9529888 - UBSF VILA NOVA I DAGOBERTO JOSÉ DE CAMPOS</td></tr><tr><td>2568667</td><td>2568667 - UBSF VILA NOVA RURAL</td></tr><tr><td>2511959</td><td>2511959 - UBSF WILLY SCHOSSLAND</td></tr><tr><td>6439993</td><td>6439993 - PA LESTE 24 HORAS AVENTUREIRO</td></tr><tr><td>8007527</td><td>8007527 - PA NORTE 24 HORAS COSTA E SILVA LUIZA SCHULTZ DOHLER</td></tr><tr><td>2511738</td><td>2511738 - PA SUL 24 HORAS ITAUM</td></tr><tr><td>2436469</td><td>2436469 - HOSPITAL MUNICIPAL SÃO JOSÉ</td></tr></table></li></ul></div>
  </text>
  <url value="https://molic-avc.gabriellesantosleandro.com/ValueSet/cnes-valueset"/>
  <version value="1.0.1"/>
  <name value="CNES_ValueSet"/>
  <title value="ValueSet of National Registry of Health Establishments (CNES - Cadastro Nacional de Estabelecimentos de Saúde)"/>
  <status value="active"/>
  <date value="2023-10-25T16:05:12-03:00"/>
  <publisher value="Gabrielle dos Santos Leandro"/>
  <contact>
    <name value="Gabrielle dos Santos Leandro"/>
    <telecom>
      <system value="url"/>
      <value value="https://gabriellesantosleandro.com"/>
    </telecom>
    <telecom>
      <system value="email"/>
      <value value="gabrielle.santos.leandro@gmail.com"/>
    </telecom>
  </contact>
  <contact>
    <name value="Gabrielle dos Santos Leandro"/>
    <telecom>
      <system value="url"/>
      <value value="https://gabriellesantosleandro.com.br"/>
      <use value="work"/>
    </telecom>
    <telecom>
      <system value="email"/>
      <value value="gabrielle.santos.leandro@gmail.com"/>
      <use value="work"/>
    </telecom>
  </contact>
  <description value="This ValueSet details codes for Stroke Healthcare Units in Joinville based on National Registry of Health Establishments (CNES - Cadastro Nacional de Estabelecimentos de Saúde)."/>
  <compose>
    <include>
      <system value="http://cnes2.datasus.gov.br/Exibe_Ficha_Estabelecimento.asp?VCo_Unidade=4209102511959"/>
      <concept>
        <code value="7911467"/>
        <display value="7911467&#x9;- UBS UNIDADE DE SAÚDE PRISIONAL DE JOINVILLE"/>
      </concept>
      <concept>
        <code value="2511568"/>
        <display value="2511568 - UBSF ADHEMAR GARCIA PEDRO CELESTINO DA SILVA JUNIOR"/>
      </concept>
      <concept>
        <code value="3001164"/>
        <display value="3001164 - UBSF ANABURGO"/>
      </concept>
      <concept>
        <code value="2511487"/>
        <display value="2511487 - UBSF AVENTUREIRO I"/>
      </concept>
      <concept>
        <code value="2511525"/>
        <display value="2511525 - UBSF AVENTUREIRO II"/>
      </concept>
      <concept>
        <code value="9538461"/>
        <display value="9538461 - UBSF AVENTUREIRO III"/>
      </concept>
      <concept>
        <code value="2511347"/>
        <display value="2511347 - UBSF BAKHITA"/>
      </concept>
      <concept>
        <code value="2511541"/>
        <display value="2511541 - UBSF BOEHMERWALD"/>
      </concept>
      <concept>
        <code value="2511320"/>
        <display value="2511320 - UBSF BOM RETIRO"/>
      </concept>
      <concept>
        <code value="2511681"/>
        <display value="2511681 - UBSF BUCAREIN"/>
      </concept>
      <concept>
        <code value="2511851"/>
        <display value="2511681 - UBSF CAIC VILA PARANAENSE"/>
      </concept>
      <concept>
        <code value="3101711"/>
        <display value="3101711 - UBSF CANELA"/>
      </concept>
      <concept>
        <code value="2511517"/>
        <display value="2511517 - UBSF COMASA"/>
      </concept>
      <concept>
        <code value="2511592"/>
        <display value="2511592 - UBSF COSTA E SILVA"/>
      </concept>
      <concept>
        <code value="2436434"/>
        <display value="2436434 - UBSF CUBATÃO"/>
      </concept>
      <concept>
        <code value="3004007"/>
        <display value="3004007 - UBSF DA ILHA"/>
      </concept>
      <concept>
        <code value="3101150"/>
        <display value="3101150 - UBSF DOM GREGÓRIO"/>
      </concept>
      <concept>
        <code value="2512017"/>
        <display value="2512017 - UBSF EDLA JORDAN"/>
      </concept>
      <concept>
        <code value="2511746"/>
        <display value="2511746 - UBSF ESTEVÃO DE MATOS"/>
      </concept>
      <concept>
        <code value="2511614"/>
        <display value="2511614 - UBSF FÁTIMA"/>
      </concept>
      <concept>
        <code value="2511878"/>
        <display value="2511878 - UBSF FLORESTA"/>
      </concept>
      <concept>
        <code value="2511711"/>
        <display value="2511711 - UBSF GLÓRIA"/>
      </concept>
      <concept>
        <code value="2511479"/>
        <display value="2511479 - UBSF ITAUM"/>
      </concept>
      <concept>
        <code value="2511509"/>
        <display value="2511509 - UBSF ITINGA"/>
      </concept>
      <concept>
        <code value="3062724"/>
        <display value="3062724 - UBSF JARDIM EDILENE"/>
      </concept>
      <concept>
        <code value="2511843"/>
        <display value="2511843 - UBSF JARDIM PARAISO I E II"/>
      </concept>
      <concept>
        <code value="2512009"/>
        <display value="2512009 - UBSF JARDIM PARAISO III"/>
      </concept>
      <concept>
        <code value="2622955"/>
        <display value="2622955 - UBSF JARDIM PARAISO IV"/>
      </concept>
      <concept>
        <code value="3400069"/>
        <display value="3400069 - UBSF JARDIM PARAISO V E VI"/>
      </concept>
      <concept>
        <code value="2511835"/>
        <display value="2511835 - UBSF JARDIM SOFIA"/>
      </concept>
      <concept>
        <code value="2622971"/>
        <display value="2622971 - UBSF JARIVATUBA BELQUISE ANA QUINTERO"/>
      </concept>
      <concept>
        <code value="2436426"/>
        <display value="2436426 - UBSF JATIVOCA"/>
      </concept>
      <concept>
        <code value="416940"/>
        <display value="416940 - UBSF JOÃO COSTA"/>
      </concept>
      <concept>
        <code value="2511371"/>
        <display value="2511371 - UBSF KM 4"/>
      </concept>
      <concept>
        <code value="8007535"/>
        <display value="8007535 - UBSF LAGOINHA"/>
      </concept>
      <concept>
        <code value="2511355"/>
        <display value="2511355 - UBSF LEONARDO SCHILICKMANN"/>
      </concept>
      <concept>
        <code value="2511452"/>
        <display value="2511452 - UBSF MOINHO DOS VENTOS"/>
      </concept>
      <concept>
        <code value="2511770"/>
        <display value="2511770 - UBSF MORRO DO AMARAL"/>
      </concept>
      <concept>
        <code value="2511495"/>
        <display value="2511495 - UBSF MORRO DO MEIO"/>
      </concept>
      <concept>
        <code value="2511304"/>
        <display value="2511304 - UBSF NOVA BRASILIA"/>
      </concept>
      <concept>
        <code value="2511576"/>
        <display value="2511576 - UBSF PARANAGUAMIRIM"/>
      </concept>
      <concept>
        <code value="7704550"/>
        <display value="7704550 - UBSF PARQUE DOUAT"/>
      </concept>
      <concept>
        <code value="2511819"/>
        <display value="2511819 - UBSF PARQUE GUARANI"/>
      </concept>
      <concept>
        <code value="2511606"/>
        <display value="2511606 - UBSF PARQUE JOINVILLE"/>
      </concept>
      <concept>
        <code value="2511290"/>
        <display value="2511290 - UBSF PIRABEIRABA OSMAR DALONSO"/>
      </concept>
      <concept>
        <code value="2511363"/>
        <display value="2511363 - UBSF PROFIPO"/>
      </concept>
      <concept>
        <code value="2511282"/>
        <display value="2511282 - UBSF RIO BONITO"/>
      </concept>
      <concept>
        <code value="2511274"/>
        <display value="2511274 - UBSF RIO DA PRATA ADALBERTO LARSEN"/>
      </concept>
      <concept>
        <code value="3781194"/>
        <display value="3781194 - UBSF SAGUAÇU"/>
      </concept>
      <concept>
        <code value="2511312"/>
        <display value="2511312 - UBSF SÃO MARCOS"/>
      </concept>
      <concept>
        <code value="9075712"/>
        <display value="9075712 - UBSF ULYSSES GUIMARÃES"/>
      </concept>
      <concept>
        <code value="2511703"/>
        <display value="2511703 - UBSF VILA NOVA"/>
      </concept>
      <concept>
        <code value="9529888"/>
        <display value="9529888 - UBSF VILA NOVA I DAGOBERTO JOSÉ DE CAMPOS"/>
      </concept>
      <concept>
        <code value="2568667"/>
        <display value="2568667 - UBSF VILA NOVA RURAL"/>
      </concept>
      <concept>
        <code value="2511959"/>
        <display value="2511959 - UBSF WILLY SCHOSSLAND"/>
      </concept>
      <concept>
        <code value="6439993"/>
        <display value="6439993 - PA LESTE 24 HORAS AVENTUREIRO"/>
      </concept>
      <concept>
        <code value="8007527"/>
        <display value="8007527 - PA NORTE 24 HORAS COSTA E SILVA LUIZA SCHULTZ DOHLER"/>
      </concept>
      <concept>
        <code value="2511738"/>
        <display value="2511738 - PA SUL 24 HORAS ITAUM"/>
      </concept>
      <concept>
        <code value="2436469"/>
        <display value="2436469 - HOSPITAL MUNICIPAL SÃO JOSÉ"/>
      </concept>
    </include>
  </compose>
</ValueSet>