<?xml version="1.0" encoding="UTF-8"?>

<ValueSet xmlns="http://hl7.org/fhir">
  <id value="molicavc-race"/>
  <text>
    <status value="generated"/><div xmlns="http://www.w3.org/1999/xhtml">Placeholder</div>
  </text>
  <url value="https://molic-avc.gabriellesantosleandro.com/ValueSet/molicavc-race"/>
  <version value="0.1.0"/>
  <name value="MolicAVC_RaceValueSet"/>
  <title value="ValueSet of Patient Race"/>
  <status value="draft"/>
  <date value="2023-09-08T18:23:11-03:00"/>
  <publisher value="Gabrielle dos Santos Leandro"/>
  <contact>
    <name value="Gabrielle dos Santos Leandro"/>
    <telecom>
      <system value="url"/>
      <value value="https://molic-avc.gabriellesantosleandro.com"/>
    </telecom>
  </contact>
  <description value="Value set for capturing the patient's race based on LOINC standards, as recommended by ICHOM."/>
  <compose>
    <include>
      <system value="http://loinc.org"/>
      <concept>
        <code value="32697-1"/>
        <display value="White or Caucasian Race"/>
      </concept>
      <concept>
        <code value="32698-9"/>
        <display value="Black or African American Race"/>
      </concept>
      <concept>
        <code value="32699-7"/>
        <display value="American Indian or Alaska Native Race"/>
      </concept>
      <concept>
        <code value="32700-3"/>
        <display value="Asian Race"/>
      </concept>
      <concept>
        <code value="32701-1"/>
        <display value="Native Hawaiian or Other Pacific Islander Race"/>
      </concept>
      <concept>
        <code value="8288-1"/>
        <display value="Indigenous Ethnicity (South America)"/>
      </concept>
      <concept>
        <code value="8310-3"/>
        <display value="African Descent Ethnicity (South America)"/>
      </concept>
      <concept>
        <code value="8311-1"/>
        <display value="European Descent Ethnicity (South America)"/>
      </concept>
      <concept>
        <code value="8320-2"/>
        <display value="Asian Descent Ethnicity (South America)"/>
      </concept>
      <concept>
        <code value="8321-0"/>
        <display value="Mixed Race or Ethnicity (South America)"/>
      </concept>
      <concept>
        <code value="32702-9"/>
        <display value="Other Race"/>
      </concept>
      <concept>
        <code value="2135-2"/>
        <display value="Unknown"/>
      </concept>
    </include>
  </compose>
</ValueSet>