<?xml version="1.0" encoding="UTF-8"?>

<ValueSet xmlns="http://hl7.org/fhir">
  <id value="type-healthcare-unit-valueset"/>
  <text>
    <status value="generated"/><div xmlns="http://www.w3.org/1999/xhtml"><ul><li>Include these codes as defined in <code>https://molic-avc.gabriellesantosleandro.com/ValueSet/type-healthcare-unit-valueset/</code><table class="none"><tr><td style="white-space:nowrap"><b>Code</b></td><td><b>Display</b></td></tr><tr><td>UBSF</td><td>Public Primary Care</td></tr><tr><td>STROKEREFHOSP</td><td>Public Reference Hospital</td></tr><tr><td>NONSTROKEREFHOSP</td><td>Public Non-Reference Hospital</td></tr><tr><td>UPA</td><td>Public Emergency Unit</td></tr><tr><td>SAMU</td><td>Public Ambulance</td></tr><tr><td>REAB</td><td>Public Rehabilitation Unit</td></tr><tr><td>OTHER</td><td>Public Rehabilitation Unit</td></tr><tr><td>PRIVATE</td><td>Private Healthcare Service: Other Code</td></tr></table></li></ul></div>
  </text>
  <url value="https://molic-avc.gabriellesantosleandro.com/ValueSet/type-healthcare-unit-valueset"/>
  <version value="1.0.1"/>
  <name value="MolicAVC_CodeHealthcareUnitValueSet"/>
  <title value="Type of Healthcare Unit ValueSet"/>
  <status value="active"/>
  <date value="2023-11-21T19:08:35-03:00"/>
  <publisher value="Gabrielle dos Santos Leandro"/>
  <contact>
    <name value="Gabrielle dos Santos Leandro"/>
    <telecom>
      <system value="url"/>
      <value value="https://gabriellesantosleandro.com"/>
    </telecom>
    <telecom>
      <system value="email"/>
      <value value="gabrielle.santos.leandro@gmail.com"/>
    </telecom>
  </contact>
  <contact>
    <name value="Gabrielle dos Santos Leandro"/>
    <telecom>
      <system value="url"/>
      <value value="https://gabriellesantosleandro.com.br"/>
      <use value="work"/>
    </telecom>
    <telecom>
      <system value="email"/>
      <value value="gabrielle.santos.leandro@gmail.com"/>
      <use value="work"/>
    </telecom>
  </contact>
  <description value="This ValueSet details codes for healthcare units serving stroke patients in Brazil."/>
  <compose>
    <include>
      <system value="https://molic-avc.gabriellesantosleandro.com/ValueSet/type-healthcare-unit-valueset/"/>
      <concept>
        <code value="UBSF"/>
        <display value="Public Primary Care"/>
      </concept>
      <concept>
        <code value="STROKEREFHOSP"/>
        <display value="Public Reference Hospital"/>
      </concept>
      <concept>
        <code value="NONSTROKEREFHOSP"/>
        <display value="Public Non-Reference Hospital"/>
      </concept>
      <concept>
        <code value="UPA"/>
        <display value="Public Emergency Unit"/>
      </concept>
      <concept>
        <code value="SAMU"/>
        <display value="Public Ambulance"/>
      </concept>
      <concept>
        <code value="REAB"/>
        <display value="Public Rehabilitation Unit"/>
      </concept>
      <concept>
        <code value="OTHER"/>
        <display value="Public Rehabilitation Unit"/>
      </concept>
      <concept>
        <code value="PRIVATE"/>
        <display value="Private Healthcare Service: Other Code"/>
      </concept>
    </include>
  </compose>
</ValueSet>