<?xml version="1.0" encoding="UTF-8"?>

<ValueSet xmlns="http://hl7.org/fhir">
  <id value="SymtDurVS"/>
  <text>
    <status value="generated"/><div xmlns="http://www.w3.org/1999/xhtml"><ul><li>Include these codes as defined in <code>https://connect.ichom.org/patient-centered-outcome-measures/stroke/symptomduration/</code><table class="none"><tr><td style="white-space:nowrap"><b>Code</b></td><td><b>Display</b></td></tr><tr><td>0</td><td>Menor que 4:30h. | Less than 4.5 hours</td></tr><tr><td>1</td><td>Maior que 4:30h. | More than 4.5 hours</td></tr><tr><td>999</td><td>Desconhecido | Unknown</td></tr></table></li></ul></div>
  </text>
  <url value="https://molic-avc.gabriellesantosleandro.com/ValueSet/SymtDurVS"/>
  <version value="1.0.1"/>
  <name value="SymtDurVS"/>
  <title value="ValueSet que categoriza a Duração dos Sintomas do AVC"/>
  <status value="active"/>
  <date value="2023-10-17T16:55:27-03:00"/>
  <publisher value="Gabrielle dos Santos Leandro"/>
  <contact>
    <name value="Gabrielle dos Santos Leandro"/>
    <telecom>
      <system value="url"/>
      <value value="https://gabriellesantosleandro.com"/>
    </telecom>
    <telecom>
      <system value="email"/>
      <value value="gabrielle.santos.leandro@gmail.com"/>
    </telecom>
  </contact>
  <contact>
    <name value="Gabrielle dos Santos Leandro"/>
    <telecom>
      <system value="url"/>
      <value value="https://gabriellesantosleandro.com.br"/>
      <use value="work"/>
    </telecom>
    <telecom>
      <system value="email"/>
      <value value="gabrielle.santos.leandro@gmail.com"/>
      <use value="work"/>
    </telecom>
  </contact>
  <description value="ValueSet que categoriza a duração dos sintomas do AVC considerando o início dos sintomas até a admissão no hospital de referência"/>
  <compose>
    <include>
      <system value="https://connect.ichom.org/patient-centered-outcome-measures/stroke/symptomduration/"/>
      <concept>
        <code value="0"/>
        <display value="Menor que 4:30h. | Less than 4.5 hours"/>
      </concept>
      <concept>
        <code value="1"/>
        <display value="Maior que 4:30h. | More than 4.5 hours"/>
      </concept>
      <concept>
        <code value="999"/>
        <display value="Desconhecido | Unknown"/>
      </concept>
    </include>
  </compose>
</ValueSet>