<?xml version="1.0" encoding="UTF-8"?>

<ValueSet xmlns="http://hl7.org/fhir">
  <id value="molicavc-vr12-valueset"/>
  <text>
    <status value="generated"/><div xmlns="http://www.w3.org/1999/xhtml">Placeholder</div>
  </text>
  <url value="https://molic-avc.gabriellesantosleandro.com/ValueSet/molicavc-vr12-valueset"/>
  <version value="0.1.0"/>
  <name value="MolicAVC_VR-12_ValueSet"/>
  <title value="ValueSet of VR-12 Response Questionnaire"/>
  <status value="draft"/>
  <date value="2023-08-31T16:41:42-03:00"/>
  <publisher value="Gabrielle dos Santos Leandro"/>
  <contact>
    <name value="Gabrielle dos Santos Leandro"/>
    <telecom>
      <system value="url"/>
      <value value="https://molic-avc.gabriellesantosleandro.com"/>
    </telecom>
  </contact>
  <description value="This ValueSet defines the response values for the VR-12 (Veterans RAND 12 Item Health Survey)."/>
  <compose>
    <include>
      <system value="https://connect.ichom.org/patient-centered-outcome-measures/stroke"/>
      <concept>
        <code value="1"/>
        <display value="Excellent"/>
      </concept>
      <concept>
        <code value="2"/>
        <display value="Very Good"/>
      </concept>
      <concept>
        <code value="3"/>
        <display value="Good"/>
      </concept>
      <concept>
        <code value="4"/>
        <display value="Fair"/>
      </concept>
      <concept>
        <code value="5"/>
        <display value="Poor"/>
      </concept>
      <concept>
        <code value="6"/>
        <display value="All of the time"/>
      </concept>
      <concept>
        <code value="7"/>
        <display value="Most of the time"/>
      </concept>
      <concept>
        <code value="8"/>
        <display value="A good bit of the time"/>
      </concept>
      <concept>
        <code value="9"/>
        <display value="Some of the time"/>
      </concept>
      <concept>
        <code value="10"/>
        <display value="A little of the time"/>
      </concept>
      <concept>
        <code value="11"/>
        <display value="None of the time"/>
      </concept>
      <concept>
        <code value="12"/>
        <display value="Yes, limited a lot"/>
      </concept>
      <concept>
        <code value="13"/>
        <display value="Yes, limited a little"/>
      </concept>
      <concept>
        <code value="14"/>
        <display value="No, not limited at all"/>
      </concept>
      <concept>
        <code value="15"/>
        <display value="Much better"/>
      </concept>
      <concept>
        <code value="16"/>
        <display value="Slightly better"/>
      </concept>
      <concept>
        <code value="17"/>
        <display value="About the same"/>
      </concept>
      <concept>
        <code value="18"/>
        <display value="Slightly worse"/>
      </concept>
      <concept>
        <code value="19"/>
        <display value="Much worse"/>
      </concept>
      <concept>
        <code value="20"/>
        <display value="No, none of the time"/>
      </concept>
      <concept>
        <code value="21"/>
        <display value="Yes, a little of the time"/>
      </concept>
      <concept>
        <code value="22"/>
        <display value="Yes, some of the time"/>
      </concept>
      <concept>
        <code value="23"/>
        <display value="Yes, most of the time"/>
      </concept>
      <concept>
        <code value="24"/>
        <display value="Yes, all of the time"/>
      </concept>
    </include>
  </compose>
</ValueSet>