<?xml version="1.0" encoding="UTF-8"?>

<ValueSet xmlns="http://hl7.org/fhir">
  <id value="DiagnosisVS"/>
  <text>
    <status value="generated"/><div xmlns="http://www.w3.org/1999/xhtml"><ul><li>Include these codes as defined in <a href="CodeSystem-DiagnosisCS.html"><code>https://molic-avc.gabriellesantosleandro.com/CodeSystem/DiagnosisCS</code></a><table class="none"><tr><td style="white-space:nowrap"><b>Code</b></td><td><b>Display</b></td></tr><tr><td><a href="CodeSystem-DiagnosisCS.html#DiagnosisCS-0">0</a></td><td>Clinical symptoms alone</td></tr><tr><td><a href="CodeSystem-DiagnosisCS.html#DiagnosisCS-1">1</a></td><td>Clinical and Tomography</td></tr><tr><td><a href="CodeSystem-DiagnosisCS.html#DiagnosisCS-2">2</a></td><td>Clinical and Magnetic Resonance Imaging</td></tr></table></li></ul></div>
  </text>
  <url value="https://molic-avc.gabriellesantosleandro.com/ValueSet/DiagnosisVS"/>
  <version value="0.0.0"/>
  <name value="DiagnosisVS"/>
  <title value="Diagnostic Evidence Base"/>
  <status value="active"/>
  <experimental value="false"/>
  <date value="2024-01-11T13:00:00-03:00"/>
  <publisher value="Gabrielle dos Santos Leandro"/>
  <contact>
    <name value="Gabrielle dos Santos Leandro"/>
    <telecom>
      <system value="url"/>
      <value value="https://gabriellesantosleandro.com"/>
    </telecom>
    <telecom>
      <system value="email"/>
      <value value="gabrielle.santos.leandro@gmail.com"/>
    </telecom>
  </contact>
  <contact>
    <name value="Gabrielle dos Santos Leandro"/>
    <telecom>
      <system value="url"/>
      <value value="https://gabriellesantosleandro.com.br"/>
      <use value="work"/>
    </telecom>
    <telecom>
      <system value="email"/>
      <value value="gabrielle.santos.leandro@gmail.com"/>
      <use value="work"/>
    </telecom>
  </contact>
  <description value="ValueSet that indicates which diagnostic evidence base was used for its realization"/>
  <compose>
    <include>
      <system value="https://molic-avc.gabriellesantosleandro.com/CodeSystem/DiagnosisCS"/>
      <concept>
        <code value="0"/>
        <display value="Clinical symptoms alone"/>
      </concept>
      <concept>
        <code value="1"/>
        <display value="Clinical and Tomography"/>
      </concept>
      <concept>
        <code value="2"/>
        <display value="Clinical and Magnetic Resonance Imaging"/>
      </concept>
    </include>
  </compose>
</ValueSet>