<?xml version="1.0" encoding="UTF-8"?>

<ValueSet xmlns="http://hl7.org/fhir">
  <id value="molicavc-vr12-valueset"/>
  <text>
    <status value="generated"/><div xmlns="http://www.w3.org/1999/xhtml"><ul><li>Include these codes as defined in <code>https://connect.ichom.org/patient-centered-outcome-measures/stroke/vr12/</code><table class="none"><tr><td style="white-space:nowrap"><b>Code</b></td><td><b>Display</b></td></tr><tr><td>1</td><td>Excellent</td></tr><tr><td>2</td><td>Very Good</td></tr><tr><td>3</td><td>Good</td></tr><tr><td>4</td><td>Fair</td></tr><tr><td>5</td><td>Poor</td></tr><tr><td>6</td><td>All of the time</td></tr><tr><td>7</td><td>Most of the time</td></tr><tr><td>8</td><td>A good bit of the time</td></tr><tr><td>9</td><td>Some of the time</td></tr><tr><td>10</td><td>A little of the time</td></tr><tr><td>11</td><td>None of the time</td></tr><tr><td>12</td><td>Yes, limited a lot</td></tr><tr><td>13</td><td>Yes, limited a little</td></tr><tr><td>14</td><td>No, not limited at all</td></tr><tr><td>15</td><td>Much better</td></tr><tr><td>16</td><td>Slightly better</td></tr><tr><td>17</td><td>About the same</td></tr><tr><td>18</td><td>Slightly worse</td></tr><tr><td>19</td><td>Much worse</td></tr><tr><td>20</td><td>No, none of the time</td></tr><tr><td>21</td><td>Yes, a little of the time</td></tr><tr><td>22</td><td>Yes, some of the time</td></tr><tr><td>23</td><td>Yes, most of the time</td></tr><tr><td>24</td><td>Yes, all of the time</td></tr></table></li></ul></div>
  </text>
  <url value="https://molic-avc.gabriellesantosleandro.com/ValueSet/molicavc-vr12-valueset"/>
  <version value="1.0.1"/>
  <name value="MolicAVC_VR12_ValueSet"/>
  <title value="ValueSet of VR-12 Response Questionnaire"/>
  <status value="active"/>
  <date value="2023-10-25T16:05:12-03:00"/>
  <publisher value="Gabrielle dos Santos Leandro"/>
  <contact>
    <name value="Gabrielle dos Santos Leandro"/>
    <telecom>
      <system value="url"/>
      <value value="https://gabriellesantosleandro.com"/>
    </telecom>
    <telecom>
      <system value="email"/>
      <value value="gabrielle.santos.leandro@gmail.com"/>
    </telecom>
  </contact>
  <contact>
    <name value="Gabrielle dos Santos Leandro"/>
    <telecom>
      <system value="url"/>
      <value value="https://gabriellesantosleandro.com.br"/>
      <use value="work"/>
    </telecom>
    <telecom>
      <system value="email"/>
      <value value="gabrielle.santos.leandro@gmail.com"/>
      <use value="work"/>
    </telecom>
  </contact>
  <description value="This ValueSet defines the response values for the VR-12 (Veterans RAND 12 Item Health Survey)."/>
  <compose>
    <include>
      <system value="https://connect.ichom.org/patient-centered-outcome-measures/stroke/vr12/"/>
      <concept>
        <code value="1"/>
        <display value="Excellent"/>
      </concept>
      <concept>
        <code value="2"/>
        <display value="Very Good"/>
      </concept>
      <concept>
        <code value="3"/>
        <display value="Good"/>
      </concept>
      <concept>
        <code value="4"/>
        <display value="Fair"/>
      </concept>
      <concept>
        <code value="5"/>
        <display value="Poor"/>
      </concept>
      <concept>
        <code value="6"/>
        <display value="All of the time"/>
      </concept>
      <concept>
        <code value="7"/>
        <display value="Most of the time"/>
      </concept>
      <concept>
        <code value="8"/>
        <display value="A good bit of the time"/>
      </concept>
      <concept>
        <code value="9"/>
        <display value="Some of the time"/>
      </concept>
      <concept>
        <code value="10"/>
        <display value="A little of the time"/>
      </concept>
      <concept>
        <code value="11"/>
        <display value="None of the time"/>
      </concept>
      <concept>
        <code value="12"/>
        <display value="Yes, limited a lot"/>
      </concept>
      <concept>
        <code value="13"/>
        <display value="Yes, limited a little"/>
      </concept>
      <concept>
        <code value="14"/>
        <display value="No, not limited at all"/>
      </concept>
      <concept>
        <code value="15"/>
        <display value="Much better"/>
      </concept>
      <concept>
        <code value="16"/>
        <display value="Slightly better"/>
      </concept>
      <concept>
        <code value="17"/>
        <display value="About the same"/>
      </concept>
      <concept>
        <code value="18"/>
        <display value="Slightly worse"/>
      </concept>
      <concept>
        <code value="19"/>
        <display value="Much worse"/>
      </concept>
      <concept>
        <code value="20"/>
        <display value="No, none of the time"/>
      </concept>
      <concept>
        <code value="21"/>
        <display value="Yes, a little of the time"/>
      </concept>
      <concept>
        <code value="22"/>
        <display value="Yes, some of the time"/>
      </concept>
      <concept>
        <code value="23"/>
        <display value="Yes, most of the time"/>
      </concept>
      <concept>
        <code value="24"/>
        <display value="Yes, all of the time"/>
      </concept>
    </include>
  </compose>
</ValueSet>