<?xml version="1.0" encoding="UTF-8"?>

<ValueSet xmlns="http://hl7.org/fhir">
  <id value="CVDComorbiditiesVS"/>
  <text>
    <status value="generated"/><div xmlns="http://www.w3.org/1999/xhtml"><ul><li>Include these codes as defined in <a href="CodeSystem-CVDComorbiditiesCS.html"><code>https://molic-avc.gabriellesantosleandro.com/CodeSystem/CVDComorbiditiesCS</code></a><table class="none"><tr><td style="white-space:nowrap"><b>Code</b></td><td><b>Display</b></td></tr><tr><td><a href="CodeSystem-CVDComorbiditiesCS.html#CVDComorbiditiesCS-0">0</a></td><td>No other diseases</td></tr><tr><td><a href="CodeSystem-CVDComorbiditiesCS.html#CVDComorbiditiesCS-1">1</a></td><td>Heart Disease (angina, heart attack, or HF)</td></tr><tr><td><a href="CodeSystem-CVDComorbiditiesCS.html#CVDComorbiditiesCS-2">2</a></td><td>High Blood Pressure</td></tr><tr><td><a href="CodeSystem-CVDComorbiditiesCS.html#CVDComorbiditiesCS-3">3</a></td><td>Atrial Fibrillation or Flutter</td></tr><tr><td><a href="CodeSystem-CVDComorbiditiesCS.html#CVDComorbiditiesCS-4">4</a></td><td>Chronic Pulmonary Disease (Asthma, Chronic Bronchitis, COPD, Emphysema)</td></tr><tr><td><a href="CodeSystem-CVDComorbiditiesCS.html#CVDComorbiditiesCS-5">5</a></td><td>Diabetes</td></tr><tr><td><a href="CodeSystem-CVDComorbiditiesCS.html#CVDComorbiditiesCS-6">6</a></td><td>Peripheral Artery Disease</td></tr><tr><td><a href="CodeSystem-CVDComorbiditiesCS.html#CVDComorbiditiesCS-7">7</a></td><td>Myocardial Infarction</td></tr><tr><td><a href="CodeSystem-CVDComorbiditiesCS.html#CVDComorbiditiesCS-8">8</a></td><td>Obesity</td></tr><tr><td><a href="CodeSystem-CVDComorbiditiesCS.html#CVDComorbiditiesCS-9">9</a></td><td>Stroke</td></tr><tr><td><a href="CodeSystem-CVDComorbiditiesCS.html#CVDComorbiditiesCS-10">10</a></td><td>Ulcer or Stomach disease</td></tr><tr><td><a href="CodeSystem-CVDComorbiditiesCS.html#CVDComorbiditiesCS-11">11</a></td><td>Renan Insufficiency</td></tr><tr><td><a href="CodeSystem-CVDComorbiditiesCS.html#CVDComorbiditiesCS-12">12</a></td><td>Liver Disease</td></tr><tr><td><a href="CodeSystem-CVDComorbiditiesCS.html#CVDComorbiditiesCS-13">13</a></td><td>Anemia or other blood disease</td></tr><tr><td><a href="CodeSystem-CVDComorbiditiesCS.html#CVDComorbiditiesCS-14">14</a></td><td>Cancer/Other Cancer in last 5 years</td></tr><tr><td><a href="CodeSystem-CVDComorbiditiesCS.html#CVDComorbiditiesCS-15">15</a></td><td>AIDS/Immunodeficiency</td></tr><tr><td><a href="CodeSystem-CVDComorbiditiesCS.html#CVDComorbiditiesCS-16">16</a></td><td>Presence/ History of Depression</td></tr><tr><td><a href="CodeSystem-CVDComorbiditiesCS.html#CVDComorbiditiesCS-17">17</a></td><td>Anxiety or Neuroses</td></tr><tr><td><a href="CodeSystem-CVDComorbiditiesCS.html#CVDComorbiditiesCS-18">18</a></td><td>Presence/History of Psychotic Mental Illness (e.g., Schizophrenia)</td></tr><tr><td><a href="CodeSystem-CVDComorbiditiesCS.html#CVDComorbiditiesCS-19">19</a></td><td>Substance Abuse</td></tr><tr><td><a href="CodeSystem-CVDComorbiditiesCS.html#CVDComorbiditiesCS-20">20</a></td><td>Osteoarthritis, degenerative arthritis</td></tr><tr><td><a href="CodeSystem-CVDComorbiditiesCS.html#CVDComorbiditiesCS-21">21</a></td><td>Rheumatoid Arthritis</td></tr><tr><td><a href="CodeSystem-CVDComorbiditiesCS.html#CVDComorbiditiesCS-22">22</a></td><td>Periodontal Disease</td></tr><tr><td><a href="CodeSystem-CVDComorbiditiesCS.html#CVDComorbiditiesCS-888">888</a></td><td>Other Medical Problems</td></tr></table></li></ul></div>
  </text>
  <url value="https://molic-avc.gabriellesantosleandro.com/ValueSet/CVDComorbiditiesVS"/>
  <version value="0.0.0"/>
  <name value="CVDComorbiditiesVS"/>
  <title value="Cardiovascular Comorbidities"/>
  <status value="active"/>
  <experimental value="false"/>
  <date value="2024-01-11T13:00:00-03:00"/>
  <publisher value="Gabrielle dos Santos Leandro"/>
  <contact>
    <name value="Gabrielle dos Santos Leandro"/>
    <telecom>
      <system value="url"/>
      <value value="https://gabriellesantosleandro.com"/>
    </telecom>
    <telecom>
      <system value="email"/>
      <value value="gabrielle.santos.leandro@gmail.com"/>
    </telecom>
  </contact>
  <contact>
    <name value="Gabrielle dos Santos Leandro"/>
    <telecom>
      <system value="url"/>
      <value value="https://gabriellesantosleandro.com.br"/>
      <use value="work"/>
    </telecom>
    <telecom>
      <system value="email"/>
      <value value="gabrielle.santos.leandro@gmail.com"/>
      <use value="work"/>
    </telecom>
  </contact>
  <description value="Valueset that indicate which comorbidities the patient is living with. Select all conditions that apply."/>
  <compose>
    <include>
      <system value="https://molic-avc.gabriellesantosleandro.com/CodeSystem/CVDComorbiditiesCS"/>
      <concept>
        <code value="0"/>
        <display value="No other diseases"/>
      </concept>
      <concept>
        <code value="1"/>
        <display value="Heart Disease (angina, heart attack, or HF)"/>
      </concept>
      <concept>
        <code value="2"/>
        <display value="High Blood Pressure"/>
      </concept>
      <concept>
        <code value="3"/>
        <display value="Atrial Fibrillation or Flutter"/>
      </concept>
      <concept>
        <code value="4"/>
        <display value="Chronic Pulmonary Disease (Asthma, Chronic Bronchitis, COPD, Emphysema)"/>
      </concept>
      <concept>
        <code value="5"/>
        <display value="Diabetes"/>
      </concept>
      <concept>
        <code value="6"/>
        <display value="Peripheral Artery Disease"/>
      </concept>
      <concept>
        <code value="7"/>
        <display value="Myocardial Infarction"/>
      </concept>
      <concept>
        <code value="8"/>
        <display value="Obesity"/>
      </concept>
      <concept>
        <code value="9"/>
        <display value="Stroke"/>
      </concept>
      <concept>
        <code value="10"/>
        <display value="Ulcer or Stomach disease"/>
      </concept>
      <concept>
        <code value="11"/>
        <display value="Renan Insufficiency"/>
      </concept>
      <concept>
        <code value="12"/>
        <display value="Liver Disease"/>
      </concept>
      <concept>
        <code value="13"/>
        <display value="Anemia or other blood disease"/>
      </concept>
      <concept>
        <code value="14"/>
        <display value="Cancer/Other Cancer in last 5 years"/>
      </concept>
      <concept>
        <code value="15"/>
        <display value="AIDS/Immunodeficiency"/>
      </concept>
      <concept>
        <code value="16"/>
        <display value="Presence/ History of Depression"/>
      </concept>
      <concept>
        <code value="17"/>
        <display value="Anxiety or Neuroses"/>
      </concept>
      <concept>
        <code value="18"/>
        <display value="Presence/History of Psychotic Mental Illness (e.g., Schizophrenia)"/>
      </concept>
      <concept>
        <code value="19"/>
        <display value="Substance Abuse"/>
      </concept>
      <concept>
        <code value="20"/>
        <display value="Osteoarthritis, degenerative arthritis"/>
      </concept>
      <concept>
        <code value="21"/>
        <display value="Rheumatoid Arthritis"/>
      </concept>
      <concept>
        <code value="22"/>
        <display value="Periodontal Disease"/>
      </concept>
      <concept>
        <code value="888"/>
        <display value="Other Medical Problems"/>
      </concept>
    </include>
  </compose>
</ValueSet>