<?xml version="1.0" encoding="UTF-8"?>

<ValueSet xmlns="http://hl7.org/fhir">
  <id value="molicavc-code-professional-valueset"/>
  <text>
    <status value="generated"/><div xmlns="http://www.w3.org/1999/xhtml">Placeholder</div>
  </text>
  <url value="https://molic-avc.gabriellesantosleandro.com/ValueSet/molicavc-code-professional-valueset"/>
  <version value="0.1.0"/>
  <name value="MolicAVC_CodeProfessionalValueSet"/>
  <title value="ValueSet of Professional Code"/>
  <status value="draft"/>
  <date value="2023-08-31T16:41:42-03:00"/>
  <publisher value="Gabrielle dos Santos Leandro"/>
  <contact>
    <name value="Gabrielle dos Santos Leandro"/>
    <telecom>
      <system value="url"/>
      <value value="https://molic-avc.gabriellesantosleandro.com"/>
    </telecom>
  </contact>
  <description value="This ValueSet is integral to the Molic-AVC project and details codes for professionals serving stroke patients in Brazil."/>
  <compose>
    <include>
      <system value="https://molic-avc.gabriellesantosleandro.com/ValueSet/molicavc-code_professional-valueset/"/>
      <concept>
        <code value="Doctor"/>
        <display value="CRM - Conselho Regional de Medicina"/>
      </concept>
      <concept>
        <code value="Nurse"/>
        <display value="COREN - Conselho Regional de Enfermagem"/>
      </concept>
      <concept>
        <code value="Nutritionist"/>
        <display value="CRN - Conselho Regional de Nutrição"/>
      </concept>
      <concept>
        <code value="Occupational_Therapist"/>
        <display value="COFFITO - Conselho Federal de Fisioterapia e Terapia Ocupacional"/>
      </concept>
      <concept>
        <code value="Physiotherapists"/>
        <display value="COFFITO - Conselho Federal de Fisioterapia e Terapia Ocupacional"/>
      </concept>
      <concept>
        <code value="Psychologists"/>
        <display value="CRP - Conselho Regional de Psicologia"/>
      </concept>
      <concept>
        <code value="Receptionist"/>
        <display value="Local Register - Receptionist"/>
      </concept>
    </include>
  </compose>
</ValueSet>