<?xml version="1.0" encoding="UTF-8"?>

<ValueSet xmlns="http://hl7.org/fhir">
  <id value="molicavc-code-healthcare-unit-valueset"/>
  <text>
    <status value="generated"/><div xmlns="http://www.w3.org/1999/xhtml">Placeholder</div>
  </text>
  <url value="https://molic-avc.gabriellesantosleandro.com/ValueSet/molicavc-code-healthcare-unit-valueset"/>
  <version value="0.1.0"/>
  <name value="MolicAVC_CodeHealthcareUnitValueSet"/>
  <title value="ValueSet of Healthcare Unit Code"/>
  <status value="draft"/>
  <date value="2023-09-08T18:23:11-03:00"/>
  <publisher value="Gabrielle dos Santos Leandro"/>
  <contact>
    <name value="Gabrielle dos Santos Leandro"/>
    <telecom>
      <system value="url"/>
      <value value="https://molic-avc.gabriellesantosleandro.com"/>
    </telecom>
  </contact>
  <description value="This ValueSet details codes for healthcare units serving stroke patients in Brazil."/>
  <compose>
    <include>
      <system value="https://molic-avc.gabriellesantosleandro.com/ValueSet/molicavc-code_healthunit-valueset/"/>
      <concept>
        <code value="UBSF"/>
        <display value="Public Primary Care (CNES)"/>
      </concept>
      <concept>
        <code value="STROKEHOSP"/>
        <display value="Public Reference Hospital (CNES)"/>
      </concept>
      <concept>
        <code value="NONSTROKEHOSP"/>
        <display value="Public Non-Reference Hospital (CNES)"/>
      </concept>
      <concept>
        <code value="UPA"/>
        <display value="Public Emergency Unit (CNES)"/>
      </concept>
      <concept>
        <code value="SAMU"/>
        <display value="Public Ambulance (CNES)"/>
      </concept>
      <concept>
        <code value="REAB"/>
        <display value="Public Rehabilitation Unit (CNES)"/>
      </concept>
      <concept>
        <code value="OTHER"/>
        <display value="Public Rehabilitation Unit (CNES)"/>
      </concept>
      <concept>
        <code value="PRIVATE"/>
        <display value="Private Healthcare Service: Other Code"/>
      </concept>
    </include>
  </compose>
</ValueSet>