<?xml version="1.0" encoding="UTF-8"?>

<ValueSet xmlns="http://hl7.org/fhir">
  <id value="live-alone-pre-stroke"/>
  <text>
    <status value="generated"/><div xmlns="http://www.w3.org/1999/xhtml"><ul><li>Include these codes as defined in <code>https://connect.ichom.org/patient-centered-outcome-measures/stroke</code><table class="none"><tr><td style="white-space:nowrap"><b>Code</b></td><td><b>Display</b></td></tr><tr><td>1</td><td>Yes, I lived alone</td></tr><tr><td>2</td><td>No, I shared my household with a spouse/partner or another person (e.g. sibling, children, parents)</td></tr><tr><td>999</td><td>Unknown</td></tr></table></li></ul></div>
  </text>
  <url value="https://www.gabriellesantosleandro.com/molic-avc/ValueSet/live-alone-pre-stroke"/>
  <version value="0.1.0"/>
  <name value="MolicAVC_LiveAlonePreStrokeValueSet"/>
  <title value="Live Alone Pre-Stroke ValueSet"/>
  <status value="draft"/>
  <date value="2023-08-15T15:21:17-03:00"/>
  <publisher value="Gabrielle dos Santos Leandro"/>
  <contact>
    <name value="Gabrielle dos Santos Leandro"/>
    <telecom>
      <system value="url"/>
      <value value="https://www.gabriellesantosleandro.com"/>
    </telecom>
  </contact>
  <description value="ValueSet indicating whether a patient lived alone prior to a stroke event based on ICHOM terminology."/>
  <compose>
    <include>
      <system value="https://connect.ichom.org/patient-centered-outcome-measures/stroke"/>
      <concept>
        <code value="1"/>
        <display value="Yes, I lived alone"/>
      </concept>
      <concept>
        <code value="2"/>
        <display value="No, I shared my household with a spouse/partner or another person (e.g. sibling, children, parents)"/>
      </concept>
      <concept>
        <code value="999"/>
        <display value="Unknown"/>
      </concept>
    </include>
  </compose>
</ValueSet>