{"resourceType":"ValueSet","id":"molicavc-code-professional-valueset","text":{"status":"generated","div":"<div xmlns=\"http://www.w3.org/1999/xhtml\"><ul><li>Include these codes as defined in <code>https://www.gabriellesantosleandro.com/molic-avc/ValueSet/molicavc-code_professional-valueset/</code><table class=\"none\"><tr><td style=\"white-space:nowrap\"><b>Code</b></td><td><b>Display</b></td></tr><tr><td>Doctor</td><td>CRM - Conselho Regional de Medicina</td></tr><tr><td>Nurse</td><td>COREN - Conselho Regional de Enfermagem</td></tr><tr><td>Nutritionist</td><td>CRN - Conselho Regional de Nutrição</td></tr><tr><td>Occupational_Therapist</td><td>COFFITO - Conselho Federal de Fisioterapia e Terapia Ocupacional</td></tr><tr><td>Physiotherapists</td><td>COFFITO - Conselho Federal de Fisioterapia e Terapia Ocupacional</td></tr><tr><td>Psychologists</td><td>CRP - Conselho Regional de Psicologia</td></tr><tr><td>Receptionist</td><td>Local Register - Receptionist</td></tr></table></li></ul></div>"},"url":"https://www.gabriellesantosleandro.com/molic-avc/ValueSet/molicavc-code-professional-valueset","version":"0.1.0","name":"MolicAVC_CodeProfessionalValueSet","title":"Professional Code ValueSet","status":"draft","date":"2023-08-15T15:21:17-03:00","publisher":"Gabrielle dos Santos Leandro","contact":[{"name":"Gabrielle dos Santos Leandro","telecom":[{"system":"url","value":"https://www.gabriellesantosleandro.com"}]}],"description":"This ValueSet is integral to the Molic-AVC project and details codes for professionals serving stroke patients in Brazil. It includes:\r\n- Doctors: CRM (Conselho Regional de Medicina)\r\n- Nurses: COREN (Conselho Regional de Enfermagem)\r\n- Nutritionists: CRN (Conselho Regional de Nutrição)\r\n- Occupational therapists and Physiotherapists: COFFITO (Conselho Federal de Fisioterapia e Terapia Ocupacional)\r\n- Psychologists: CRP (Conselho Regional de Psicologia)\r\n- Receptionists: Locally provided code.\r\nEach profession is associated with its respective Brazilian registration or licensing entity.","compose":{"include":[{"system":"https://www.gabriellesantosleandro.com/molic-avc/ValueSet/molicavc-code_professional-valueset/","concept":[{"code":"Doctor","display":"CRM - Conselho Regional de Medicina"},{"code":"Nurse","display":"COREN - Conselho Regional de Enfermagem"},{"code":"Nutritionist","display":"CRN - Conselho Regional de Nutrição"},{"code":"Occupational_Therapist","display":"COFFITO - Conselho Federal de Fisioterapia e Terapia Ocupacional"},{"code":"Physiotherapists","display":"COFFITO - Conselho Federal de Fisioterapia e Terapia Ocupacional"},{"code":"Psychologists","display":"CRP - Conselho Regional de Psicologia"},{"code":"Receptionist","display":"Local Register - Receptionist"}]}]}}