<?xml version="1.0" encoding="UTF-8"?><CodeSystem xmlns="http://hl7.org/fhir"><id value="DischDestCS"/><text><status value="generated"/><div xmlns="http://www.w3.org/1999/xhtml"><p>This case-insensitive code system <code>https://molic-avc.gabriellesantosleandro.com/CodeSystem/DischDestCS</code> defines the following codes:</p><table class="codes"><tr><td style="white-space:nowrap"><b>Code</b></td><td><b>Display</b></td></tr><tr><td style="white-space:nowrap">1<a name="DischDestCS-1"> </a></td><td>Home or community-dwelling (not home hospice)</td></tr><tr><td style="white-space:nowrap">2<a name="DischDestCS-2"> </a></td><td>Residential facility</td></tr><tr><td style="white-space:nowrap">3<a name="DischDestCS-3"> </a></td><td>Dedicated inpatient rehabilitation facility</td></tr><tr><td style="white-space:nowrap">4<a name="DischDestCS-4"> </a></td><td>Another acute care hospital</td></tr><tr><td style="white-space:nowrap">5<a name="DischDestCS-5"> </a></td><td>Patient died in hospital</td></tr><tr><td style="white-space:nowrap">888<a name="DischDestCS-888"> </a></td><td>Other</td></tr><tr><td style="white-space:nowrap">999<a name="DischDestCS-999"> </a></td><td>Unknown</td></tr></table></div></text><url value="https://molic-avc.gabriellesantosleandro.com/CodeSystem/DischDestCS"/><version value="0.0.0"/><name value="DischDestCS"/><title value="Discharge Location"/><status value="active"/><experimental value="false"/><date value="2024-01-11T13:00:00-03:00"/><publisher value="Gabrielle dos Santos Leandro"/><contact><name value="Gabrielle dos Santos Leandro"/><telecom><system value="url"/><value value="https://gabriellesantosleandro.com"/></telecom><telecom><system value="email"/><value value="gabrielle.santos.leandro@gmail.com"/></telecom></contact><contact><name value="Gabrielle dos Santos Leandro"/><telecom><system value="url"/><value value="https://gabriellesantosleandro.com.br"/><use value="work"/></telecom><telecom><system value="email"/><value value="gabrielle.santos.leandro@gmail.com"/><use value="work"/></telecom></contact><description value="CodeSystem about Discharge destination following acute care hospitalization. What type of place was the patient discharged to?"/><caseSensitive value="false"/><content value="complete"/><count value="7"/><concept><code value="1"/><display value="Home or community-dwelling (not home hospice)"/></concept><concept><code value="2"/><display value="Residential facility"/></concept><concept><code value="3"/><display value="Dedicated inpatient rehabilitation facility"/></concept><concept><code value="4"/><display value="Another acute care hospital"/></concept><concept><code value="5"/><display value="Patient died in hospital"/></concept><concept><code value="888"/><display value="Other"/></concept><concept><code value="999"/><display value="Unknown"/></concept></CodeSystem>