<?xml version="1.0" encoding="UTF-8"?><ValueSet xmlns="http://hl7.org/fhir"><id value="molicavc-functionalstatus-valueset"/><text><status value="generated"/><div xmlns="http://www.w3.org/1999/xhtml"><ul><li>Include these codes as defined in <code>https://connect.ichom.org/patient-centered-outcome-measures/stroke/functionalstatus/</code><table class="none"><tr><td style="white-space:nowrap"><b>Code</b></td><td><b>Display</b></td></tr><tr><td>0</td><td>0 = No.</td></tr><tr><td>1</td><td>1 = Yes.</td></tr><tr><td>999</td><td>999 = Unknown.</td></tr></table></li></ul></div></text><url value="https://molic-avc.gabriellesantosleandro.com/ValueSet/molicavc-functionalstatus-valueset"/><version value="0.1.0"/><name value="MolicAVC_FunctionalStatus_ValueSet"/><title value="ValueSet of Functional Aspects and Rehabilitation: Feeding, Communication, and Stroke Rehabilitation"/><status value="draft"/><date value="2023-09-08T18:23:11-03:00"/><publisher value="Gabrielle dos Santos Leandro"/><contact><name value="Gabrielle dos Santos Leandro"/><telecom><system value="url"/><value value="https://molic-avc.gabriellesantosleandro.com"/></telecom></contact><description value="This ValueSet defines the response values for the Functional Aspects and Rehabilitation: Feeding, Communication, &#xD;&#xA;and Stroke Rehabilitation."/><compose><include><system value="https://connect.ichom.org/patient-centered-outcome-measures/stroke/functionalstatus/"/><concept><code value="0"/><display value="0 = No."/></concept><concept><code value="1"/><display value="1 = Yes."/></concept><concept><code value="999"/><display value="999 = Unknown."/></concept></include></compose></ValueSet>