<?xml version="1.0" encoding="UTF-8"?><ValueSet xmlns="http://hl7.org/fhir"><id value="molicavc-hrhsqol-valueset"/><text><status value="generated"/><div xmlns="http://www.w3.org/1999/xhtml"><ul><li>Include these codes as defined in <code>https://connect.ichom.org/patient-centered-outcome-measures/stroke</code><table class="none"><tr><td style="white-space:nowrap"><b>Code</b></td><td><b>Display</b></td></tr><tr><td>1</td><td>EuroQoL-5D-3L (EQ-5D-3L)</td></tr><tr><td>2</td><td>WHODAS V2.0-12</td></tr><tr><td>3</td><td>VR-12</td></tr><tr><td>4</td><td>PROMIS-10</td></tr></table></li></ul></div></text><url value="https://molic-avc.gabriellesantosleandro.com/ValueSet/molicavc-hrhsqol-valueset"/><version value="0.1.0"/><name value="MolicAVC_HR-HSQoL_ValueSet"/><title value="ValueSet of Health-related Quality of Life Response Question"/><status value="draft"/><date value="2023-08-31T16:41:42-03:00"/><publisher value="Gabrielle dos Santos Leandro"/><contact><name value="Gabrielle dos Santos Leandro"/><telecom><system value="url"/><value value="https://molic-avc.gabriellesantosleandro.com"/></telecom></contact><description value="This ValueSet defines the response values for the Health-related Quality of Life Response Question."/><compose><include><system value="https://connect.ichom.org/patient-centered-outcome-measures/stroke"/><concept><code value="1"/><display value="EuroQoL-5D-3L (EQ-5D-3L)"/></concept><concept><code value="2"/><display value="WHODAS V2.0-12"/></concept><concept><code value="3"/><display value="VR-12"/></concept><concept><code value="4"/><display value="PROMIS-10"/></concept></include></compose></ValueSet>