<?xml version="1.0" encoding="UTF-8"?><ValueSet xmlns="http://hl7.org/fhir"><id value="StrokeSevLocVS"/><text><status value="generated"/><div xmlns="http://www.w3.org/1999/xhtml"><ul><li>Include these codes as defined in <code>https://connect.ichom.org/patient-centered-outcome-measures/stroke/consciousness/</code><table class="none"><tr><td style="white-space:nowrap"><b>Code</b></td><td><b>Display</b></td></tr><tr><td>0</td><td>Fully awake</td></tr><tr><td>1</td><td>Somnolent</td></tr><tr><td>2</td><td>Coma</td></tr><tr><td>999</td><td>Unknown</td></tr></table></li></ul></div></text><url value="https://molic-avc.gabriellesantosleandro.com/ValueSet/StrokeSevLocVS"/><version value="1.0.1"/><name value="StrokeSevLocVS"/><title value="ValueSet Categorizing the State of Consciousness according to the ICHOM standard."/><status value="active"/><date value="2023-11-21T19:08:35-03:00"/><publisher value="Gabrielle dos Santos Leandro"/><contact><name value="Gabrielle dos Santos Leandro"/><telecom><system value="url"/><value value="https://gabriellesantosleandro.com"/></telecom><telecom><system value="email"/><value value="gabrielle.santos.leandro@gmail.com"/></telecom></contact><contact><name value="Gabrielle dos Santos Leandro"/><telecom><system value="url"/><value value="https://gabriellesantosleandro.com.br"/><use value="work"/></telecom><telecom><system value="email"/><value value="gabrielle.santos.leandro@gmail.com"/><use value="work"/></telecom></contact><description value="This ValueSet is based on the ICHOM standard and it indicates the patient's state of consciousness as measured upon arrival at the reference hospital."/><compose><include><system value="https://connect.ichom.org/patient-centered-outcome-measures/stroke/consciousness/"/><concept><code value="0"/><display value="Fully awake"/></concept><concept><code value="1"/><display value="Somnolent"/></concept><concept><code value="2"/><display value="Coma"/></concept><concept><code value="999"/><display value="Unknown"/></concept></include></compose></ValueSet>