<?xml version="1.0" encoding="UTF-8"?><ValueSet xmlns="http://hl7.org/fhir"><id value="SMRSqVS"/><text><status value="generated"/><div xmlns="http://www.w3.org/1999/xhtml"><ul><li>Include these codes as defined in <a href="CodeSystem-SMRSqCS.html"><code>https://molic-avc.gabriellesantosleandro.com/CodeSystem/SMRSqCS</code></a><table class="none"><tr><td style="white-space:nowrap"><b>Code</b></td><td><b>Display</b></td></tr><tr><td><a href="CodeSystem-SMRSqCS.html#SMRSqCS-0">0</a></td><td>No symptoms at all.</td></tr><tr><td><a href="CodeSystem-SMRSqCS.html#SMRSqCS-1">1</a></td><td>No significant disability despite symptoms; able to carry out all usual duties and activities.</td></tr><tr><td><a href="CodeSystem-SMRSqCS.html#SMRSqCS-2">2</a></td><td>Slight disability; unable to carry out all previous activities but able to look after own affairs without assistance.</td></tr><tr><td><a href="CodeSystem-SMRSqCS.html#SMRSqCS-3">3</a></td><td>Moderate disability; requiring some help, but able to walk without assistance.</td></tr><tr><td><a href="CodeSystem-SMRSqCS.html#SMRSqCS-4">4</a></td><td>Moderately severe disability; unable to walk without assistance and unable to attend to own bodily needs without assistance.</td></tr><tr><td><a href="CodeSystem-SMRSqCS.html#SMRSqCS-5">5</a></td><td>Severe disability; bedridden, incontinent and requiring constant nursing care and attention.</td></tr><tr><td><a href="CodeSystem-SMRSqCS.html#SMRSqCS-6">6</a></td><td>Dead.</td></tr></table></li></ul></div></text><url value="https://molic-avc.gabriellesantosleandro.com/ValueSet/SMRSqVS"/><version value="0.0.0"/><name value="SMRSqVS"/><title value="Simplified modified Ranking Scale questionnaire (SMRSq)"/><status value="active"/><experimental value="false"/><date value="2024-01-11T13:00:00-03:00"/><publisher value="Gabrielle dos Santos Leandro"/><contact><name value="Gabrielle dos Santos Leandro"/><telecom><system value="url"/><value value="https://gabriellesantosleandro.com"/></telecom><telecom><system value="email"/><value value="gabrielle.santos.leandro@gmail.com"/></telecom></contact><contact><name value="Gabrielle dos Santos Leandro"/><telecom><system value="url"/><value value="https://gabriellesantosleandro.com.br"/><use value="work"/></telecom><telecom><system value="email"/><value value="gabrielle.santos.leandro@gmail.com"/><use value="work"/></telecom></contact><description value="ValueSet that defines the response values for the simplified modified Ranking Scale questionnaire."/><compose><include><system value="https://molic-avc.gabriellesantosleandro.com/CodeSystem/SMRSqCS"/><concept><code value="0"/><display value="No symptoms at all."/></concept><concept><code value="1"/><display value="No significant disability despite symptoms; able to carry out all usual duties and activities."/></concept><concept><code value="2"/><display value="Slight disability; unable to carry out all previous activities but able to look after own affairs without assistance."/></concept><concept><code value="3"/><display value="Moderate disability; requiring some help, but able to walk without assistance."/></concept><concept><code value="4"/><display value="Moderately severe disability; unable to walk without assistance and unable to attend to own bodily needs without assistance."/></concept><concept><code value="5"/><display value="Severe disability; bedridden, incontinent and requiring constant nursing care and attention."/></concept><concept><code value="6"/><display value="Dead."/></concept></include></compose></ValueSet>