<?xml version="1.0" encoding="UTF-8"?><ValueSet xmlns="http://hl7.org/fhir"><id value="DischDestVS"/><text><status value="generated"/><div xmlns="http://www.w3.org/1999/xhtml"><ul><li>Include these codes as defined in <code>https://connect.ichom.org/patient-centered-outcome-measures/stroke/discharge-location/</code><table class="none"><tr><td style="white-space:nowrap"><b>Code</b></td><td><b>Display</b></td></tr><tr><td>1</td><td>Home or community-dwelling (not home hospice)</td></tr><tr><td>2</td><td>Residential facility</td></tr><tr><td>3</td><td>Dedicated inpatient rehabilitation facility</td></tr><tr><td>4</td><td>Another acute care hospital</td></tr><tr><td>5</td><td>Patient died in hospital</td></tr><tr><td>888</td><td>Other</td></tr><tr><td>999</td><td>Unknown</td></tr></table></li></ul></div></text><url value="https://molic-avc.gabriellesantosleandro.com/ValueSet/DischDestVS"/><version value="1.0.1"/><name value="DischDestVS"/><title value="ValueSet of Discharge Location"/><status value="active"/><date value="2023-11-21T19:08:35-03:00"/><publisher value="Gabrielle dos Santos Leandro"/><contact><name value="Gabrielle dos Santos Leandro"/><telecom><system value="url"/><value value="https://gabriellesantosleandro.com"/></telecom><telecom><system value="email"/><value value="gabrielle.santos.leandro@gmail.com"/></telecom></contact><contact><name value="Gabrielle dos Santos Leandro"/><telecom><system value="url"/><value value="https://gabriellesantosleandro.com.br"/><use value="work"/></telecom><telecom><system value="email"/><value value="gabrielle.santos.leandro@gmail.com"/><use value="work"/></telecom></contact><description value="Discharge destination following acute care hospitalization. What type of place was the patient discharged to?"/><compose><include><system value="https://connect.ichom.org/patient-centered-outcome-measures/stroke/discharge-location/"/><concept><code value="1"/><display value="Home or community-dwelling (not home hospice)"/></concept><concept><code value="2"/><display value="Residential facility"/></concept><concept><code value="3"/><display value="Dedicated inpatient rehabilitation facility"/></concept><concept><code value="4"/><display value="Another acute care hospital"/></concept><concept><code value="5"/><display value="Patient died in hospital"/></concept><concept><code value="888"/><display value="Other"/></concept><concept><code value="999"/><display value="Unknown"/></concept></include></compose></ValueSet>