<?xml version="1.0" encoding="UTF-8"?><ValueSet xmlns="http://hl7.org/fhir"><id value="molicavc-sex-valueset"/><text><status value="generated"/><div xmlns="http://www.w3.org/1999/xhtml"><ul><li>Include these codes as defined in <code>https://connect.ichom.org/patient-centered-outcome-measures/stroke</code><table class="none"><tr><td style="white-space:nowrap"><b>Code</b></td><td><b>Display</b></td></tr><tr><td>1</td><td>Male</td></tr><tr><td>2</td><td>Female</td></tr><tr><td>3</td><td>Other</td></tr><tr><td>4</td><td>Undisclosed</td></tr></table></li></ul></div></text><url value="https://molic-avc.gabriellesantosleandro.com/ValueSet/molicavc-sex-valueset"/><version value="0.1.0"/><name value="MolicAVC_SexValueSet"/><title value="Sex ValueSet"/><status value="draft"/><date value="2023-08-25T01:55:28-03:00"/><publisher value="Gabrielle dos Santos Leandro"/><contact><name value="Gabrielle dos Santos Leandro"/><telecom><system value="url"/><value value="https://molic-avc.gabriellesantosleandro.com"/></telecom></contact><description value="Value set for the patient's sex at birth according to the ICHOM standard."/><compose><include><system value="https://connect.ichom.org/patient-centered-outcome-measures/stroke"/><concept><code value="1"/><display value="Male"/></concept><concept><code value="2"/><display value="Female"/></concept><concept><code value="3"/><display value="Other"/></concept><concept><code value="4"/><display value="Undisclosed"/></concept></include></compose></ValueSet>