<?xml version="1.0" encoding="UTF-8"?><ValueSet xmlns="http://hl7.org/fhir"><id value="molicavc-functionalaspectsrehabilitation-valueset"/><text><status value="generated"/><div xmlns="http://www.w3.org/1999/xhtml"><ul><li>Include these codes as defined in <code>https://connect.ichom.org/patient-centered-outcome-measures/stroke/functionalaspectsrehabilitation/</code><table class="none"><tr><td style="white-space:nowrap"><b>Code</b></td><td><b>Display</b></td></tr><tr><td>1</td><td>1 = Able to walk without help from another person with or without a device.</td></tr><tr><td>2</td><td>2 = Able to walk with help from another person.</td></tr><tr><td>3</td><td>3 = Unable to walk.</td></tr><tr><td>4</td><td>1 = I could manage going to the toilet without assistance.</td></tr><tr><td>5</td><td>2 = I needed help to go to the toilet.</td></tr><tr><td>6</td><td>1 = I could manage dressing/undressing without help.</td></tr><tr><td>7</td><td>2 = I needed help dressing/undressing.</td></tr></table></li></ul></div></text><url value="https://molic-avc.gabriellesantosleandro.com/ValueSet/molicavc-functionalaspectsrehabilitation-valueset"/><version value="1.0.1"/><name value="MolicAVC_FunctionalAspectsRehabilitation_ValueSet"/><title value="ValueSet of Prestroke and Poststroke Functional Status questionnaire"/><status value="active"/><date value="2023-10-17T16:55:27-03:00"/><publisher value="Gabrielle dos Santos Leandro"/><contact><name value="Gabrielle dos Santos Leandro"/><telecom><system value="url"/><value value="https://gabriellesantosleandro.com"/></telecom><telecom><system value="email"/><value value="gabrielle.santos.leandro@gmail.com"/></telecom></contact><contact><name value="Gabrielle dos Santos Leandro"/><telecom><system value="url"/><value value="https://gabriellesantosleandro.com.br"/><use value="work"/></telecom><telecom><system value="email"/><value value="gabrielle.santos.leandro@gmail.com"/><use value="work"/></telecom></contact><description value="This ValueSet defines the response values for the Prestroke and Poststroke Functional Status questionnaire."/><compose><include><system value="https://connect.ichom.org/patient-centered-outcome-measures/stroke/functionalaspectsrehabilitation/"/><concept><code value="1"/><display value="1 = Able to walk without help from another person with or without a device."/></concept><concept><code value="2"/><display value="2 = Able to walk with help from another person."/></concept><concept><code value="3"/><display value="3 = Unable to walk."/></concept><concept><code value="4"/><display value="1 = I could manage going to the toilet without assistance."/></concept><concept><code value="5"/><display value="2 = I needed help to go to the toilet."/></concept><concept><code value="6"/><display value="1 = I could manage dressing/undressing without help."/></concept><concept><code value="7"/><display value="2 = I needed help dressing/undressing."/></concept></include></compose></ValueSet>