<?xml version="1.0" encoding="UTF-8"?><ValueSet xmlns="http://hl7.org/fhir"><id value="molicavc-cvdcomorbidities-valueset"/><text><status value="generated"/><div xmlns="http://www.w3.org/1999/xhtml"><ul><li>Include these codes as defined in <code>https://connect.ichom.org/patient-centered-outcome-measures/stroke/cvdcomorbidities/</code><table class="none"><tr><td style="white-space:nowrap"><b>Code</b></td><td><b>Display</b></td></tr><tr><td>0</td><td>No other diseases</td></tr><tr><td>1</td><td>Heart Disease (angina, heart attack, or HF)</td></tr><tr><td>2</td><td>High Blood Pressure</td></tr><tr><td>3</td><td>Atrial Fibrillation or Flutter</td></tr><tr><td>4</td><td>Chronic Pulmonary Disease (Asthma, Chronic Bronchitis, COPD, Emphysema)</td></tr><tr><td>5</td><td>Diabetes</td></tr><tr><td>6</td><td>Peripheral Artery Disease</td></tr><tr><td>7</td><td>Myocardial Infarction</td></tr><tr><td>8</td><td>Obesity</td></tr><tr><td>9</td><td>Stroke</td></tr><tr><td>10</td><td>Ulcer or Stomach disease</td></tr><tr><td>11</td><td>Renan Insufficiency</td></tr><tr><td>12</td><td>Liver Disease</td></tr><tr><td>13</td><td>Anemia or other blood disease</td></tr><tr><td>14</td><td>Cancer/Other Cancer in last 5 years</td></tr><tr><td>15</td><td>AIDS/Immunodeficiency</td></tr><tr><td>16</td><td>Presence/ History of Depression</td></tr><tr><td>17</td><td>Anxiety or Neuroses</td></tr><tr><td>18</td><td>Presence/History of Psychotic Mental Illness (e.g., Schizophrenia)</td></tr><tr><td>19</td><td>Substance Abuse</td></tr><tr><td>20</td><td>Osteoarthritis, degenerative arthritis</td></tr><tr><td>21</td><td>Rheumatoid Arthritis</td></tr><tr><td>22</td><td>Periodontal Disease</td></tr><tr><td>888</td><td>Other Medical Problems</td></tr></table></li></ul></div></text><url value="https://molic-avc.gabriellesantosleandro.com/ValueSet/molicavc-cvdcomorbidities-valueset"/><version value="1.0.1"/><name value="CardiovascularComorbidities_ValueSet"/><title value="ValueSet of Cardiovascular Comorbidities"/><status value="active"/><date value="2023-10-25T16:05:12-03:00"/><publisher value="Gabrielle dos Santos Leandro"/><contact><name value="Gabrielle dos Santos Leandro"/><telecom><system value="url"/><value value="https://gabriellesantosleandro.com"/></telecom><telecom><system value="email"/><value value="gabrielle.santos.leandro@gmail.com"/></telecom></contact><contact><name value="Gabrielle dos Santos Leandro"/><telecom><system value="url"/><value value="https://gabriellesantosleandro.com.br"/><use value="work"/></telecom><telecom><system value="email"/><value value="gabrielle.santos.leandro@gmail.com"/><use value="work"/></telecom></contact><description value=" Indicate which comorbidities the patient is living with. Select all conditions that apply at every annual follow-up."/><compose><include><system value="https://connect.ichom.org/patient-centered-outcome-measures/stroke/cvdcomorbidities/"/><concept><code value="0"/><display value="No other diseases"/></concept><concept><code value="1"/><display value="Heart Disease (angina, heart attack, or HF)"/></concept><concept><code value="2"/><display value="High Blood Pressure"/></concept><concept><code value="3"/><display value="Atrial Fibrillation or Flutter"/></concept><concept><code value="4"/><display value="Chronic Pulmonary Disease (Asthma, Chronic Bronchitis, COPD, Emphysema)"/></concept><concept><code value="5"/><display value="Diabetes"/></concept><concept><code value="6"/><display value="Peripheral Artery Disease"/></concept><concept><code value="7"/><display value="Myocardial Infarction"/></concept><concept><code value="8"/><display value="Obesity"/></concept><concept><code value="9"/><display value="Stroke"/></concept><concept><code value="10"/><display value="Ulcer or Stomach disease"/></concept><concept><code value="11"/><display value="Renan Insufficiency"/></concept><concept><code value="12"/><display value="Liver Disease"/></concept><concept><code value="13"/><display value="Anemia or other blood disease"/></concept><concept><code value="14"/><display value="Cancer/Other Cancer in last 5 years"/></concept><concept><code value="15"/><display value="AIDS/Immunodeficiency"/></concept><concept><code value="16"/><display value="Presence/ History of Depression"/></concept><concept><code value="17"/><display value="Anxiety or Neuroses"/></concept><concept><code value="18"/><display value="Presence/History of Psychotic Mental Illness (e.g., Schizophrenia)"/></concept><concept><code value="19"/><display value="Substance Abuse"/></concept><concept><code value="20"/><display value="Osteoarthritis, degenerative arthritis"/></concept><concept><code value="21"/><display value="Rheumatoid Arthritis"/></concept><concept><code value="22"/><display value="Periodontal Disease"/></concept><concept><code value="888"/><display value="Other Medical Problems"/></concept></include></compose></ValueSet>