<?xml version="1.0" encoding="UTF-8"?><ValueSet xmlns="http://hl7.org/fhir"><id value="professionalcode-valueset"/><text><status value="generated"/><div xmlns="http://www.w3.org/1999/xhtml"><ul><li>Include these codes as defined in <code>https://molic-avc.gabriellesantosleandro.com/ValueSet/professionalcode-valueset/</code><table class="none"><tr><td style="white-space:nowrap"><b>Code</b></td><td><b>Display</b></td></tr><tr><td>CRM</td><td>CRM - Conselho Regional de Medicina</td></tr><tr><td>COREN</td><td>COREN - Conselho Regional de Enfermagem</td></tr><tr><td>CRN</td><td>CRN - Conselho Regional de Nutrição</td></tr><tr><td>COFFITO</td><td>COFFITO - Conselho Federal de Fisioterapia e Terapia Ocupacional</td></tr><tr><td>CRP</td><td>CRP - Conselho Regional de Psicologia</td></tr><tr><td>LocalRegister</td><td>Local Register - Receptionist</td></tr></table></li></ul></div></text><url value="https://molic-avc.gabriellesantosleandro.com/ValueSet/professionalcode-valueset"/><version value="1.0.1"/><name value="ProfessionalCode_ValueSet"/><title value="ValueSet of Professional Code"/><status value="active"/><date value="2023-11-21T19:08:35-03:00"/><publisher value="Gabrielle dos Santos Leandro"/><contact><name value="Gabrielle dos Santos Leandro"/><telecom><system value="url"/><value value="https://gabriellesantosleandro.com"/></telecom><telecom><system value="email"/><value value="gabrielle.santos.leandro@gmail.com"/></telecom></contact><contact><name value="Gabrielle dos Santos Leandro"/><telecom><system value="url"/><value value="https://gabriellesantosleandro.com.br"/><use value="work"/></telecom><telecom><system value="email"/><value value="gabrielle.santos.leandro@gmail.com"/><use value="work"/></telecom></contact><description value="This ValueSet is integral to the Molic-AVC project and details codes for professionals serving stroke patients in Brazil."/><compose><include><system value="https://molic-avc.gabriellesantosleandro.com/ValueSet/professionalcode-valueset/"/><concept><code value="CRM"/><display value="CRM - Conselho Regional de Medicina"/></concept><concept><code value="COREN"/><display value="COREN - Conselho Regional de Enfermagem"/></concept><concept><code value="CRN"/><display value="CRN - Conselho Regional de Nutrição"/></concept><concept><code value="COFFITO"/><display value="COFFITO - Conselho Federal de Fisioterapia e Terapia Ocupacional"/></concept><concept><code value="CRP"/><display value="CRP - Conselho Regional de Psicologia"/></concept><concept><code value="LocalRegister"/><display value="Local Register - Receptionist"/></concept></include></compose></ValueSet>