<?xml version="1.0" encoding="UTF-8"?><ValueSet xmlns="http://hl7.org/fhir"><id value="EstStrokeSevNIHSSCatVS"/><text><status value="generated"/><div xmlns="http://www.w3.org/1999/xhtml"><ul><li>Include these codes as defined in <code>https://connect.ichom.org/patient-centered-outcome-measures/stroke/nihsscategory/</code><table class="none"><tr><td style="white-space:nowrap"><b>Code</b></td><td><b>Display</b></td></tr><tr><td>1</td><td>No stroke symptoms (NIHSS score = 0)</td></tr><tr><td>2</td><td>Minor (NIHSS score from 1 to 4)</td></tr><tr><td>3</td><td>Moderate (NIHSS score from 5 to 15)</td></tr><tr><td>4</td><td>Moderate to severe (NIHSS score from 16 to 20)</td></tr><tr><td>5</td><td>Severe (NIHSS score from 21 to 42)</td></tr><tr><td>999</td><td>Unknown</td></tr></table></li></ul></div></text><url value="https://molic-avc.gabriellesantosleandro.com/ValueSet/EstStrokeSevNIHSSCatVS"/><version value="1.0.1"/><name value="EstStrokeSevNIHSSCatVS"/><title value="ValueSet that categorizes the estimated severity of the stroke using the NIHSS according to the ICHOM standard."/><status value="active"/><date value="2023-11-21T18:47:54-03:00"/><publisher value="Gabrielle dos Santos Leandro"/><contact><name value="Gabrielle dos Santos Leandro"/><telecom><system value="url"/><value value="https://gabriellesantosleandro.com"/></telecom><telecom><system value="email"/><value value="gabrielle.santos.leandro@gmail.com"/></telecom></contact><contact><name value="Gabrielle dos Santos Leandro"/><telecom><system value="url"/><value value="https://gabriellesantosleandro.com.br"/><use value="work"/></telecom><telecom><system value="email"/><value value="gabrielle.santos.leandro@gmail.com"/><use value="work"/></telecom></contact><description value="This ValueSet is intended to categorize the severity of the stroke based on the National Institutes of Health Stroke Scale (NIHSS)."/><compose><include><system value="https://connect.ichom.org/patient-centered-outcome-measures/stroke/nihsscategory/"/><concept><code value="1"/><display value="No stroke symptoms (NIHSS score = 0)"/></concept><concept><code value="2"/><display value="Minor (NIHSS score from 1 to 4)"/></concept><concept><code value="3"/><display value="Moderate (NIHSS score from 5 to 15)"/></concept><concept><code value="4"/><display value="Moderate to severe (NIHSS score from 16 to 20)"/></concept><concept><code value="5"/><display value="Severe (NIHSS score from 21 to 42)"/></concept><concept><code value="999"/><display value="Unknown"/></concept></include></compose></ValueSet>