[
  {
    "id" : "guide",
    "type" : "ImplementationGuide",
    "url" : "https://molic-avc.gabriellesantosleandro.com/ImplementationGuide/guide",
    "version" : "1.0.1",
    "name" : "MolicAVC"
  },
  {
    "id" : "ClinicalResponseAnnualUpdate",
    "type" : "Questionnaire",
    "url" : "https://molic-avc.gabriellesantosleandro.com/Questionnaire/ClinicalResponseAnnualUpdate",
    "version" : "1.0.1",
    "name" : "clinician-reported-annual-update"
  },
  {
    "id" : "ClinicalResponseBaseline",
    "type" : "Questionnaire",
    "url" : "https://molic-avc.gabriellesantosleandro.com/Questionnaire/ClinicalResponseBaseline",
    "version" : "1.0.1",
    "name" : "clinician-reported-baseline"
  },
  {
    "id" : "ClinicalResponseDischargeOrSevenDays",
    "type" : "Questionnaire",
    "url" : "https://molic-avc.gabriellesantosleandro.com/Questionnaire/ClinicalResponseDischargeOrSevenDays",
    "version" : "1.0.1",
    "name" : "clinician-reported-discharge-7days"
  },
  {
    "id" : "ClinicalResponseNinetyDays",
    "type" : "Questionnaire",
    "url" : "https://molic-avc.gabriellesantosleandro.com/Questionnaire/ClinicalResponseNinetyDays",
    "version" : "1.0.1",
    "name" : "clinician-reported-90days"
  },
  {
    "id" : "PatientReportedBaseline",
    "type" : "Questionnaire",
    "url" : "https://molic-avc.gabriellesantosleandro.com/Questionnaire/PatientReportedBaseline",
    "version" : "1.0.1",
    "name" : "patient-reported-baseline"
  },
  {
    "id" : "PatientReportedDischargeOrSevenDays",
    "type" : "Questionnaire",
    "url" : "https://molic-avc.gabriellesantosleandro.com/Questionnaire/PatientReportedDischargeOrSevenDays",
    "version" : "1.0.1",
    "name" : "patient-reported-discharge-7days"
  },
  {
    "id" : "PatientReportedNinetyDays",
    "type" : "Questionnaire",
    "url" : "https://molic-avc.gabriellesantosleandro.com/Questionnaire/PatientReportedNinetyDays",
    "version" : "1.0.1",
    "name" : "patient-reported-discharge-90days"
  },
  {
    "id" : "AlcoholAmountExtension",
    "type" : "StructureDefinition",
    "url" : "https://molic-avc.gabriellesantosleandro.com/StructureDefinition/AlcoholAmountExtension",
    "version" : "1.0.1",
    "name" : "AlcoholAmountExtension"
  },
  {
    "id" : "Est-StrokeSevNIHSSCatExtension",
    "type" : "StructureDefinition",
    "url" : "https://molic-avc.gabriellesantosleandro.com/StructureDefinition/Est-StrokeSevNIHSSCatExtension",
    "version" : "1.0.1",
    "name" : "EstStrokeSevNIHSSCatExtension"
  },
  {
    "id" : "EthnicityExtension",
    "type" : "StructureDefinition",
    "url" : "https://molic-avc.gabriellesantosleandro.com/StructureDefinition/EthnicityExtension",
    "version" : "1.0.1",
    "name" : "EthnicityExtension"
  },
  {
    "id" : "GenderIdentityExtension",
    "type" : "StructureDefinition",
    "url" : "https://molic-avc.gabriellesantosleandro.com/StructureDefinition/GenderIdentityExtension",
    "version" : "1.0.1",
    "name" : "GenderIdentityExtension"
  },
  {
    "id" : "LiveAlonePreExtension",
    "type" : "StructureDefinition",
    "url" : "https://molic-avc.gabriellesantosleandro.com/StructureDefinition/LiveAlonePreExtension",
    "version" : "1.0.1",
    "name" : "LiveAlonePreExtension"
  },
  {
    "id" : "LivingLocPreExtension",
    "type" : "StructureDefinition",
    "url" : "https://molic-avc.gabriellesantosleandro.com/StructureDefinition/LivingLocPreExtension",
    "version" : "1.0.1",
    "name" : "LivingLocPreExtension"
  },
  {
    "id" : "RaceExtension",
    "type" : "StructureDefinition",
    "url" : "https://molic-avc.gabriellesantosleandro.com/StructureDefinition/RaceExtension",
    "version" : "1.0.1",
    "name" : "RaceExtension"
  },
  {
    "id" : "SmokingStatusExtension",
    "type" : "StructureDefinition",
    "url" : "https://molic-avc.gabriellesantosleandro.com/StructureDefinition/SmokingStatusExtension",
    "version" : "1.0.1",
    "name" : "SmokingStatusExtension"
  },
  {
    "id" : "StrokePatient",
    "type" : "StructureDefinition",
    "url" : "https://molic-avc.gabriellesantosleandro.com/StructureDefinition/StrokePatient",
    "version" : "1.0.1",
    "name" : "StrokePatient"
  },
  {
    "id" : "StrokeSev-NIHSS-Extension",
    "type" : "StructureDefinition",
    "url" : "https://molic-avc.gabriellesantosleandro.com/StructureDefinition/StrokeSev-NIHSS-Extension",
    "version" : "1.0.1",
    "name" : "StrokeSevNIHSSExtension"
  },
  {
    "id" : "StrokeSevLocExtension",
    "type" : "StructureDefinition",
    "url" : "https://molic-avc.gabriellesantosleandro.com/StructureDefinition/StrokeSevLocExtension",
    "version" : "1.0.1",
    "name" : "StrokeSevLocExtension"
  },
  {
    "id" : "SymtDurExtension",
    "type" : "StructureDefinition",
    "url" : "https://molic-avc.gabriellesantosleandro.com/StructureDefinition/SymtDurExtension",
    "version" : "1.0.1",
    "name" : "SymtDurExtension"
  },
  {
    "id" : "molicavc-encounter-profile",
    "type" : "StructureDefinition",
    "url" : "https://molic-avc.gabriellesantosleandro.com/StructureDefinition/molicavc-encounter-profile",
    "version" : "1.0.1",
    "name" : "MolicAVC_EncounterProfile"
  },
  {
    "id" : "molicavc-observation-profile",
    "type" : "StructureDefinition",
    "url" : "https://molic-avc.gabriellesantosleandro.com/StructureDefinition/molicavc-observation-profile",
    "version" : "1.0.1",
    "name" : "MolicAVC_Observation"
  },
  {
    "id" : "molicavc-organization-profile",
    "type" : "StructureDefinition",
    "url" : "https://molic-avc.gabriellesantosleandro.com/StructureDefinition/molicavc-organization-profile",
    "version" : "1.0.1",
    "name" : "MolicAVC_OrganizationProfile"
  },
  {
    "id" : "molicavc-practitioner-profile",
    "type" : "StructureDefinition",
    "url" : "https://molic-avc.gabriellesantosleandro.com/StructureDefinition/molicavc-practitioner-profile",
    "version" : "1.0.1",
    "name" : "MolicAVC_PractitionerProfile"
  },
  {
    "id" : "molicavc-strokewindow-extension",
    "type" : "StructureDefinition",
    "url" : "https://molic-avc.gabriellesantosleandro.com/StructureDefinition/molicavc-strokewindow-extension",
    "version" : "1.0.1",
    "name" : "MolicAVC_StrokeWindowExtension"
  },
  {
    "id" : "DiagnosisVS",
    "type" : "ValueSet",
    "url" : "https://molic-avc.gabriellesantosleandro.com/ValueSet/DiagnosisVS",
    "version" : "1.0.1",
    "name" : "DiagnosisVS"
  },
  {
    "id" : "DischDestVS",
    "type" : "ValueSet",
    "url" : "https://molic-avc.gabriellesantosleandro.com/ValueSet/DischDestVS",
    "version" : "1.0.1",
    "name" : "DischDestVS"
  },
  {
    "id" : "EstStrokeSevNIHSSCatVS",
    "type" : "ValueSet",
    "url" : "https://molic-avc.gabriellesantosleandro.com/ValueSet/EstStrokeSevNIHSSCatVS",
    "version" : "1.0.1",
    "name" : "EstStrokeSevNIHSSCatVS"
  },
  {
    "id" : "GenderIdentityVS",
    "type" : "ValueSet",
    "url" : "https://molic-avc.gabriellesantosleandro.com/ValueSet/GenderIdentityVS",
    "version" : "1.0.1",
    "name" : "GenderIdentityVS"
  },
  {
    "id" : "LiveAlonePreVS",
    "type" : "ValueSet",
    "url" : "https://molic-avc.gabriellesantosleandro.com/ValueSet/LiveAlonePreVS",
    "version" : "1.0.1",
    "name" : "LiveAlonePreVS"
  },
  {
    "id" : "LivingLocPreVS",
    "type" : "ValueSet",
    "url" : "https://molic-avc.gabriellesantosleandro.com/ValueSet/LivingLocPreVS",
    "version" : "1.0.1",
    "name" : "LivingLocPreVS"
  },
  {
    "id" : "NoYesUnknownVS",
    "type" : "ValueSet",
    "url" : "https://molic-avc.gabriellesantosleandro.com/ValueSet/NoYesUnknownVS",
    "version" : "1.0.1",
    "name" : "NoYesUnknownVS"
  },
  {
    "id" : "PROMIS10VS",
    "type" : "ValueSet",
    "url" : "https://molic-avc.gabriellesantosleandro.com/ValueSet/PROMIS10VS",
    "version" : "1.0.1",
    "name" : "PROMIS10VS"
  },
  {
    "id" : "SMRSqVS",
    "type" : "ValueSet",
    "url" : "https://molic-avc.gabriellesantosleandro.com/ValueSet/SMRSqVS",
    "version" : "1.0.1",
    "name" : "SMRSqVS"
  },
  {
    "id" : "SmokingStatusVS",
    "type" : "ValueSet",
    "url" : "https://molic-avc.gabriellesantosleandro.com/ValueSet/SmokingStatusVS",
    "version" : "1.0.1",
    "name" : "SmokingStatusVS"
  },
  {
    "id" : "StrokeAmbVS",
    "type" : "ValueSet",
    "url" : "https://molic-avc.gabriellesantosleandro.com/ValueSet/StrokeAmbVS",
    "version" : "1.0.1",
    "name" : "StrokeAmbVS"
  },
  {
    "id" : "StrokeDressingVS",
    "type" : "ValueSet",
    "url" : "https://molic-avc.gabriellesantosleandro.com/ValueSet/StrokeDressingVS",
    "version" : "1.0.1",
    "name" : "StrokeDressingVS"
  },
  {
    "id" : "StrokeSevLocVS",
    "type" : "ValueSet",
    "url" : "https://molic-avc.gabriellesantosleandro.com/ValueSet/StrokeSevLocVS",
    "version" : "1.0.1",
    "name" : "StrokeSevLocVS"
  },
  {
    "id" : "StrokeToiletingVS",
    "type" : "ValueSet",
    "url" : "https://molic-avc.gabriellesantosleandro.com/ValueSet/StrokeToiletingVS",
    "version" : "1.0.1",
    "name" : "StrokeToiletingVS"
  },
  {
    "id" : "StrokeTypeVS",
    "type" : "ValueSet",
    "url" : "https://molic-avc.gabriellesantosleandro.com/ValueSet/StrokeTypeVS",
    "version" : "1.0.1",
    "name" : "StrokeTypeVS"
  },
  {
    "id" : "SymtDurVS",
    "type" : "ValueSet",
    "url" : "https://molic-avc.gabriellesantosleandro.com/ValueSet/SymtDurVS",
    "version" : "1.0.1",
    "name" : "SymtDurVS"
  },
  {
    "id" : "cnes-valueset",
    "type" : "ValueSet",
    "url" : "https://molic-avc.gabriellesantosleandro.com/ValueSet/cnes-valueset",
    "version" : "1.0.1",
    "name" : "CNES_ValueSet"
  },
  {
    "id" : "hospital-department-valueset",
    "type" : "ValueSet",
    "url" : "https://molic-avc.gabriellesantosleandro.com/ValueSet/hospital-department-valueset",
    "version" : "1.0.1",
    "name" : "HospitalDepartment_ValueSet"
  },
  {
    "id" : "molicavc-cvdcomorbidities-valueset",
    "type" : "ValueSet",
    "url" : "https://molic-avc.gabriellesantosleandro.com/ValueSet/molicavc-cvdcomorbidities-valueset",
    "version" : "1.0.1",
    "name" : "CardiovascularComorbidities_ValueSet"
  },
  {
    "id" : "molicavc-referencelocation-valueset",
    "type" : "ValueSet",
    "url" : "https://molic-avc.gabriellesantosleandro.com/ValueSet/molicavc-referencelocation-valueset",
    "version" : "1.0.1",
    "name" : "MolicAVC_ReferenceLocation_ValueSet"
  },
  {
    "id" : "professionalcode-valueset",
    "type" : "ValueSet",
    "url" : "https://molic-avc.gabriellesantosleandro.com/ValueSet/professionalcode-valueset",
    "version" : "1.0.1",
    "name" : "ProfessionalCode_ValueSet"
  },
  {
    "id" : "type-healthcare-unit-valueset",
    "type" : "ValueSet",
    "url" : "https://molic-avc.gabriellesantosleandro.com/ValueSet/type-healthcare-unit-valueset",
    "version" : "1.0.1",
    "name" : "MolicAVC_CodeHealthcareUnitValueSet"
  }
]
