<?xml version="1.0" encoding="UTF-8"?>

<CodeSystem xmlns="http://hl7.org/fhir">
  <id value="ConsciousnessCS"/>
  <text>
    <status value="generated"/><div xmlns="http://www.w3.org/1999/xhtml"><p>This case-insensitive code system <code>https://molic-avc.gabriellesantosleandro.com/CodeSystem/ConsciousnessCS</code> defines the following codes:</p><table class="codes"><tr><td style="white-space:nowrap"><b>Code</b></td><td><b>Display</b></td></tr><tr><td style="white-space:nowrap">0<a name="ConsciousnessCS-0"> </a></td><td>Fully awake</td></tr><tr><td style="white-space:nowrap">1<a name="ConsciousnessCS-1"> </a></td><td>Somnolent</td></tr><tr><td style="white-space:nowrap">2<a name="ConsciousnessCS-2"> </a></td><td>Coma</td></tr><tr><td style="white-space:nowrap">999<a name="ConsciousnessCS-999"> </a></td><td>Unknown</td></tr></table></div>
  </text>
  <url value="https://molic-avc.gabriellesantosleandro.com/CodeSystem/ConsciousnessCS"/>
  <version value="0.0.0"/>
  <name value="ConsciousnessCS"/>
  <title value="State of Consciousness according to the ICHOM standard"/>
  <status value="active"/>
  <experimental value="false"/>
  <date value="2024-01-11T13:00:00-03:00"/>
  <publisher value="Gabrielle dos Santos Leandro"/>
  <contact>
    <name value="Gabrielle dos Santos Leandro"/>
    <telecom>
      <system value="url"/>
      <value value="https://gabriellesantosleandro.com"/>
    </telecom>
    <telecom>
      <system value="email"/>
      <value value="gabrielle.santos.leandro@gmail.com"/>
    </telecom>
  </contact>
  <contact>
    <name value="Gabrielle dos Santos Leandro"/>
    <telecom>
      <system value="url"/>
      <value value="https://gabriellesantosleandro.com.br"/>
      <use value="work"/>
    </telecom>
    <telecom>
      <system value="email"/>
      <value value="gabrielle.santos.leandro@gmail.com"/>
      <use value="work"/>
    </telecom>
  </contact>
  <description value="CodeSystem based on the ICHOM standard that indicates the patient's state of consciousness as measured upon arrival at the reference hospital."/>
  <caseSensitive value="false"/>
  <content value="complete"/>
  <count value="4"/>
  <concept>
    <code value="0"/>
    <display value="Fully awake"/>
  </concept>
  <concept>
    <code value="1"/>
    <display value="Somnolent"/>
  </concept>
  <concept>
    <code value="2"/>
    <display value="Coma"/>
  </concept>
  <concept>
    <code value="999"/>
    <display value="Unknown"/>
  </concept>
</CodeSystem>