<?xml version="1.0" encoding="UTF-8"?>

<ImplementationGuide xmlns="http://hl7.org/fhir">
  <id value="guide"/>
  <text>
    <status value="extensions"/><div xmlns="http://www.w3.org/1999/xhtml"><h2>MolicAVC</h2><p>The official URL for this implementation guide is: </p><pre>https://molic-avc.gabriellesantosleandro.com/ImplementationGuide/guide</pre><div><p>FHIR Implementation Guide for Stroke: A Dual Focus on the Patient's Journey and Outcome Measures</p>
</div></div>
  </text>
  <url value="https://molic-avc.gabriellesantosleandro.com/ImplementationGuide/guide"/>
  <version value="0.0.0"/>
  <name value="MolicAVC"/>
  <title value="FHIR Implementation Guide for Stroke"/>
  <status value="draft"/>
  <date value="2024-01-17T07:29:27-03:00"/>
  <publisher value="Gabrielle dos Santos Leandro"/>
  <contact>
    <name value="Gabrielle dos Santos Leandro"/>
    <telecom>
      <system value="url"/>
      <value value="https://gabriellesantosleandro.com"/>
    </telecom>
    <telecom>
      <system value="email"/>
      <value value="gabrielle.santos.leandro@gmail.com"/>
    </telecom>
  </contact>
  <contact>
    <name value="Gabrielle dos Santos Leandro"/>
    <telecom>
      <system value="url"/>
      <value value="https://gabriellesantosleandro.com.br"/>
      <use value="work"/>
    </telecom>
    <telecom>
      <system value="email"/>
      <value value="gabrielle.santos.leandro@gmail.com"/>
      <use value="work"/>
    </telecom>
  </contact>
  <description value="FHIR Implementation Guide for Stroke: A Dual Focus on the Patient's Journey and Outcome Measures"/>
  <packageId value="guide"/>
  <license value="CC0-1.0"/>
  <fhirVersion value="5.0.0"/>
  <dependsOn id="hl7tx">
    <extension url="http://hl7.org/fhir/tools/StructureDefinition/implementationguide-dependency-comment">
      <valueMarkdown value="Automatically added as a dependency - all IGs depend on HL7 Terminology"/>
    </extension>
    <uri value="http://terminology.hl7.org/ImplementationGuide/hl7.terminology"/>
    <packageId value="hl7.terminology.r5"/>
    <version value="5.3.0"/>
  </dependsOn>
  <dependsOn id="hl7ext">
    <extension url="http://hl7.org/fhir/tools/StructureDefinition/implementationguide-dependency-comment">
      <valueMarkdown value="Automatically added as a dependency - all IGs depend on the HL7 Extension Pack"/>
    </extension>
    <uri value="http://hl7.org/fhir/extensions/ImplementationGuide/hl7.fhir.uv.extensions"/>
    <packageId value="hl7.fhir.uv.extensions.r5"/>
    <version value="1.0.0"/>
  </dependsOn>
  <definition>
    <extension url="http://hl7.org/fhir/tools/StructureDefinition/ig-internal-dependency">
      <valueCode value="hl7.fhir.uv.tools#0.1.0"/>
    </extension>
    <resource>
      <extension url="http://hl7.org/fhir/tools/StructureDefinition/resource-information">
        <valueString value="StructureDefinition:resource"/>
      </extension>
      <reference>
        <reference value="StructureDefinition/CVDComorbidities"/>
      </reference>
      <name value="Cardiovascular Comorbidities"/>
      <description value="Indicate which comorbidities the patient is living with."/>
      <isExample value="false"/>
    </resource>
    <resource>
      <extension url="http://hl7.org/fhir/tools/StructureDefinition/resource-information">
        <valueString value="StructureDefinition:resource"/>
      </extension>
      <reference>
        <reference value="StructureDefinition/Consciousness"/>
      </reference>
      <name value="Stroke Severity: Consciousness"/>
      <description value="Indicate the patient’s level of consciousness measured on hospital arrival."/>
      <isExample value="false"/>
    </resource>
    <resource>
      <extension url="http://hl7.org/fhir/tools/StructureDefinition/resource-information">
        <valueString value="StructureDefinition:resource"/>
      </extension>
      <reference>
        <reference value="StructureDefinition/DiagnosisEvidence"/>
      </reference>
      <name value="Diagnosis Evidence Base"/>
      <description value="Indicate how the diagnosis was made."/>
      <isExample value="false"/>
    </resource>
    <resource>
      <extension url="http://hl7.org/fhir/tools/StructureDefinition/resource-information">
        <valueString value="StructureDefinition:resource"/>
      </extension>
      <reference>
        <reference value="StructureDefinition/DischDest"/>
      </reference>
      <name value="Discharge Destination Following Acute Care Hospitalization"/>
      <description value="Indicate the patient’s discharge destination from acute care hospital."/>
      <isExample value="false"/>
    </resource>
    <resource>
      <extension url="http://hl7.org/fhir/tools/StructureDefinition/resource-information">
        <valueString value="StructureDefinition:resource"/>
      </extension>
      <reference>
        <reference value="StructureDefinition/EstStrokeSevNIHSSCat"/>
      </reference>
      <name value="Estimated Stroke Severity: based on NIHSS Category"/>
      <description value="Indicate the estimated stroke severity category by the NIH Stroke Scale (NIHSS)."/>
      <isExample value="false"/>
    </resource>
    <resource>
      <extension url="http://hl7.org/fhir/tools/StructureDefinition/resource-information">
        <valueString value="StructureDefinition:resource"/>
      </extension>
      <reference>
        <reference value="StructureDefinition/Hemicraniectomy"/>
      </reference>
      <name value="Hemicraniectomy"/>
      <description value="Indicate if the patient underwent hemicraniectomy."/>
      <isExample value="false"/>
    </resource>
    <resource>
      <extension url="http://hl7.org/fhir/tools/StructureDefinition/resource-information">
        <valueString value="StructureDefinition:resource"/>
      </extension>
      <reference>
        <reference value="StructureDefinition/PriorAtrialFibrillation"/>
      </reference>
      <name value="Prior Atrial Fibrillation and Flutter"/>
      <description value="Indicate whether the person has ever been diagnosed with atrial fibrillation and flutter."/>
      <isExample value="false"/>
    </resource>
    <resource>
      <extension url="http://hl7.org/fhir/tools/StructureDefinition/resource-information">
        <valueString value="StructureDefinition:resource"/>
      </extension>
      <reference>
        <reference value="StructureDefinition/PriorDiabetesMellitus"/>
      </reference>
      <name value="Prior Diabetes Mellitus"/>
      <description value="Indicate if the patient has a documented history of diabetes mellitus (regardless of duration of disease or need for anti-diabetic agents)."/>
      <isExample value="false"/>
    </resource>
    <resource>
      <extension url="http://hl7.org/fhir/tools/StructureDefinition/resource-information">
        <valueString value="StructureDefinition:resource"/>
      </extension>
      <reference>
        <reference value="StructureDefinition/PriorHyperlipidemia"/>
      </reference>
      <name value="Prior Hyperlipidemia"/>
      <description value="Indicate whether the patient has ever been diagnosed with hyperlipidemia."/>
      <isExample value="false"/>
    </resource>
    <resource>
      <extension url="http://hl7.org/fhir/tools/StructureDefinition/resource-information">
        <valueString value="StructureDefinition:resource"/>
      </extension>
      <reference>
        <reference value="StructureDefinition/PriorHypertension"/>
      </reference>
      <name value="Prior Hypertension"/>
      <description value="Indicate whether the patient has a documented history of hypertension, diagnosed and treated with medication and/or diet and/or exercise."/>
      <isExample value="false"/>
    </resource>
    <resource>
      <extension url="http://hl7.org/fhir/tools/StructureDefinition/resource-information">
        <valueString value="StructureDefinition:resource"/>
      </extension>
      <reference>
        <reference value="StructureDefinition/PriorIschemicHeartDisease"/>
      </reference>
      <name value="Prior Ischemic Heart Disease"/>
      <description value="Indicate whether the patient has ever been diagnosed with ischemic heart disease (including myocardial infarction)."/>
      <isExample value="false"/>
    </resource>
    <resource>
      <extension url="http://hl7.org/fhir/tools/StructureDefinition/resource-information">
        <valueString value="StructureDefinition:resource"/>
      </extension>
      <reference>
        <reference value="StructureDefinition/PriorMyocardialInfarction"/>
      </reference>
      <name value="Prior Myocardial Infarction"/>
      <description value="Indicate whether the patient has a documented history of myocardial infarction."/>
      <isExample value="false"/>
    </resource>
    <resource>
      <extension url="http://hl7.org/fhir/tools/StructureDefinition/resource-information">
        <valueString value="StructureDefinition:resource"/>
      </extension>
      <reference>
        <reference value="StructureDefinition/PriorStrokeExclTIA"/>
      </reference>
      <name value="Prior Stroke excluding Transient Ischemic Attacks"/>
      <description value="Indicate whether the patient was ever diagnosed with a stroke (excluding transient ischemic attacks)."/>
      <isExample value="false"/>
    </resource>
    <resource>
      <extension url="http://hl7.org/fhir/tools/StructureDefinition/resource-information">
        <valueString value="StructureDefinition:resource"/>
      </extension>
      <reference>
        <reference value="StructureDefinition/PriorTIA"/>
      </reference>
      <name value="Prior Transient Ischemic Attacks"/>
      <description value="Indicate whether the patient was ever diagnosed with a Transient Ischemic Attacks."/>
      <isExample value="false"/>
    </resource>
    <resource>
      <extension url="http://hl7.org/fhir/tools/StructureDefinition/resource-information">
        <valueString value="StructureDefinition:resource"/>
      </extension>
      <reference>
        <reference value="StructureDefinition/ProcoagulantReversal"/>
      </reference>
      <name value="Procoagulant Reversal Therapy"/>
      <description value="Indicate if the patient received procoagulant reversal therapy."/>
      <isExample value="false"/>
    </resource>
    <resource>
      <extension url="http://hl7.org/fhir/tools/StructureDefinition/resource-information">
        <valueString value="StructureDefinition:resource"/>
      </extension>
      <reference>
        <reference value="StructureDefinition/RehabIN"/>
      </reference>
      <name value="Inpatient Acute Care Rehabilitation"/>
      <description value="Indicate whether there is dedicated stroke rehabilitation during acute care."/>
      <isExample value="false"/>
    </resource>
    <resource>
      <extension url="http://hl7.org/fhir/tools/StructureDefinition/resource-information">
        <valueString value="StructureDefinition:resource"/>
      </extension>
      <reference>
        <reference value="StructureDefinition/RehabOUT"/>
      </reference>
      <name value="Post Acute Care Rehabilitation"/>
      <description value="Indicate whether there is dedicated stroke rehabilitation during post-acute care, either hospital based or out patient/home based."/>
      <isExample value="false"/>
    </resource>
    <resource>
      <extension url="http://hl7.org/fhir/tools/StructureDefinition/resource-information">
        <valueString value="StructureDefinition:resource"/>
      </extension>
      <reference>
        <reference value="StructureDefinition/StrokeOrganization"/>
      </reference>
      <name value="Healthcare Facility based on the Brazilian RNDS"/>
      <description value="The Organization Profile encompasses all healthcare institutions related to stroke care, based on the &#xD;&#xA;Brazilian National Data Network (RNDS)."/>
      <isExample value="false"/>
    </resource>
    <resource>
      <extension url="http://hl7.org/fhir/tools/StructureDefinition/resource-information">
        <valueString value="StructureDefinition:resource"/>
      </extension>
      <reference>
        <reference value="StructureDefinition/StrokePatient"/>
      </reference>
      <name value="Stroke Patient based on the Brazilian RNDS"/>
      <description value="This profile stores demographics and other administrative information about a patient with stroke, based on the Brazilian National Data Network (RNDS)."/>
      <isExample value="false"/>
    </resource>
    <resource>
      <extension url="http://hl7.org/fhir/tools/StructureDefinition/resource-information">
        <valueString value="StructureDefinition:resource"/>
      </extension>
      <reference>
        <reference value="StructureDefinition/StrokePractitioner"/>
      </reference>
      <name value="Stroke Practitioner based on Brazilian RNDS"/>
      <description value="This profile encompasses all health professionals involved in the healthcare process and related health services &#xD;&#xA;as part of their formal responsibilities, conforming to the standards of the Brazilian National Data Network (RNDS)."/>
      <isExample value="false"/>
    </resource>
    <resource>
      <extension url="http://hl7.org/fhir/tools/StructureDefinition/resource-information">
        <valueString value="StructureDefinition:resource"/>
      </extension>
      <reference>
        <reference value="StructureDefinition/StrokeRecur"/>
      </reference>
      <name value="Stroke Recurrence."/>
      <description value="Indicate if the patient had a new stroke within 90 days of their first stroke occurrence."/>
      <isExample value="false"/>
    </resource>
    <resource>
      <extension url="http://hl7.org/fhir/tools/StructureDefinition/resource-information">
        <valueString value="StructureDefinition:resource"/>
      </extension>
      <reference>
        <reference value="StructureDefinition/StrokeSevNIHSS"/>
      </reference>
      <name value="Stroke Severity: NIHSS Score"/>
      <description value="Indicate the stroke severity as measured by the NIH Stroke Scale (NIHSS). Report the raw (uncategorized) NIHSS score."/>
      <isExample value="false"/>
    </resource>
    <resource>
      <extension url="http://hl7.org/fhir/tools/StructureDefinition/resource-information">
        <valueString value="StructureDefinition:resource"/>
      </extension>
      <reference>
        <reference value="StructureDefinition/StrokeType"/>
      </reference>
      <name value="Stroke Type"/>
      <description value="Indicate Stroke Type."/>
      <isExample value="false"/>
    </resource>
    <resource>
      <extension url="http://hl7.org/fhir/tools/StructureDefinition/resource-information">
        <valueString value="StructureDefinition:resource"/>
      </extension>
      <reference>
        <reference value="StructureDefinition/SympIntracranialHemorrhage"/>
      </reference>
      <name value="Symptomatic Intracranial Hemorrhage"/>
      <description value="Indicate if the patient developed symptomatic intracerebral hemorrhage after treatment of ischemic stroke with intravenous thrombolysis and/or thrombectomy."/>
      <isExample value="false"/>
    </resource>
    <resource>
      <extension url="http://hl7.org/fhir/tools/StructureDefinition/resource-information">
        <valueString value="StructureDefinition:resource"/>
      </extension>
      <reference>
        <reference value="StructureDefinition/SymtDur"/>
      </reference>
      <name value="Duration of Stroke Symptoms"/>
      <description value="Indicate the duration of the stroke symptoms measured on hospital arrival."/>
      <isExample value="false"/>
    </resource>
    <resource>
      <extension url="http://hl7.org/fhir/tools/StructureDefinition/resource-information">
        <valueString value="StructureDefinition:resource"/>
      </extension>
      <reference>
        <reference value="StructureDefinition/Thrombectomy"/>
      </reference>
      <name value="Thrombectomy"/>
      <description value="Indicate if the patient underwent thrombectomy."/>
      <isExample value="false"/>
    </resource>
    <resource>
      <extension url="http://hl7.org/fhir/tools/StructureDefinition/resource-information">
        <valueString value="StructureDefinition:resource"/>
      </extension>
      <reference>
        <reference value="StructureDefinition/Thrombolytic"/>
      </reference>
      <name value="Thrombolytic Therapy"/>
      <description value="Indicate if the patient received intravenous thrombolytic therapy."/>
      <isExample value="false"/>
    </resource>
    <resource>
      <extension url="http://hl7.org/fhir/tools/StructureDefinition/resource-information">
        <valueString value="StructureDefinition:extension"/>
      </extension>
      <reference>
        <reference value="StructureDefinition/EthnicityExtension"/>
      </reference>
      <name value="Ethnicity"/>
      <description value="Extension to capture the patient's ethnicity which represents their cultural background or heritage."/>
      <isExample value="false"/>
    </resource>
    <resource>
      <extension url="http://hl7.org/fhir/tools/StructureDefinition/resource-information">
        <valueString value="StructureDefinition:extension"/>
      </extension>
      <reference>
        <reference value="StructureDefinition/GenderIdentityExtension"/>
      </reference>
      <name value="Gender Identity"/>
      <description value="Extension of the patient's gender."/>
      <isExample value="false"/>
    </resource>
    <resource>
      <extension url="http://hl7.org/fhir/tools/StructureDefinition/resource-information">
        <valueString value="StructureDefinition:extension"/>
      </extension>
      <reference>
        <reference value="StructureDefinition/RaceExtension"/>
      </reference>
      <name value="Race"/>
      <description value="Extension that represents the race of a patient."/>
      <isExample value="false"/>
    </resource>
    <resource>
      <extension url="http://hl7.org/fhir/tools/StructureDefinition/resource-information">
        <valueString value="ValueSet"/>
      </extension>
      <reference>
        <reference value="ValueSet/CVDComorbiditiesVS"/>
      </reference>
      <name value="Cardiovascular Comorbidities"/>
      <description value="Valueset that indicate which comorbidities the patient is living with. Select all conditions that apply."/>
      <isExample value="false"/>
    </resource>
    <resource>
      <extension url="http://hl7.org/fhir/tools/StructureDefinition/resource-information">
        <valueString value="ValueSet"/>
      </extension>
      <reference>
        <reference value="ValueSet/ConsciousnessVS"/>
      </reference>
      <name value="State of Consciousness."/>
      <description value="ValueSet based on the ICHOM standard that indicates the patient's state of consciousness as measured upon arrival at the reference hospital."/>
      <isExample value="false"/>
    </resource>
    <resource>
      <extension url="http://hl7.org/fhir/tools/StructureDefinition/resource-information">
        <valueString value="ValueSet"/>
      </extension>
      <reference>
        <reference value="ValueSet/DiagnosisVS"/>
      </reference>
      <name value="Diagnostic Evidence Base"/>
      <description value="ValueSet that indicates which diagnostic evidence base was used for its realization"/>
      <isExample value="false"/>
    </resource>
    <resource>
      <extension url="http://hl7.org/fhir/tools/StructureDefinition/resource-information">
        <valueString value="ValueSet"/>
      </extension>
      <reference>
        <reference value="ValueSet/DischDestVS"/>
      </reference>
      <name value="Discharge Location"/>
      <description value="ValueSet about discharge destination following acute care hospitalization. What type of place was the patient discharged to?"/>
      <isExample value="false"/>
    </resource>
    <resource>
      <extension url="http://hl7.org/fhir/tools/StructureDefinition/resource-information">
        <valueString value="ValueSet"/>
      </extension>
      <reference>
        <reference value="ValueSet/EstStrokeSevNIHSSCatVS"/>
      </reference>
      <name value="Estimated stroke severity using the NIHSS."/>
      <description value="ValueSet that intended to categorize the severity of the stroke based on the National Institutes of Health Stroke Scale (NIHSS)."/>
      <isExample value="false"/>
    </resource>
    <resource>
      <extension url="http://hl7.org/fhir/tools/StructureDefinition/resource-information">
        <valueString value="ValueSet"/>
      </extension>
      <reference>
        <reference value="ValueSet/GenderIdentityVS"/>
      </reference>
      <name value="Gender Identity"/>
      <description value="ValueSet for Gender Identity based on LOINC."/>
      <isExample value="false"/>
    </resource>
    <resource>
      <extension url="http://hl7.org/fhir/tools/StructureDefinition/resource-information">
        <valueString value="ValueSet"/>
      </extension>
      <reference>
        <reference value="ValueSet/LiveAloneVS"/>
      </reference>
      <name value="Live Alone Pre-Stroke"/>
      <description value="ValueSet indicating whether a patient lived alone prior to a stroke event based on ICHOM terminology."/>
      <isExample value="false"/>
    </resource>
    <resource>
      <extension url="http://hl7.org/fhir/tools/StructureDefinition/resource-information">
        <valueString value="ValueSet"/>
      </extension>
      <reference>
        <reference value="ValueSet/LivingLocPostVS"/>
      </reference>
      <name value="Patient's Residence Post to a Stroke"/>
      <description value="ValueSet that represents the patient's most recent place of residence after the occurrence of a stroke based on ICHOM code."/>
      <isExample value="false"/>
    </resource>
    <resource>
      <extension url="http://hl7.org/fhir/tools/StructureDefinition/resource-information">
        <valueString value="ValueSet"/>
      </extension>
      <reference>
        <reference value="ValueSet/LivingLocPreVS"/>
      </reference>
      <name value="Patient's Residence Prior to a Stroke"/>
      <description value="ValueSet that represents the patient's most recent place of residence before the occurrence of a stroke based on ICHOM code."/>
      <isExample value="false"/>
    </resource>
    <resource>
      <extension url="http://hl7.org/fhir/tools/StructureDefinition/resource-information">
        <valueString value="ValueSet"/>
      </extension>
      <reference>
        <reference value="ValueSet/NoYesUnknownVS"/>
      </reference>
      <name value="Yes, No and Unknown"/>
      <description value="ValueSet with responses Yes, No, and Unknown"/>
      <isExample value="false"/>
    </resource>
    <resource>
      <extension url="http://hl7.org/fhir/tools/StructureDefinition/resource-information">
        <valueString value="ValueSet"/>
      </extension>
      <reference>
        <reference value="ValueSet/PROMIS10VS"/>
      </reference>
      <name value="PROMIS-10 Response Questionnaire"/>
      <description value="ValueSet that defines the response values for the PROMIS-10 (Patient-Reported Outcomes Measurement Information System 10-item short form) Questionnaire."/>
      <isExample value="false"/>
    </resource>
    <resource>
      <extension url="http://hl7.org/fhir/tools/StructureDefinition/resource-information">
        <valueString value="ValueSet"/>
      </extension>
      <reference>
        <reference value="ValueSet/SMRSqVS"/>
      </reference>
      <name value="Simplified modified Ranking Scale questionnaire (SMRSq)"/>
      <description value="ValueSet that defines the response values for the simplified modified Ranking Scale questionnaire."/>
      <isExample value="false"/>
    </resource>
    <resource>
      <extension url="http://hl7.org/fhir/tools/StructureDefinition/resource-information">
        <valueString value="ValueSet"/>
      </extension>
      <reference>
        <reference value="ValueSet/SmokingStatusVS"/>
      </reference>
      <name value="Smoking Status"/>
      <description value="ValueSet for Smoking Status. A person's current and past smoking behavior."/>
      <isExample value="false"/>
    </resource>
    <resource>
      <extension url="http://hl7.org/fhir/tools/StructureDefinition/resource-information">
        <valueString value="ValueSet"/>
      </extension>
      <reference>
        <reference value="ValueSet/StrokeAmbVS"/>
      </reference>
      <name value="Prestroke and Poststroke Functional Status: Ambulation"/>
      <description value="ValueSet that defines the response values for the Prestroke and Poststroke Functional Status: Ambulation."/>
      <isExample value="false"/>
    </resource>
    <resource>
      <extension url="http://hl7.org/fhir/tools/StructureDefinition/resource-information">
        <valueString value="ValueSet"/>
      </extension>
      <reference>
        <reference value="ValueSet/StrokeDressingVS"/>
      </reference>
      <name value="Prestroke and Poststroke Functional Status: Dressing"/>
      <description value="ValueSet that defines the response values for the Prestroke and Poststroke Functional Status: Dressing."/>
      <isExample value="false"/>
    </resource>
    <resource>
      <extension url="http://hl7.org/fhir/tools/StructureDefinition/resource-information">
        <valueString value="ValueSet"/>
      </extension>
      <reference>
        <reference value="ValueSet/StrokeToiletingVS"/>
      </reference>
      <name value="Prestroke and Poststroke Functional Status: Toileting"/>
      <description value="ValueSet that defines the response values for the Prestroke and Poststroke Functional Status: Toileting."/>
      <isExample value="false"/>
    </resource>
    <resource>
      <extension url="http://hl7.org/fhir/tools/StructureDefinition/resource-information">
        <valueString value="ValueSet"/>
      </extension>
      <reference>
        <reference value="ValueSet/StrokeTypeVS"/>
      </reference>
      <name value="Stroke type based on ICHOM"/>
      <description value="ValueSet that aims to categorize the stroke type according to the ICHOM standard."/>
      <isExample value="false"/>
    </resource>
    <resource>
      <extension url="http://hl7.org/fhir/tools/StructureDefinition/resource-information">
        <valueString value="ValueSet"/>
      </extension>
      <reference>
        <reference value="ValueSet/SymtDurVS"/>
      </reference>
      <name value="Duration of Stroke Symptoms"/>
      <description value="ValueSet that categorizes the duration of stroke symptoms, considering the time from symptom onset to admission at the reference hospital."/>
      <isExample value="false"/>
    </resource>
    <resource>
      <extension url="http://hl7.org/fhir/tools/StructureDefinition/resource-information">
        <valueString value="CodeSystem"/>
      </extension>
      <reference>
        <reference value="CodeSystem/CVDComorbiditiesCS"/>
      </reference>
      <name value="Cardiovascular Comorbidities"/>
      <description value="CodeSystem that indicate which comorbidities the patient is living with. Select all conditions that apply."/>
      <isExample value="false"/>
    </resource>
    <resource>
      <extension url="http://hl7.org/fhir/tools/StructureDefinition/resource-information">
        <valueString value="CodeSystem"/>
      </extension>
      <reference>
        <reference value="CodeSystem/ConsciousnessCS"/>
      </reference>
      <name value="State of Consciousness according to the ICHOM standard"/>
      <description value="CodeSystem based on the ICHOM standard that indicates the patient's state of consciousness as measured upon arrival at the reference hospital."/>
      <isExample value="false"/>
    </resource>
    <resource>
      <extension url="http://hl7.org/fhir/tools/StructureDefinition/resource-information">
        <valueString value="CodeSystem"/>
      </extension>
      <reference>
        <reference value="CodeSystem/DiagnosisCS"/>
      </reference>
      <name value="Diagnostic Evidence Base"/>
      <description value="CodeSystem that indicates which diagnostic evidence base was used for its realization"/>
      <isExample value="false"/>
    </resource>
    <resource>
      <extension url="http://hl7.org/fhir/tools/StructureDefinition/resource-information">
        <valueString value="CodeSystem"/>
      </extension>
      <reference>
        <reference value="CodeSystem/DischDestCS"/>
      </reference>
      <name value="Discharge Location"/>
      <description value="CodeSystem about Discharge destination following acute care hospitalization. What type of place was the patient discharged to?"/>
      <isExample value="false"/>
    </resource>
    <resource>
      <extension url="http://hl7.org/fhir/tools/StructureDefinition/resource-information">
        <valueString value="CodeSystem"/>
      </extension>
      <reference>
        <reference value="CodeSystem/EstStrokeSevNIHSSCatCS"/>
      </reference>
      <name value="Estimated stroke severity using the NIHSS."/>
      <description value="CodeSystem that intends to categorize the severity of the stroke based on the National Institutes of Health Stroke Scale (NIHSS)."/>
      <isExample value="false"/>
    </resource>
    <resource>
      <extension url="http://hl7.org/fhir/tools/StructureDefinition/resource-information">
        <valueString value="CodeSystem"/>
      </extension>
      <reference>
        <reference value="CodeSystem/LiveAloneCS"/>
      </reference>
      <name value="Live Alone Pre-Stroke"/>
      <description value="CodeSystem indicating whether a patient lived alone prior to a stroke event based on ICHOM terminology."/>
      <isExample value="false"/>
    </resource>
    <resource>
      <extension url="http://hl7.org/fhir/tools/StructureDefinition/resource-information">
        <valueString value="CodeSystem"/>
      </extension>
      <reference>
        <reference value="CodeSystem/LivingLocPostCS"/>
      </reference>
      <name value="Patient's Residence Post to a Stroke"/>
      <description value="CodeSystem that represents the patient's most recent place of residence after the occurrence of a stroke based on ICHOM code."/>
      <isExample value="false"/>
    </resource>
    <resource>
      <extension url="http://hl7.org/fhir/tools/StructureDefinition/resource-information">
        <valueString value="CodeSystem"/>
      </extension>
      <reference>
        <reference value="CodeSystem/LivingLocPreCS"/>
      </reference>
      <name value="Patient's Residence Prior to a Stroke"/>
      <description value="CodeSystem that represents the patient's most recent place of residence before the occurrence of a stroke based on ICHOM code."/>
      <isExample value="false"/>
    </resource>
    <resource>
      <extension url="http://hl7.org/fhir/tools/StructureDefinition/resource-information">
        <valueString value="CodeSystem"/>
      </extension>
      <reference>
        <reference value="CodeSystem/PROMIS10VS"/>
      </reference>
      <name value="PROMIS-10 Response Questionnaire"/>
      <description value="CodeSystem that defines the response values for the PROMIS-10 (Patient-Reported Outcomes Measurement Information System 10-item short form) Questionnaire."/>
      <isExample value="false"/>
    </resource>
    <resource>
      <extension url="http://hl7.org/fhir/tools/StructureDefinition/resource-information">
        <valueString value="CodeSystem"/>
      </extension>
      <reference>
        <reference value="CodeSystem/SMRSqCS"/>
      </reference>
      <name value="Simplified Modified Ranking Scale questionnaire (sMRSq)"/>
      <description value="CodeSystem that defines the response values for the simplified modified Ranking Scale questionnaire (sMRSq)."/>
      <isExample value="false"/>
    </resource>
    <resource>
      <extension url="http://hl7.org/fhir/tools/StructureDefinition/resource-information">
        <valueString value="CodeSystem"/>
      </extension>
      <reference>
        <reference value="CodeSystem/SmokingStatusCS"/>
      </reference>
      <name value="Smoking Status"/>
      <description value="CodeSystem for Smoking Status. A person's current and past smoking behavior."/>
      <isExample value="false"/>
    </resource>
    <resource>
      <extension url="http://hl7.org/fhir/tools/StructureDefinition/resource-information">
        <valueString value="CodeSystem"/>
      </extension>
      <reference>
        <reference value="CodeSystem/StrokeFuncStatusCS"/>
      </reference>
      <name value="Prestroke and Poststroke Functional Status"/>
      <description value="CodeSystem that defines the response values for the Prestroke and Poststroke Functional Status."/>
      <isExample value="false"/>
    </resource>
    <resource>
      <extension url="http://hl7.org/fhir/tools/StructureDefinition/resource-information">
        <valueString value="CodeSystem"/>
      </extension>
      <reference>
        <reference value="CodeSystem/StrokeTypeCS"/>
      </reference>
      <name value="Stroke Type"/>
      <description value="CodeSystem that aims to categorize the stroke type according to the ICHOM standard."/>
      <isExample value="false"/>
    </resource>
    <resource>
      <extension url="http://hl7.org/fhir/tools/StructureDefinition/resource-information">
        <valueString value="CodeSystem"/>
      </extension>
      <reference>
        <reference value="CodeSystem/SymtDurCS"/>
      </reference>
      <name value="Duration of Stroke Symptoms"/>
      <description value="CodeSystem that categorizes the duration of stroke symptoms, considering the time from symptom onset to admission at the reference hospital."/>
      <isExample value="false"/>
    </resource>
    <resource>
      <extension url="http://hl7.org/fhir/tools/StructureDefinition/resource-information">
        <valueString value="Questionnaire"/>
      </extension>
      <reference>
        <reference value="Questionnaire/ClinicalResponseAnnualUpdate"/>
      </reference>
      <name value="Clinical Response Questionnaire 04 - Annual Follow-up"/>
      <description value="This questionnaire is meant to assess the clinical response in stroke patients at annual follow-up, from 1 year to 5 years post admission."/>
      <isExample value="false"/>
    </resource>
    <resource>
      <extension url="http://hl7.org/fhir/tools/StructureDefinition/resource-information">
        <valueString value="Questionnaire"/>
      </extension>
      <reference>
        <reference value="Questionnaire/ClinicalResponseBaseline"/>
      </reference>
      <name value="Clinical Response Questionnaire 01 - Baseline"/>
      <description value="This questionnaire is meant to assess the clinical response in stroke patients at the initial point of assessment, which would be the first doctor's visit."/>
      <isExample value="false"/>
    </resource>
    <resource>
      <extension url="http://hl7.org/fhir/tools/StructureDefinition/resource-information">
        <valueString value="Questionnaire"/>
      </extension>
      <reference>
        <reference value="Questionnaire/ClinicalResponseDischargeOrSevenDays"/>
      </reference>
      <name value="Clinical Response Questionnaire 02 - Discharge or 7 days post admission"/>
      <description value="This questionnaire is meant to assess the clinical response in stroke patients at the patient discharge or 7 days post admission, whichever comes first."/>
      <isExample value="false"/>
    </resource>
    <resource>
      <extension url="http://hl7.org/fhir/tools/StructureDefinition/resource-information">
        <valueString value="Questionnaire"/>
      </extension>
      <reference>
        <reference value="Questionnaire/ClinicalResponseNinetyDays"/>
      </reference>
      <name value="Clinical Response Questionnaire 03 - 90 days post admission"/>
      <description value="This questionnaire is meant to assess the clinical response in stroke patients at 90 days post admission."/>
      <isExample value="false"/>
    </resource>
    <resource>
      <extension url="http://hl7.org/fhir/tools/StructureDefinition/resource-information">
        <valueString value="Observation"/>
      </extension>
      <reference>
        <reference value="Observation/ExampleCVDComorbidities"/>
      </reference>
      <name value="Cardiovascular Comorbidities"/>
      <description value="Example of Cardiovascular Comorbidities. Indicate which comorbidities the patient is living with."/>
      <profile value="https://molic-avc.gabriellesantosleandro.com/StructureDefinition/CVDComorbidities"/>
      <profile value="https://molic-avc.gabriellesantosleandro.com/StructureDefinition/CVDComorbidities"/>
    </resource>
    <resource>
      <extension url="http://hl7.org/fhir/tools/StructureDefinition/resource-information">
        <valueString value="Observation"/>
      </extension>
      <reference>
        <reference value="Observation/ExampleConsciousness"/>
      </reference>
      <name value="Stroke Severity: Consciousness"/>
      <description value="Example of Stroke Severity: Consciousness. Indicate the patient’s level of consciousness measured on hospital arrival."/>
      <profile value="https://molic-avc.gabriellesantosleandro.com/StructureDefinition/Consciousness"/>
      <profile value="https://molic-avc.gabriellesantosleandro.com/StructureDefinition/Consciousness"/>
    </resource>
    <resource>
      <extension url="http://hl7.org/fhir/tools/StructureDefinition/resource-information">
        <valueString value="Observation"/>
      </extension>
      <reference>
        <reference value="Observation/ExampleDiagnosisEvidence"/>
      </reference>
      <name value="Diagnosis Evidence Base"/>
      <description value="Example of Diagnosis Evidence Base. Indicate how the diagnosis was made."/>
      <profile value="https://molic-avc.gabriellesantosleandro.com/StructureDefinition/DiagnosisEvidence"/>
      <profile value="https://molic-avc.gabriellesantosleandro.com/StructureDefinition/DiagnosisEvidence"/>
    </resource>
    <resource>
      <extension url="http://hl7.org/fhir/tools/StructureDefinition/resource-information">
        <valueString value="Observation"/>
      </extension>
      <reference>
        <reference value="Observation/ExampleDischDest"/>
      </reference>
      <name value="Discharge Destination Following Acute Care Hospitalization"/>
      <description value="Example of Discharge Destination Following Acute Care Hospitalization.  Indicate the patient’s discharge destination from acute care hospital."/>
      <profile value="https://molic-avc.gabriellesantosleandro.com/StructureDefinition/DischDest"/>
      <profile value="https://molic-avc.gabriellesantosleandro.com/StructureDefinition/DischDest"/>
    </resource>
    <resource>
      <extension url="http://hl7.org/fhir/tools/StructureDefinition/resource-information">
        <valueString value="Observation"/>
      </extension>
      <reference>
        <reference value="Observation/ExampleEstStrokeSevNIHSSCat"/>
      </reference>
      <name value="Estimated Stroke Severity: based on NIHSS Category"/>
      <description value="Example of Estimated Stroke Severity: based on NIHSS Category. Indicate the estimated stroke severity category by the NIH Stroke Scale (NIHSS)."/>
      <profile value="https://molic-avc.gabriellesantosleandro.com/StructureDefinition/EstStrokeSevNIHSSCat"/>
      <profile value="https://molic-avc.gabriellesantosleandro.com/StructureDefinition/EstStrokeSevNIHSSCat"/>
    </resource>
    <resource>
      <extension url="http://hl7.org/fhir/tools/StructureDefinition/resource-information">
        <valueString value="Observation"/>
      </extension>
      <reference>
        <reference value="Observation/ExampleHemicraniectomy"/>
      </reference>
      <name value="Hemicraniectomy"/>
      <description value="Example of Hemicraniectomy. Indicate if the patient underwent hemicraniectomy."/>
      <profile value="https://molic-avc.gabriellesantosleandro.com/StructureDefinition/Hemicraniectomy"/>
      <profile value="https://molic-avc.gabriellesantosleandro.com/StructureDefinition/Hemicraniectomy"/>
    </resource>
    <resource>
      <extension url="http://hl7.org/fhir/tools/StructureDefinition/resource-information">
        <valueString value="Observation"/>
      </extension>
      <reference>
        <reference value="Observation/ExamplePriorAtrialFibrillation"/>
      </reference>
      <name value="Prior Atrial Fibrillation and Flutter"/>
      <description value="Example of Prior Atrial Fibrillation and Flutter. Indicate whether the person has ever been diagnosed with atrial fibrillation and flutter."/>
      <profile value="https://molic-avc.gabriellesantosleandro.com/StructureDefinition/PriorAtrialFibrillation"/>
      <profile value="https://molic-avc.gabriellesantosleandro.com/StructureDefinition/PriorAtrialFibrillation"/>
    </resource>
    <resource>
      <extension url="http://hl7.org/fhir/tools/StructureDefinition/resource-information">
        <valueString value="Observation"/>
      </extension>
      <reference>
        <reference value="Observation/ExamplePriorDiabetesMellitus"/>
      </reference>
      <name value="Prior Diabetes Mellitus"/>
      <description value="Example of Prior Diabetes Mellitus. Indicate if the patient has a documented history of diabetes mellitus (regardless of duration of disease or need for anti-diabetic agents)."/>
      <profile value="https://molic-avc.gabriellesantosleandro.com/StructureDefinition/PriorDiabetesMellitus"/>
      <profile value="https://molic-avc.gabriellesantosleandro.com/StructureDefinition/PriorDiabetesMellitus"/>
    </resource>
    <resource>
      <extension url="http://hl7.org/fhir/tools/StructureDefinition/resource-information">
        <valueString value="Observation"/>
      </extension>
      <reference>
        <reference value="Observation/ExamplePriorHyperlipidemia"/>
      </reference>
      <name value="Prior Hyperlipidemia"/>
      <description value="Example of Prior Hyperlipidemia. Indicate whether the patient has ever been diagnosed with hyperlipidemia."/>
      <profile value="https://molic-avc.gabriellesantosleandro.com/StructureDefinition/PriorHyperlipidemia"/>
      <profile value="https://molic-avc.gabriellesantosleandro.com/StructureDefinition/PriorHyperlipidemia"/>
    </resource>
    <resource>
      <extension url="http://hl7.org/fhir/tools/StructureDefinition/resource-information">
        <valueString value="Observation"/>
      </extension>
      <reference>
        <reference value="Observation/ExamplePriorHypertension"/>
      </reference>
      <name value="Prior Hypertension"/>
      <description value="Example of Prior Hypertension. Indicate whether the patient has a documented history of hypertension, diagnosed and treated with medication and/or diet and/or exercise."/>
      <profile value="https://molic-avc.gabriellesantosleandro.com/StructureDefinition/PriorHypertension"/>
      <profile value="https://molic-avc.gabriellesantosleandro.com/StructureDefinition/PriorHypertension"/>
    </resource>
    <resource>
      <extension url="http://hl7.org/fhir/tools/StructureDefinition/resource-information">
        <valueString value="Observation"/>
      </extension>
      <reference>
        <reference value="Observation/ExamplePriorIschemicHeartDisease"/>
      </reference>
      <name value="Prior Ischemic Heart Disease"/>
      <description value="Example of Prior Ischemic Heart Disease. Indicate whether the patient has ever been diagnosed with ischemic heart disease (including myocardial infarction)."/>
      <profile value="https://molic-avc.gabriellesantosleandro.com/StructureDefinition/PriorIschemicHeartDisease"/>
      <profile value="https://molic-avc.gabriellesantosleandro.com/StructureDefinition/PriorIschemicHeartDisease"/>
    </resource>
    <resource>
      <extension url="http://hl7.org/fhir/tools/StructureDefinition/resource-information">
        <valueString value="Observation"/>
      </extension>
      <reference>
        <reference value="Observation/ExamplePriorMyocardialInfarction"/>
      </reference>
      <name value="Prior Myocardial Infarction"/>
      <description value="Example of Prior Myocardial Infarction. Indicate whether the patient has a documented history of myocardial infarction."/>
      <profile value="https://molic-avc.gabriellesantosleandro.com/StructureDefinition/PriorMyocardialInfarction"/>
      <profile value="https://molic-avc.gabriellesantosleandro.com/StructureDefinition/PriorMyocardialInfarction"/>
    </resource>
    <resource>
      <extension url="http://hl7.org/fhir/tools/StructureDefinition/resource-information">
        <valueString value="Observation"/>
      </extension>
      <reference>
        <reference value="Observation/ExamplePriorStrokeExclTIA"/>
      </reference>
      <name value="Prior Stroke excluding Transient Ischemic Attacks"/>
      <description value="Example of Prior Stroke excluding Transient Ischemic Attacks. Indicate whether the patient was ever diagnosed with a stroke (excluding transient ischemic attacks)."/>
      <profile value="https://molic-avc.gabriellesantosleandro.com/StructureDefinition/PriorStrokeExclTIA"/>
      <profile value="https://molic-avc.gabriellesantosleandro.com/StructureDefinition/PriorStrokeExclTIA"/>
    </resource>
    <resource>
      <extension url="http://hl7.org/fhir/tools/StructureDefinition/resource-information">
        <valueString value="Observation"/>
      </extension>
      <reference>
        <reference value="Observation/ExamplePriorTIA"/>
      </reference>
      <name value="Prior Transient Ischemic Attacks"/>
      <description value="Example of Prior Transient Ischemic Attacks. Indicate whether the patient was ever diagnosed with a Transient Ischemic Attacks."/>
      <profile value="https://molic-avc.gabriellesantosleandro.com/StructureDefinition/PriorTIA"/>
      <profile value="https://molic-avc.gabriellesantosleandro.com/StructureDefinition/PriorTIA"/>
    </resource>
    <resource>
      <extension url="http://hl7.org/fhir/tools/StructureDefinition/resource-information">
        <valueString value="Observation"/>
      </extension>
      <reference>
        <reference value="Observation/ExampleProcoagulantReversal"/>
      </reference>
      <name value="Procoagulant Reversal Therapy"/>
      <description value="Example of Procoagulant Reversal Therapy. Indicate if the patient received procoagulant reversal therapy."/>
      <profile value="https://molic-avc.gabriellesantosleandro.com/StructureDefinition/ProcoagulantReversal"/>
      <profile value="https://molic-avc.gabriellesantosleandro.com/StructureDefinition/ProcoagulantReversal"/>
    </resource>
    <resource>
      <extension url="http://hl7.org/fhir/tools/StructureDefinition/resource-information">
        <valueString value="Observation"/>
      </extension>
      <reference>
        <reference value="Observation/ExampleRehabIN"/>
      </reference>
      <name value="Inpatient Acute Care Rehabilitation"/>
      <description value="Example of Inpatient Acute Care Rehabilitation. Indicate whether there is dedicated stroke rehabilitation during acute care."/>
      <profile value="https://molic-avc.gabriellesantosleandro.com/StructureDefinition/RehabIN"/>
      <profile value="https://molic-avc.gabriellesantosleandro.com/StructureDefinition/RehabIN"/>
    </resource>
    <resource>
      <extension url="http://hl7.org/fhir/tools/StructureDefinition/resource-information">
        <valueString value="Observation"/>
      </extension>
      <reference>
        <reference value="Observation/ExampleRehabOUT"/>
      </reference>
      <name value="Post Acute Care Rehabilitation"/>
      <description value="Example of Post Acute Care Rehabilitation. Indicate whether there is dedicated stroke rehabilitation during post-acute care, either hospital based or out patient/home based."/>
      <profile value="https://molic-avc.gabriellesantosleandro.com/StructureDefinition/RehabOUT"/>
      <profile value="https://molic-avc.gabriellesantosleandro.com/StructureDefinition/RehabOUT"/>
    </resource>
    <resource>
      <extension url="http://hl7.org/fhir/tools/StructureDefinition/resource-information">
        <valueString value="Observation"/>
      </extension>
      <reference>
        <reference value="Observation/ExampleStrokeRecur"/>
      </reference>
      <name value="Stroke Recurrence."/>
      <description value="Example of Stroke Recurrence. Indicate if the patient had a new stroke within 90 days of their first stroke occurrence."/>
      <profile value="https://molic-avc.gabriellesantosleandro.com/StructureDefinition/StrokeRecur"/>
      <profile value="https://molic-avc.gabriellesantosleandro.com/StructureDefinition/StrokeRecur"/>
    </resource>
    <resource>
      <extension url="http://hl7.org/fhir/tools/StructureDefinition/resource-information">
        <valueString value="Observation"/>
      </extension>
      <reference>
        <reference value="Observation/ExampleStrokeSevNIHSS"/>
      </reference>
      <name value="Stroke Severity: NIHSS Score"/>
      <description value="Example of Stroke Severity: NIHSS Score. Indicate the stroke severity as measured by the NIH Stroke Scale (NIHSS). Report the raw (uncategorized) NIHSS score."/>
      <profile value="https://molic-avc.gabriellesantosleandro.com/StructureDefinition/StrokeSevNIHSS"/>
      <profile value="https://molic-avc.gabriellesantosleandro.com/StructureDefinition/StrokeSevNIHSS"/>
    </resource>
    <resource>
      <extension url="http://hl7.org/fhir/tools/StructureDefinition/resource-information">
        <valueString value="Observation"/>
      </extension>
      <reference>
        <reference value="Observation/ExampleStrokeType"/>
      </reference>
      <name value="Stroke Type"/>
      <description value="Example of Stroke Type. Indicate Stroke Type."/>
      <profile value="https://molic-avc.gabriellesantosleandro.com/StructureDefinition/StrokeType"/>
      <profile value="https://molic-avc.gabriellesantosleandro.com/StructureDefinition/StrokeType"/>
    </resource>
    <resource>
      <extension url="http://hl7.org/fhir/tools/StructureDefinition/resource-information">
        <valueString value="Observation"/>
      </extension>
      <reference>
        <reference value="Observation/ExampleSympIntracranialHemorrhage"/>
      </reference>
      <name value="Symptomatic Intracranial Hemorrhage"/>
      <description value="Example of Symptomatic Intracranial Hemorrhage. Indicate if the patient developed symptomatic intracerebral hemorrhage after treatment of ischemic stroke with intravenous thrombolysis and/or thrombectomy."/>
      <profile value="https://molic-avc.gabriellesantosleandro.com/StructureDefinition/SympIntracranialHemorrhage"/>
      <profile value="https://molic-avc.gabriellesantosleandro.com/StructureDefinition/SympIntracranialHemorrhage"/>
    </resource>
    <resource>
      <extension url="http://hl7.org/fhir/tools/StructureDefinition/resource-information">
        <valueString value="Observation"/>
      </extension>
      <reference>
        <reference value="Observation/ExampleSymtDur"/>
      </reference>
      <name value="Duration of Stroke Symptoms"/>
      <description value="Example of Duration of Stroke Symptoms. Indicate the duration of the stroke symptoms measured on hospital arrival."/>
      <profile value="https://molic-avc.gabriellesantosleandro.com/StructureDefinition/SymtDur"/>
      <profile value="https://molic-avc.gabriellesantosleandro.com/StructureDefinition/SymtDur"/>
    </resource>
    <resource>
      <extension url="http://hl7.org/fhir/tools/StructureDefinition/resource-information">
        <valueString value="Observation"/>
      </extension>
      <reference>
        <reference value="Observation/ExampleThrombectomy"/>
      </reference>
      <name value="Thrombectomy"/>
      <description value="Example of Thrombectomy. Indicate if the patient underwent thrombectomy."/>
      <profile value="https://molic-avc.gabriellesantosleandro.com/StructureDefinition/Thrombectomy"/>
      <profile value="https://molic-avc.gabriellesantosleandro.com/StructureDefinition/Thrombectomy"/>
    </resource>
    <resource>
      <extension url="http://hl7.org/fhir/tools/StructureDefinition/resource-information">
        <valueString value="Observation"/>
      </extension>
      <reference>
        <reference value="Observation/ExampleThrombolytic"/>
      </reference>
      <name value="Thrombolytic Therapy"/>
      <description value="Example of Thrombolytic Therapy. Indicate if the patient received intravenous thrombolytic therapy."/>
      <profile value="https://molic-avc.gabriellesantosleandro.com/StructureDefinition/Thrombolytic"/>
      <profile value="https://molic-avc.gabriellesantosleandro.com/StructureDefinition/Thrombolytic"/>
    </resource>
    <resource>
      <extension url="http://hl7.org/fhir/tools/StructureDefinition/resource-information">
        <valueString value="Questionnaire"/>
      </extension>
      <reference>
        <reference value="Questionnaire/PatientReportedBaseline"/>
      </reference>
      <name value="Patient Reported Questionnaire 01 - Baseline"/>
      <description value="This questionnaire is designed to assess the patient-reported response in stroke patients at the initial point of assessment."/>
      <isExample value="false"/>
    </resource>
    <resource>
      <extension url="http://hl7.org/fhir/tools/StructureDefinition/resource-information">
        <valueString value="Questionnaire"/>
      </extension>
      <reference>
        <reference value="Questionnaire/PatientReportedDischargeOrSevenDays"/>
      </reference>
      <name value="Patient Reported Questionnaire 02 - Discharge or 7 days post admission"/>
      <description value="This questionnaire is designed to assess the patient-reported response in stroke at the patient discharge or 7 days post admission, whichever comes first."/>
      <isExample value="false"/>
    </resource>
    <resource>
      <extension url="http://hl7.org/fhir/tools/StructureDefinition/resource-information">
        <valueString value="Questionnaire"/>
      </extension>
      <reference>
        <reference value="Questionnaire/PatientReportedNinetyDays"/>
      </reference>
      <name value="Patient Reported Questionnaire 03 - 90 days post admission"/>
      <description value="This questionnaire is designed to assess the patient-reported response in stroke at 90 days post admission."/>
      <isExample value="false"/>
    </resource>
    <resource>
      <extension url="http://hl7.org/fhir/tools/StructureDefinition/resource-information">
        <valueString value="Organization"/>
      </extension>
      <reference>
        <reference value="Organization/example-strokeorganization"/>
      </reference>
      <name value="Healthcare Facility"/>
      <description value="Example of Healthcare Facility related to stroke care, based on the Brazilian National Data Network (RNDS)."/>
      <profile value="https://molic-avc.gabriellesantosleandro.com/StructureDefinition/StrokeOrganization"/>
      <profile value="https://molic-avc.gabriellesantosleandro.com/StructureDefinition/StrokeOrganization"/>
    </resource>
    <resource>
      <extension url="http://hl7.org/fhir/tools/StructureDefinition/resource-information">
        <valueString value="Patient"/>
      </extension>
      <reference>
        <reference value="Patient/example-strokepatient"/>
      </reference>
      <name value="Stroke Patient"/>
      <description value="Example of Stroke Patient. This example presents a profile for stroke patient based on Brazilian RNDS."/>
      <profile value="https://molic-avc.gabriellesantosleandro.com/StructureDefinition/StrokePatient"/>
      <profile value="https://molic-avc.gabriellesantosleandro.com/StructureDefinition/StrokePatient"/>
    </resource>
    <resource>
      <extension url="http://hl7.org/fhir/tools/StructureDefinition/resource-information">
        <valueString value="Practitioner"/>
      </extension>
      <reference>
        <reference value="Practitioner/example-strokepractitioner"/>
      </reference>
      <name value="Stroke Practitioner"/>
      <description value="This example presents a practitioner profile for stroke attendance based on Brazilian National Data Network."/>
      <profile value="https://molic-avc.gabriellesantosleandro.com/StructureDefinition/StrokePractitioner"/>
      <profile value="https://molic-avc.gabriellesantosleandro.com/StructureDefinition/StrokePractitioner"/>
    </resource>
    <page>
      <sourceUrl value="toc.html"/>
      <name value="toc.html"/>
      <title value="Table of Contents"/>
      <generation value="html"/>
      <page>
        <sourceUrl value="index.html"/>
        <name value="index.html"/>
        <title value="Home"/>
        <generation value="markdown"/>
      </page>
      <page>
        <sourceUrl value="stroke-cp.html"/>
        <name value="stroke-cp.html"/>
        <title value="Stroke-CP"/>
        <generation value="markdown"/>
      </page>
      <page>
        <sourceUrl value="data-dictionary.html"/>
        <name value="data-dictionary.html"/>
        <title value="Data-Dictionary"/>
        <generation value="markdown"/>
      </page>
      <page>
        <sourceUrl value="fhir.html"/>
        <name value="fhir.html"/>
        <title value="FHIR"/>
        <generation value="markdown"/>
      </page>
      <page>
        <sourceUrl value="ichom.html"/>
        <name value="ichom.html"/>
        <title value="ICHOM"/>
        <generation value="markdown"/>
      </page>
      <page>
        <sourceUrl value="downloads.html"/>
        <name value="downloads.html"/>
        <title value="Downloads"/>
        <generation value="markdown"/>
      </page>
      <page>
        <sourceUrl value="security.html"/>
        <name value="security.html"/>
        <title value="Security"/>
        <generation value="markdown"/>
      </page>
    </page>
    <parameter>
      <code>
        <system value="http://hl7.org/fhir/tools/CodeSystem/ig-parameters"/>
        <code value="copyrightyear"/>
      </code>
      <value value="2023+"/>
    </parameter>
    <parameter>
      <code>
        <system value="http://hl7.org/fhir/tools/CodeSystem/ig-parameters"/>
        <code value="releaselabel"/>
      </code>
      <value value="ballot"/>
    </parameter>
    <parameter>
      <code>
        <system value="http://hl7.org/fhir/tools/CodeSystem/ig-parameters"/>
        <code value="usage-stats-opt-out"/>
      </code>
      <value value="true"/>
    </parameter>
    <parameter>
      <code>
        <system value="http://hl7.org/fhir/tools/CodeSystem/ig-parameters"/>
        <code value="show-inherited-invariants"/>
      </code>
      <value value="false"/>
    </parameter>
    <parameter>
      <code>
        <system value="http://hl7.org/fhir/tools/CodeSystem/ig-parameters"/>
        <code value="shownav"/>
      </code>
      <value value="true"/>
    </parameter>
    <parameter>
      <code>
        <system value="http://hl7.org/fhir/tools/CodeSystem/ig-parameters"/>
        <code value="autoload-resources"/>
      </code>
      <value value="true"/>
    </parameter>
    <parameter>
      <code>
        <system value="http://hl7.org/fhir/guide-parameter-code"/>
        <code value="path-resource"/>
      </code>
      <value value="input/capabilities"/>
    </parameter>
    <parameter>
      <code>
        <system value="http://hl7.org/fhir/guide-parameter-code"/>
        <code value="path-resource"/>
      </code>
      <value value="input/examples"/>
    </parameter>
    <parameter>
      <code>
        <system value="http://hl7.org/fhir/guide-parameter-code"/>
        <code value="path-resource"/>
      </code>
      <value value="input/extensions"/>
    </parameter>
    <parameter>
      <code>
        <system value="http://hl7.org/fhir/guide-parameter-code"/>
        <code value="path-resource"/>
      </code>
      <value value="input/models"/>
    </parameter>
    <parameter>
      <code>
        <system value="http://hl7.org/fhir/guide-parameter-code"/>
        <code value="path-resource"/>
      </code>
      <value value="input/operations"/>
    </parameter>
    <parameter>
      <code>
        <system value="http://hl7.org/fhir/guide-parameter-code"/>
        <code value="path-resource"/>
      </code>
      <value value="input/profiles"/>
    </parameter>
    <parameter>
      <code>
        <system value="http://hl7.org/fhir/guide-parameter-code"/>
        <code value="path-resource"/>
      </code>
      <value value="input/resources"/>
    </parameter>
    <parameter>
      <code>
        <system value="http://hl7.org/fhir/guide-parameter-code"/>
        <code value="path-resource"/>
      </code>
      <value value="input/vocabulary"/>
    </parameter>
    <parameter>
      <code>
        <system value="http://hl7.org/fhir/guide-parameter-code"/>
        <code value="path-resource"/>
      </code>
      <value value="input/maps"/>
    </parameter>
    <parameter>
      <code>
        <system value="http://hl7.org/fhir/guide-parameter-code"/>
        <code value="path-resource"/>
      </code>
      <value value="input/testing"/>
    </parameter>
    <parameter>
      <code>
        <system value="http://hl7.org/fhir/guide-parameter-code"/>
        <code value="path-resource"/>
      </code>
      <value value="input/history"/>
    </parameter>
    <parameter>
      <code>
        <system value="http://hl7.org/fhir/guide-parameter-code"/>
        <code value="path-resource"/>
      </code>
      <value value="fsh-generated/resources"/>
    </parameter>
    <parameter>
      <code>
        <system value="http://hl7.org/fhir/guide-parameter-code"/>
        <code value="path-pages"/>
      </code>
      <value value="template/config"/>
    </parameter>
    <parameter>
      <code>
        <system value="http://hl7.org/fhir/guide-parameter-code"/>
        <code value="path-pages"/>
      </code>
      <value value="input/images"/>
    </parameter>
    <parameter>
      <code>
        <system value="http://hl7.org/fhir/tools/CodeSystem/ig-parameters"/>
        <code value="path-liquid"/>
      </code>
      <value value="template/liquid"/>
    </parameter>
    <parameter>
      <code>
        <system value="http://hl7.org/fhir/tools/CodeSystem/ig-parameters"/>
        <code value="path-liquid"/>
      </code>
      <value value="input/liquid"/>
    </parameter>
    <parameter>
      <code>
        <system value="http://hl7.org/fhir/tools/CodeSystem/ig-parameters"/>
        <code value="path-qa"/>
      </code>
      <value value="temp/qa"/>
    </parameter>
    <parameter>
      <code>
        <system value="http://hl7.org/fhir/tools/CodeSystem/ig-parameters"/>
        <code value="path-temp"/>
      </code>
      <value value="temp/pages"/>
    </parameter>
    <parameter>
      <code>
        <system value="http://hl7.org/fhir/tools/CodeSystem/ig-parameters"/>
        <code value="path-output"/>
      </code>
      <value value="output"/>
    </parameter>
    <parameter>
      <code>
        <system value="http://hl7.org/fhir/guide-parameter-code"/>
        <code value="path-tx-cache"/>
      </code>
      <value value="input-cache/txcache"/>
    </parameter>
    <parameter>
      <code>
        <system value="http://hl7.org/fhir/tools/CodeSystem/ig-parameters"/>
        <code value="path-suppressed-warnings"/>
      </code>
      <value value="input/ignoreWarnings.txt"/>
    </parameter>
    <parameter>
      <code>
        <system value="http://hl7.org/fhir/tools/CodeSystem/ig-parameters"/>
        <code value="path-history"/>
      </code>
      <value value="https://molic-avc.gabriellesantosleandro.com/history.html"/>
    </parameter>
    <parameter>
      <code>
        <system value="http://hl7.org/fhir/tools/CodeSystem/ig-parameters"/>
        <code value="template-html"/>
      </code>
      <value value="template-page.html"/>
    </parameter>
    <parameter>
      <code>
        <system value="http://hl7.org/fhir/tools/CodeSystem/ig-parameters"/>
        <code value="template-md"/>
      </code>
      <value value="template-page-md.html"/>
    </parameter>
    <parameter>
      <code>
        <system value="http://hl7.org/fhir/tools/CodeSystem/ig-parameters"/>
        <code value="apply-contact"/>
      </code>
      <value value="true"/>
    </parameter>
    <parameter>
      <code>
        <system value="http://hl7.org/fhir/tools/CodeSystem/ig-parameters"/>
        <code value="apply-context"/>
      </code>
      <value value="true"/>
    </parameter>
    <parameter>
      <code>
        <system value="http://hl7.org/fhir/tools/CodeSystem/ig-parameters"/>
        <code value="apply-copyright"/>
      </code>
      <value value="true"/>
    </parameter>
    <parameter>
      <code>
        <system value="http://hl7.org/fhir/tools/CodeSystem/ig-parameters"/>
        <code value="apply-jurisdiction"/>
      </code>
      <value value="true"/>
    </parameter>
    <parameter>
      <code>
        <system value="http://hl7.org/fhir/tools/CodeSystem/ig-parameters"/>
        <code value="apply-license"/>
      </code>
      <value value="true"/>
    </parameter>
    <parameter>
      <code>
        <system value="http://hl7.org/fhir/tools/CodeSystem/ig-parameters"/>
        <code value="apply-publisher"/>
      </code>
      <value value="true"/>
    </parameter>
    <parameter>
      <code>
        <system value="http://hl7.org/fhir/tools/CodeSystem/ig-parameters"/>
        <code value="apply-version"/>
      </code>
      <value value="true"/>
    </parameter>
    <parameter>
      <code>
        <system value="http://hl7.org/fhir/tools/CodeSystem/ig-parameters"/>
        <code value="apply-wg"/>
      </code>
      <value value="true"/>
    </parameter>
    <parameter>
      <code>
        <system value="http://hl7.org/fhir/tools/CodeSystem/ig-parameters"/>
        <code value="active-tables"/>
      </code>
      <value value="true"/>
    </parameter>
    <parameter>
      <code>
        <system value="http://hl7.org/fhir/tools/CodeSystem/ig-parameters"/>
        <code value="fmm-definition"/>
      </code>
      <value value="http://hl7.org/fhir/versions.html#maturity"/>
    </parameter>
    <parameter>
      <code>
        <system value="http://hl7.org/fhir/tools/CodeSystem/ig-parameters"/>
        <code value="propagate-status"/>
      </code>
      <value value="true"/>
    </parameter>
    <parameter>
      <code>
        <system value="http://hl7.org/fhir/tools/CodeSystem/ig-parameters"/>
        <code value="excludelogbinaryformat"/>
      </code>
      <value value="true"/>
    </parameter>
    <parameter>
      <code>
        <system value="http://hl7.org/fhir/tools/CodeSystem/ig-parameters"/>
        <code value="tabbed-snapshots"/>
      </code>
      <value value="true"/>
    </parameter>
  </definition>
</ImplementationGuide>