{
  "resourceType" : "ImplementationGuide",
  "id" : "guide",
  "text" : {
    "status" : "extensions",
    "div" : "<div xmlns=\"http://www.w3.org/1999/xhtml\"><h2>MolicAVC</h2><p>The official URL for this implementation guide is: </p><pre>https://molic-avc.gabriellesantosleandro.com/ImplementationGuide/guide</pre><div><p>FHIR Implementation Guide for Stroke: A Dual Focus on the Patient's Journey and Outcome Measures</p>\n</div></div>"
  },
  "url" : "https://molic-avc.gabriellesantosleandro.com/ImplementationGuide/guide",
  "version" : "1.0.1",
  "name" : "MolicAVC",
  "title" : "Molic-AVC Project: Monitoring the Stroke Clinical Pathway",
  "status" : "draft",
  "date" : "2023-11-21T18:47:54-03:00",
  "publisher" : "Gabrielle dos Santos Leandro",
  "contact" : [{
    "name" : "Gabrielle dos Santos Leandro",
    "telecom" : [{
      "system" : "url",
      "value" : "https://gabriellesantosleandro.com"
    },
    {
      "system" : "email",
      "value" : "gabrielle.santos.leandro@gmail.com"
    }]
  },
  {
    "name" : "Gabrielle dos Santos Leandro",
    "telecom" : [{
      "system" : "url",
      "value" : "https://gabriellesantosleandro.com.br",
      "use" : "work"
    },
    {
      "system" : "email",
      "value" : "gabrielle.santos.leandro@gmail.com",
      "use" : "work"
    }]
  }],
  "description" : "FHIR Implementation Guide for Stroke: A Dual Focus on the Patient's Journey and Outcome Measures",
  "packageId" : "guide",
  "license" : "CC0-1.0",
  "fhirVersion" : ["5.0.0"],
  "dependsOn" : [{
    "id" : "hl7tx",
    "extension" : [{
      "url" : "http://hl7.org/fhir/tools/StructureDefinition/implementationguide-dependency-comment",
      "valueMarkdown" : "Automatically added as a dependency - all IGs depend on HL7 Terminology"
    }],
    "uri" : "http://terminology.hl7.org/ImplementationGuide/hl7.terminology",
    "packageId" : "hl7.terminology.r5",
    "version" : "5.3.0"
  },
  {
    "id" : "hl7ext",
    "extension" : [{
      "url" : "http://hl7.org/fhir/tools/StructureDefinition/implementationguide-dependency-comment",
      "valueMarkdown" : "Automatically added as a dependency - all IGs depend on the HL7 Extension Pack"
    }],
    "uri" : "http://hl7.org/fhir/extensions/ImplementationGuide/hl7.fhir.uv.extensions",
    "packageId" : "hl7.fhir.uv.extensions.r5",
    "version" : "1.0.0"
  }],
  "definition" : {
    "extension" : [{
      "url" : "http://hl7.org/fhir/tools/StructureDefinition/ig-internal-dependency",
      "valueCode" : "hl7.fhir.uv.tools#current"
    }],
    "resource" : [{
      "extension" : [{
        "url" : "http://hl7.org/fhir/tools/StructureDefinition/resource-information",
        "valueString" : "StructureDefinition:resource"
      }],
      "reference" : {
        "reference" : "StructureDefinition/molicavc-encounter-profile"
      },
      "name" : "Profile of Molic-AVC's Encounter",
      "description" : "The Encounter Resource in the MOLIC-AVC project represents the actual interaction between \r\na patient and their healthcare provider(s). It's designed to document delivered health services or assess\r\nthe patient's health status.",
      "isExample" : false
    },
    {
      "extension" : [{
        "url" : "http://hl7.org/fhir/tools/StructureDefinition/resource-information",
        "valueString" : "StructureDefinition:resource"
      }],
      "reference" : {
        "reference" : "StructureDefinition/molicavc-observation-profile"
      },
      "name" : "Profile of Molic-AVC's Observation",
      "description" : "Observations are a central element in healthcare, used to support diagnosis, monitor progress, determine baselines \r\nand patterns and even capture demographic characteristics, as well as capture results of tests performed on products and substances. \r\nMost observations are simple name/value pair assertions with some metadata, but some observations group other observations together \r\nlogically, or even are multi-component observations.",
      "isExample" : false
    },
    {
      "extension" : [{
        "url" : "http://hl7.org/fhir/tools/StructureDefinition/resource-information",
        "valueString" : "StructureDefinition:resource"
      }],
      "reference" : {
        "reference" : "StructureDefinition/molicavc-organization-profile"
      },
      "name" : "Profile of Molic-AVC's Organization",
      "description" : "The Organization resource in the MOLIC-AVC project encompasses all entities or groups \r\ninvolved in the healthcare process and related health services as part of their formal responsibilities. \r\nExamples include: Primary Care Basic Health Units, Emergency Care Units, Reference Hospital for Stroke, \r\npublic ambulance transport (SAMU), private services, and others.",
      "isExample" : false
    },
    {
      "extension" : [{
        "url" : "http://hl7.org/fhir/tools/StructureDefinition/resource-information",
        "valueString" : "StructureDefinition:resource"
      }],
      "reference" : {
        "reference" : "StructureDefinition/molicavc-practitioner-profile"
      },
      "name" : "Profile of Molic-AVC's Practitioner",
      "description" : "The Practitioner Resource in the MOLIC-AVC project encompasses all individuals involved in the healthcare process and related health services as part of their formal responsibilities. This Resource is utilized to assign activities and responsibilities to these individuals. Examples include: doctors, nurses, therapists, receptionists, and so on.",
      "isExample" : false
    },
    {
      "extension" : [{
        "url" : "http://hl7.org/fhir/tools/StructureDefinition/resource-information",
        "valueString" : "StructureDefinition:resource"
      }],
      "reference" : {
        "reference" : "StructureDefinition/StrokePatient"
      },
      "name" : "Stroke Patient Profile",
      "description" : "This profile stores demographics and other administrative information about an patient with stroke.",
      "isExample" : false
    },
    {
      "extension" : [{
        "url" : "http://hl7.org/fhir/tools/StructureDefinition/resource-information",
        "valueString" : "StructureDefinition:extension"
      }],
      "reference" : {
        "reference" : "StructureDefinition/AlcoholAmountExtension"
      },
      "name" : "Extension of Alcohol intake amount",
      "description" : "Based on the ICHOM, one standard drink is equal to 12.5ml of pure alcohol, or roughly 1 small glass of wine/25cl of regular beer (5% alcohol).",
      "isExample" : false
    },
    {
      "extension" : [{
        "url" : "http://hl7.org/fhir/tools/StructureDefinition/resource-information",
        "valueString" : "StructureDefinition:extension"
      }],
      "reference" : {
        "reference" : "StructureDefinition/Est-StrokeSevNIHSSCatExtension"
      },
      "name" : "Extension of Estimated Stroke Severity Category based on NIHSS",
      "description" : "Estimated Stroke Severity: Category. Indicate the estimated stroke severity category \r\nby the NIH Stroke Scale (NIHSS).",
      "isExample" : false
    },
    {
      "extension" : [{
        "url" : "http://hl7.org/fhir/tools/StructureDefinition/resource-information",
        "valueString" : "StructureDefinition:extension"
      }],
      "reference" : {
        "reference" : "StructureDefinition/EthnicityExtension"
      },
      "name" : "Extension of Patient Ethnicity",
      "description" : "Extension to capture the patient's ethnicity which represents their cultural background or heritage. Although optional, ICHOM strongly encourages collecting this inclusive information.",
      "isExample" : false
    },
    {
      "extension" : [{
        "url" : "http://hl7.org/fhir/tools/StructureDefinition/resource-information",
        "valueString" : "StructureDefinition:extension"
      }],
      "reference" : {
        "reference" : "StructureDefinition/GenderIdentityExtension"
      },
      "name" : "Extension of Patient Gender Identity",
      "description" : "The patient's gender.",
      "isExample" : false
    },
    {
      "extension" : [{
        "url" : "http://hl7.org/fhir/tools/StructureDefinition/resource-information",
        "valueString" : "StructureDefinition:extension"
      }],
      "reference" : {
        "reference" : "StructureDefinition/LiveAlonePreExtension"
      },
      "name" : "Extension of Live Alone Pre-Stroke",
      "description" : "Extension indicating whether a patient lived alone prior to a stroke event based on ICHOM terminology.",
      "isExample" : false
    },
    {
      "extension" : [{
        "url" : "http://hl7.org/fhir/tools/StructureDefinition/resource-information",
        "valueString" : "StructureDefinition:extension"
      }],
      "reference" : {
        "reference" : "StructureDefinition/LivingLocPreExtension"
      },
      "name" : "Extension of Patient's Residence Prior to a Stroke",
      "description" : "An extension to capture the patient's residence prior to a stroke event, based on the ICHOM code.",
      "isExample" : false
    },
    {
      "extension" : [{
        "url" : "http://hl7.org/fhir/tools/StructureDefinition/resource-information",
        "valueString" : "StructureDefinition:extension"
      }],
      "reference" : {
        "reference" : "StructureDefinition/molicavc-strokewindow-extension"
      },
      "name" : "Extension of Stroke Window",
      "description" : "Brief hours post-symptom onset when prompt intervention reduces brain damage, lasting up to 4.5-12 hours.",
      "isExample" : false
    },
    {
      "extension" : [{
        "url" : "http://hl7.org/fhir/tools/StructureDefinition/resource-information",
        "valueString" : "StructureDefinition:extension"
      }],
      "reference" : {
        "reference" : "StructureDefinition/RaceExtension"
      },
      "name" : "Extension of Race",
      "description" : "Represents the race of a patient. This extension is aligned with USCore.",
      "isExample" : false
    },
    {
      "extension" : [{
        "url" : "http://hl7.org/fhir/tools/StructureDefinition/resource-information",
        "valueString" : "StructureDefinition:extension"
      }],
      "reference" : {
        "reference" : "StructureDefinition/SmokingStatusExtension"
      },
      "name" : "Extension of Smoking Status",
      "description" : "Extension to capture the patient's smoking status, as recommended by ICHOM.",
      "isExample" : false
    },
    {
      "extension" : [{
        "url" : "http://hl7.org/fhir/tools/StructureDefinition/resource-information",
        "valueString" : "StructureDefinition:extension"
      }],
      "reference" : {
        "reference" : "StructureDefinition/StrokeSevLocExtension"
      },
      "name" : "Extension of Consciousness",
      "description" : "Stroke severity: consciousness. Indicate the patient’s level of consciousness measured on hospitalar arrival.",
      "isExample" : false
    },
    {
      "extension" : [{
        "url" : "http://hl7.org/fhir/tools/StructureDefinition/resource-information",
        "valueString" : "StructureDefinition:extension"
      }],
      "reference" : {
        "reference" : "StructureDefinition/StrokeSev-NIHSS-Extension"
      },
      "name" : "Extension of Stroke Severity Score based on NIHSS",
      "description" : "Stroke severity score. Stroke severity as measured by the NIH Stroke Scale (NIHSS). Report the raw (uncategorized) NIHSS score.",
      "isExample" : false
    },
    {
      "extension" : [{
        "url" : "http://hl7.org/fhir/tools/StructureDefinition/resource-information",
        "valueString" : "StructureDefinition:extension"
      }],
      "reference" : {
        "reference" : "StructureDefinition/SymtDurExtension"
      },
      "name" : "Extension of Stroke's Symptom Duration",
      "description" : "Duration of symptoms. Indicate the duration of the stroke symptoms measured on hospital arrival.",
      "isExample" : false
    },
    {
      "extension" : [{
        "url" : "http://hl7.org/fhir/tools/StructureDefinition/resource-information",
        "valueString" : "ValueSet"
      }],
      "reference" : {
        "reference" : "ValueSet/cnes-valueset"
      },
      "name" : "ValueSet of National Registry of Health Establishments (CNES - Cadastro Nacional de Estabelecimentos de Saúde)",
      "description" : "This ValueSet details codes for Stroke Healthcare Units in Joinville based on National Registry of Health Establishments (CNES - Cadastro Nacional de Estabelecimentos de Saúde).",
      "isExample" : false
    },
    {
      "extension" : [{
        "url" : "http://hl7.org/fhir/tools/StructureDefinition/resource-information",
        "valueString" : "ValueSet"
      }],
      "reference" : {
        "reference" : "ValueSet/molicavc-cvdcomorbidities-valueset"
      },
      "name" : "ValueSet of Cardiovascular Comorbidities",
      "description" : " Indicate which comorbidities the patient is living with. Select all conditions that apply at every annual follow-up.",
      "isExample" : false
    },
    {
      "extension" : [{
        "url" : "http://hl7.org/fhir/tools/StructureDefinition/resource-information",
        "valueString" : "ValueSet"
      }],
      "reference" : {
        "reference" : "ValueSet/DiagnosisVS"
      },
      "name" : "ValueSet of the Diagnostic Evidence Base",
      "description" : "This ValueSet indicates which diagnostic evidence base was used for its realization",
      "isExample" : false
    },
    {
      "extension" : [{
        "url" : "http://hl7.org/fhir/tools/StructureDefinition/resource-information",
        "valueString" : "ValueSet"
      }],
      "reference" : {
        "reference" : "ValueSet/DischDestVS"
      },
      "name" : "ValueSet of Discharge Location",
      "description" : "Discharge destination following acute care hospitalization. What type of place was the patient discharged to?",
      "isExample" : false
    },
    {
      "extension" : [{
        "url" : "http://hl7.org/fhir/tools/StructureDefinition/resource-information",
        "valueString" : "ValueSet"
      }],
      "reference" : {
        "reference" : "ValueSet/EstStrokeSevNIHSSCatVS"
      },
      "name" : "ValueSet that categorizes the estimated severity of the stroke using the NIHSS according to the ICHOM standard.",
      "description" : "This ValueSet is intended to categorize the severity of the stroke based on the National Institutes of Health Stroke Scale (NIHSS).",
      "isExample" : false
    },
    {
      "extension" : [{
        "url" : "http://hl7.org/fhir/tools/StructureDefinition/resource-information",
        "valueString" : "ValueSet"
      }],
      "reference" : {
        "reference" : "ValueSet/GenderIdentityVS"
      },
      "name" : "ValueSet of Gender Identity",
      "description" : "ValueSet for Gender Identity based on LOINC.",
      "isExample" : false
    },
    {
      "extension" : [{
        "url" : "http://hl7.org/fhir/tools/StructureDefinition/resource-information",
        "valueString" : "ValueSet"
      }],
      "reference" : {
        "reference" : "ValueSet/hospital-department-valueset"
      },
      "name" : "ValueSet for Hospital Department",
      "description" : "This ValueSet includes the hospital departments responsible for taking care of stroke patients.",
      "isExample" : false
    },
    {
      "extension" : [{
        "url" : "http://hl7.org/fhir/tools/StructureDefinition/resource-information",
        "valueString" : "ValueSet"
      }],
      "reference" : {
        "reference" : "ValueSet/LiveAlonePreVS"
      },
      "name" : "ValueSet of Live Alone Pre-Stroke",
      "description" : "ValueSet indicating whether a patient lived alone prior to a stroke event based on ICHOM terminology.",
      "isExample" : false
    },
    {
      "extension" : [{
        "url" : "http://hl7.org/fhir/tools/StructureDefinition/resource-information",
        "valueString" : "ValueSet"
      }],
      "reference" : {
        "reference" : "ValueSet/LivingLocPreVS"
      },
      "name" : "ValueSet of Patient's Residence Prior to a Stroke",
      "description" : "Represents the patient's most recent place of residence before the occurrence of a stroke based on ICHOM code.",
      "isExample" : false
    },
    {
      "extension" : [{
        "url" : "http://hl7.org/fhir/tools/StructureDefinition/resource-information",
        "valueString" : "ValueSet"
      }],
      "reference" : {
        "reference" : "ValueSet/type-healthcare-unit-valueset"
      },
      "name" : "Type of Healthcare Unit ValueSet",
      "description" : "This ValueSet details codes for healthcare units serving stroke patients in Brazil.",
      "isExample" : false
    },
    {
      "extension" : [{
        "url" : "http://hl7.org/fhir/tools/StructureDefinition/resource-information",
        "valueString" : "ValueSet"
      }],
      "reference" : {
        "reference" : "ValueSet/molicavc-referencelocation-valueset"
      },
      "name" : "ValueSet of Reference Location",
      "description" : "Indicate and classify where the patient was referred.",
      "isExample" : false
    },
    {
      "extension" : [{
        "url" : "http://hl7.org/fhir/tools/StructureDefinition/resource-information",
        "valueString" : "ValueSet"
      }],
      "reference" : {
        "reference" : "ValueSet/NoYesUnknownVS"
      },
      "name" : "ValueSet Yes, No and Unknown",
      "description" : "ValueSet with responses Yes, No, and Unknown",
      "isExample" : false
    },
    {
      "extension" : [{
        "url" : "http://hl7.org/fhir/tools/StructureDefinition/resource-information",
        "valueString" : "ValueSet"
      }],
      "reference" : {
        "reference" : "ValueSet/PROMIS10VS"
      },
      "name" : "ValueSet of PROMIS-10 Response Questionnaire",
      "description" : "This ValueSet defines the response values for the PROMIS-10 (Patient-Reported Outcomes Measurement Information System 10-item short form) Questionnaire.",
      "isExample" : false
    },
    {
      "extension" : [{
        "url" : "http://hl7.org/fhir/tools/StructureDefinition/resource-information",
        "valueString" : "ValueSet"
      }],
      "reference" : {
        "reference" : "ValueSet/professionalcode-valueset"
      },
      "name" : "ValueSet of Professional Code",
      "description" : "This ValueSet is integral to the Molic-AVC project and details codes for professionals serving stroke patients in Brazil.",
      "isExample" : false
    },
    {
      "extension" : [{
        "url" : "http://hl7.org/fhir/tools/StructureDefinition/resource-information",
        "valueString" : "ValueSet"
      }],
      "reference" : {
        "reference" : "ValueSet/SMRSqVS"
      },
      "name" : "ValueSet of simplified modified Ranking Scale questionnaire (SMRSq)",
      "description" : "This ValueSet defines the response values for the simplified modified Ranking Scale questionnaire.",
      "isExample" : false
    },
    {
      "extension" : [{
        "url" : "http://hl7.org/fhir/tools/StructureDefinition/resource-information",
        "valueString" : "ValueSet"
      }],
      "reference" : {
        "reference" : "ValueSet/SmokingStatusVS"
      },
      "name" : "ValueSet of Smoking Status",
      "description" : "ValueSet for Smoking Status. A person's current and past smoking behavior.",
      "isExample" : false
    },
    {
      "extension" : [{
        "url" : "http://hl7.org/fhir/tools/StructureDefinition/resource-information",
        "valueString" : "ValueSet"
      }],
      "reference" : {
        "reference" : "ValueSet/StrokeAmbVS"
      },
      "name" : "ValueSet of Prestroke and Poststroke Functional Status: Ambulation",
      "description" : "This ValueSet defines the response values for the Prestroke and Poststroke Functional Status: Ambulation.",
      "isExample" : false
    },
    {
      "extension" : [{
        "url" : "http://hl7.org/fhir/tools/StructureDefinition/resource-information",
        "valueString" : "ValueSet"
      }],
      "reference" : {
        "reference" : "ValueSet/StrokeDressingVS"
      },
      "name" : "ValueSet of Prestroke and Poststroke Functional Status: Dressing",
      "description" : "This ValueSet defines the response values for the Prestroke and Poststroke Functional Status: Dressing.",
      "isExample" : false
    },
    {
      "extension" : [{
        "url" : "http://hl7.org/fhir/tools/StructureDefinition/resource-information",
        "valueString" : "ValueSet"
      }],
      "reference" : {
        "reference" : "ValueSet/StrokeSevLocVS"
      },
      "name" : "ValueSet Categorizing the State of Consciousness according to the ICHOM standard.",
      "description" : "This ValueSet is based on the ICHOM standard and it indicates the patient's state of consciousness as measured upon arrival at the reference hospital.",
      "isExample" : false
    },
    {
      "extension" : [{
        "url" : "http://hl7.org/fhir/tools/StructureDefinition/resource-information",
        "valueString" : "ValueSet"
      }],
      "reference" : {
        "reference" : "ValueSet/StrokeToiletingVS"
      },
      "name" : "ValueSet of Prestroke and Poststroke Functional Status: Toileting",
      "description" : "This ValueSet defines the response values for the Prestroke and Poststroke Functional Status: Toileting.",
      "isExample" : false
    },
    {
      "extension" : [{
        "url" : "http://hl7.org/fhir/tools/StructureDefinition/resource-information",
        "valueString" : "ValueSet"
      }],
      "reference" : {
        "reference" : "ValueSet/StrokeTypeVS"
      },
      "name" : "ValueSet for stroke type based on ICHOM",
      "description" : "This ValueSet aims to categorize the stroke type according to the ICHOM standard.",
      "isExample" : false
    },
    {
      "extension" : [{
        "url" : "http://hl7.org/fhir/tools/StructureDefinition/resource-information",
        "valueString" : "ValueSet"
      }],
      "reference" : {
        "reference" : "ValueSet/SymtDurVS"
      },
      "name" : "ValueSet Categorizing the Duration of Stroke Symptoms",
      "description" : "ValueSet that categorizes the duration of stroke symptoms, considering the time from symptom onset to admission at the reference hospital.",
      "isExample" : false
    },
    {
      "extension" : [{
        "url" : "http://hl7.org/fhir/tools/StructureDefinition/resource-information",
        "valueString" : "Patient"
      }],
      "reference" : {
        "reference" : "Patient/123.456.789-00"
      },
      "name" : "Use case of Stroke Patient",
      "description" : "This case study presents a patient profile. The profile extends the FHIR Patient \nresource with specialized extensions to capture essential data.",
      "profile" : ["https://molic-avc.gabriellesantosleandro.com/StructureDefinition/StrokePatient",
      "https://molic-avc.gabriellesantosleandro.com/StructureDefinition/StrokePatient"]
    },
    {
      "extension" : [{
        "url" : "http://hl7.org/fhir/tools/StructureDefinition/resource-information",
        "valueString" : "Questionnaire"
      }],
      "reference" : {
        "reference" : "Questionnaire/ClinicalResponseAnnualUpdate"
      },
      "name" : "Clinical Response Questionnaire 04 - Annual Follow-up",
      "description" : "This questionnaire is meant to assess the clinical response in stroke patients at annual follow-up, from 1 year to 5 years post admission.",
      "isExample" : false
    },
    {
      "extension" : [{
        "url" : "http://hl7.org/fhir/tools/StructureDefinition/resource-information",
        "valueString" : "Questionnaire"
      }],
      "reference" : {
        "reference" : "Questionnaire/ClinicalResponseBaseline"
      },
      "name" : "Clinical Response Questionnaire 01 - Baseline",
      "description" : "This questionnaire is meant to assess the clinical response in stroke patients at the initial point of assessment, which would be the first doctor's visit.",
      "isExample" : false
    },
    {
      "extension" : [{
        "url" : "http://hl7.org/fhir/tools/StructureDefinition/resource-information",
        "valueString" : "Questionnaire"
      }],
      "reference" : {
        "reference" : "Questionnaire/ClinicalResponseDischargeOrSevenDays"
      },
      "name" : "Clinical Response Questionnaire 02 - Discharge or 7 days post admission",
      "description" : "This questionnaire is meant to assess the clinical response in stroke patients at the patient discharge or 7 days post admission, whichever comes first.",
      "isExample" : false
    },
    {
      "extension" : [{
        "url" : "http://hl7.org/fhir/tools/StructureDefinition/resource-information",
        "valueString" : "Questionnaire"
      }],
      "reference" : {
        "reference" : "Questionnaire/ClinicalResponseNinetyDays"
      },
      "name" : "Clinical Response Questionnaire 03 - 90 days post admission",
      "description" : "This questionnaire is meant to assess the clinical response in stroke patients at 90 days post admission.",
      "isExample" : false
    },
    {
      "extension" : [{
        "url" : "http://hl7.org/fhir/tools/StructureDefinition/resource-information",
        "valueString" : "Practitioner"
      }],
      "reference" : {
        "reference" : "Practitioner/MolicAVC-DoctorExample"
      },
      "name" : "Use case of Molic-AVC's Practitioner",
      "description" : "Example instance of a doctor in the Molic-AVC project.",
      "profile" : ["https://molic-avc.gabriellesantosleandro.com/StructureDefinition/molicavc-practitioner-profile",
      "https://molic-avc.gabriellesantosleandro.com/StructureDefinition/molicavc-practitioner-profile"]
    },
    {
      "extension" : [{
        "url" : "http://hl7.org/fhir/tools/StructureDefinition/resource-information",
        "valueString" : "Encounter"
      }],
      "reference" : {
        "reference" : "Encounter/MolicAVC-EncouterExample"
      },
      "name" : "Use case of Molic-AVC's Encounter",
      "description" : "Example instance of an encounter for a patient admitted due to a stroke.",
      "profile" : ["https://molic-avc.gabriellesantosleandro.com/StructureDefinition/molicavc-encounter-profile",
      "https://molic-avc.gabriellesantosleandro.com/StructureDefinition/molicavc-encounter-profile"]
    },
    {
      "extension" : [{
        "url" : "http://hl7.org/fhir/tools/StructureDefinition/resource-information",
        "valueString" : "Organization"
      }],
      "reference" : {
        "reference" : "Organization/MolicAVC-OrganizationExample"
      },
      "name" : "Use case of Molic-AVC's Organization",
      "description" : "Example instance of an Organization in the Molic-AVC project.",
      "profile" : ["https://molic-avc.gabriellesantosleandro.com/StructureDefinition/molicavc-organization-profile",
      "https://molic-avc.gabriellesantosleandro.com/StructureDefinition/molicavc-organization-profile"]
    },
    {
      "extension" : [{
        "url" : "http://hl7.org/fhir/tools/StructureDefinition/resource-information",
        "valueString" : "Questionnaire"
      }],
      "reference" : {
        "reference" : "Questionnaire/PatientReportedBaseline"
      },
      "name" : "Patient Reported Questionnaire 01 - Baseline",
      "description" : "This questionnaire is designed to assess the patient-reported response in stroke patients at the initial point of assessment.",
      "isExample" : false
    },
    {
      "extension" : [{
        "url" : "http://hl7.org/fhir/tools/StructureDefinition/resource-information",
        "valueString" : "Questionnaire"
      }],
      "reference" : {
        "reference" : "Questionnaire/PatientReportedDischargeOrSevenDays"
      },
      "name" : "Patient Reported Questionnaire 02 - Discharge or 7 days post admission",
      "description" : "This questionnaire is designed to assess the patient-reported response in stroke at the patient discharge or 7 days post admission, whichever comes first.",
      "isExample" : false
    },
    {
      "extension" : [{
        "url" : "http://hl7.org/fhir/tools/StructureDefinition/resource-information",
        "valueString" : "Questionnaire"
      }],
      "reference" : {
        "reference" : "Questionnaire/PatientReportedNinetyDays"
      },
      "name" : "Patient Reported Questionnaire 03 - 90 days post admission",
      "description" : "This questionnaire is designed to assess the patient-reported response in stroke at 90 days post admission.",
      "isExample" : false
    }],
    "page" : {
      "sourceUrl" : "toc.html",
      "name" : "toc.html",
      "title" : "Table of Contents",
      "generation" : "html",
      "page" : [{
        "sourceUrl" : "index.html",
        "name" : "index.html",
        "title" : "Home",
        "generation" : "markdown"
      },
      {
        "sourceUrl" : "fhir.html",
        "name" : "fhir.html",
        "title" : "FHIR",
        "generation" : "markdown"
      },
      {
        "sourceUrl" : "ichom.html",
        "name" : "ichom.html",
        "title" : "ICHOM",
        "generation" : "markdown"
      },
      {
        "sourceUrl" : "lc-avc-bpmn.html",
        "name" : "lc-avc-bpmn.html",
        "title" : "Stroke-CP (BPMN)",
        "generation" : "markdown"
      },
      {
        "sourceUrl" : "data-dictionary.html",
        "name" : "data-dictionary.html",
        "title" : "Data Dictionary",
        "generation" : "markdown"
      },
      {
        "sourceUrl" : "paper.html",
        "name" : "paper.html",
        "title" : "Paper",
        "generation" : "markdown"
      },
      {
        "sourceUrl" : "downloads.html",
        "name" : "downloads.html",
        "title" : "Downloads",
        "generation" : "markdown"
      },
      {
        "sourceUrl" : "security.html",
        "name" : "security.html",
        "title" : "Security",
        "generation" : "markdown"
      }]
    },
    "parameter" : [{
      "code" : {
        "system" : "http://hl7.org/fhir/tools/CodeSystem/ig-parameters",
        "code" : "copyrightyear"
      },
      "value" : "2023+"
    },
    {
      "code" : {
        "system" : "http://hl7.org/fhir/tools/CodeSystem/ig-parameters",
        "code" : "releaselabel"
      },
      "value" : "ci-build"
    },
    {
      "code" : {
        "system" : "http://hl7.org/fhir/tools/CodeSystem/ig-parameters",
        "code" : "usage-stats-opt-out"
      },
      "value" : "true"
    },
    {
      "code" : {
        "system" : "http://hl7.org/fhir/tools/CodeSystem/ig-parameters",
        "code" : "show-inherited-invariants"
      },
      "value" : "false"
    },
    {
      "code" : {
        "system" : "http://hl7.org/fhir/tools/CodeSystem/ig-parameters",
        "code" : "shownav"
      },
      "value" : "true"
    },
    {
      "code" : {
        "system" : "http://hl7.org/fhir/tools/CodeSystem/ig-parameters",
        "code" : "autoload-resources"
      },
      "value" : "true"
    },
    {
      "code" : {
        "system" : "http://hl7.org/fhir/guide-parameter-code",
        "code" : "path-resource"
      },
      "value" : "input/capabilities"
    },
    {
      "code" : {
        "system" : "http://hl7.org/fhir/guide-parameter-code",
        "code" : "path-resource"
      },
      "value" : "input/examples"
    },
    {
      "code" : {
        "system" : "http://hl7.org/fhir/guide-parameter-code",
        "code" : "path-resource"
      },
      "value" : "input/extensions"
    },
    {
      "code" : {
        "system" : "http://hl7.org/fhir/guide-parameter-code",
        "code" : "path-resource"
      },
      "value" : "input/models"
    },
    {
      "code" : {
        "system" : "http://hl7.org/fhir/guide-parameter-code",
        "code" : "path-resource"
      },
      "value" : "input/operations"
    },
    {
      "code" : {
        "system" : "http://hl7.org/fhir/guide-parameter-code",
        "code" : "path-resource"
      },
      "value" : "input/profiles"
    },
    {
      "code" : {
        "system" : "http://hl7.org/fhir/guide-parameter-code",
        "code" : "path-resource"
      },
      "value" : "input/resources"
    },
    {
      "code" : {
        "system" : "http://hl7.org/fhir/guide-parameter-code",
        "code" : "path-resource"
      },
      "value" : "input/vocabulary"
    },
    {
      "code" : {
        "system" : "http://hl7.org/fhir/guide-parameter-code",
        "code" : "path-resource"
      },
      "value" : "input/maps"
    },
    {
      "code" : {
        "system" : "http://hl7.org/fhir/guide-parameter-code",
        "code" : "path-resource"
      },
      "value" : "input/testing"
    },
    {
      "code" : {
        "system" : "http://hl7.org/fhir/guide-parameter-code",
        "code" : "path-resource"
      },
      "value" : "input/history"
    },
    {
      "code" : {
        "system" : "http://hl7.org/fhir/guide-parameter-code",
        "code" : "path-resource"
      },
      "value" : "fsh-generated/resources"
    },
    {
      "code" : {
        "system" : "http://hl7.org/fhir/guide-parameter-code",
        "code" : "path-pages"
      },
      "value" : "template/config"
    },
    {
      "code" : {
        "system" : "http://hl7.org/fhir/guide-parameter-code",
        "code" : "path-pages"
      },
      "value" : "input/images"
    },
    {
      "code" : {
        "system" : "http://hl7.org/fhir/tools/CodeSystem/ig-parameters",
        "code" : "path-liquid"
      },
      "value" : "template/liquid"
    },
    {
      "code" : {
        "system" : "http://hl7.org/fhir/tools/CodeSystem/ig-parameters",
        "code" : "path-liquid"
      },
      "value" : "input/liquid"
    },
    {
      "code" : {
        "system" : "http://hl7.org/fhir/tools/CodeSystem/ig-parameters",
        "code" : "path-qa"
      },
      "value" : "temp/qa"
    },
    {
      "code" : {
        "system" : "http://hl7.org/fhir/tools/CodeSystem/ig-parameters",
        "code" : "path-temp"
      },
      "value" : "temp/pages"
    },
    {
      "code" : {
        "system" : "http://hl7.org/fhir/tools/CodeSystem/ig-parameters",
        "code" : "path-output"
      },
      "value" : "output"
    },
    {
      "code" : {
        "system" : "http://hl7.org/fhir/guide-parameter-code",
        "code" : "path-tx-cache"
      },
      "value" : "input-cache/txcache"
    },
    {
      "code" : {
        "system" : "http://hl7.org/fhir/tools/CodeSystem/ig-parameters",
        "code" : "path-suppressed-warnings"
      },
      "value" : "input/ignoreWarnings.txt"
    },
    {
      "code" : {
        "system" : "http://hl7.org/fhir/tools/CodeSystem/ig-parameters",
        "code" : "path-history"
      },
      "value" : "https://molic-avc.gabriellesantosleandro.com/history.html"
    },
    {
      "code" : {
        "system" : "http://hl7.org/fhir/tools/CodeSystem/ig-parameters",
        "code" : "template-html"
      },
      "value" : "template-page.html"
    },
    {
      "code" : {
        "system" : "http://hl7.org/fhir/tools/CodeSystem/ig-parameters",
        "code" : "template-md"
      },
      "value" : "template-page-md.html"
    },
    {
      "code" : {
        "system" : "http://hl7.org/fhir/tools/CodeSystem/ig-parameters",
        "code" : "apply-contact"
      },
      "value" : "true"
    },
    {
      "code" : {
        "system" : "http://hl7.org/fhir/tools/CodeSystem/ig-parameters",
        "code" : "apply-context"
      },
      "value" : "true"
    },
    {
      "code" : {
        "system" : "http://hl7.org/fhir/tools/CodeSystem/ig-parameters",
        "code" : "apply-copyright"
      },
      "value" : "true"
    },
    {
      "code" : {
        "system" : "http://hl7.org/fhir/tools/CodeSystem/ig-parameters",
        "code" : "apply-jurisdiction"
      },
      "value" : "true"
    },
    {
      "code" : {
        "system" : "http://hl7.org/fhir/tools/CodeSystem/ig-parameters",
        "code" : "apply-license"
      },
      "value" : "true"
    },
    {
      "code" : {
        "system" : "http://hl7.org/fhir/tools/CodeSystem/ig-parameters",
        "code" : "apply-publisher"
      },
      "value" : "true"
    },
    {
      "code" : {
        "system" : "http://hl7.org/fhir/tools/CodeSystem/ig-parameters",
        "code" : "apply-version"
      },
      "value" : "true"
    },
    {
      "code" : {
        "system" : "http://hl7.org/fhir/tools/CodeSystem/ig-parameters",
        "code" : "apply-wg"
      },
      "value" : "true"
    },
    {
      "code" : {
        "system" : "http://hl7.org/fhir/tools/CodeSystem/ig-parameters",
        "code" : "active-tables"
      },
      "value" : "true"
    },
    {
      "code" : {
        "system" : "http://hl7.org/fhir/tools/CodeSystem/ig-parameters",
        "code" : "fmm-definition"
      },
      "value" : "http://hl7.org/fhir/versions.html#maturity"
    },
    {
      "code" : {
        "system" : "http://hl7.org/fhir/tools/CodeSystem/ig-parameters",
        "code" : "propagate-status"
      },
      "value" : "true"
    },
    {
      "code" : {
        "system" : "http://hl7.org/fhir/tools/CodeSystem/ig-parameters",
        "code" : "excludelogbinaryformat"
      },
      "value" : "true"
    },
    {
      "code" : {
        "system" : "http://hl7.org/fhir/tools/CodeSystem/ig-parameters",
        "code" : "tabbed-snapshots"
      },
      "value" : "true"
    }]
  }
}