{
  "resourceType" : "ImplementationGuide",
  "id" : "guide",
  "text" : {
    "status" : "extensions",
    "div" : "<div xmlns=\"http://www.w3.org/1999/xhtml\"><h2>MolicAVC</h2><p>The official URL for this implementation guide is: </p><pre>https://molic-avc.gabriellesantosleandro.com/ImplementationGuide/guide</pre><div><p>FHIR Implementation Guide for Stroke: A Dual Focus on the Patient's Journey and Outcome Measures</p>\n</div></div>"
  },
  "url" : "https://molic-avc.gabriellesantosleandro.com/ImplementationGuide/guide",
  "version" : "0.0.0",
  "name" : "MolicAVC",
  "title" : "FHIR Implementation Guide for Stroke",
  "status" : "draft",
  "date" : "2024-01-17T07:29:27-03:00",
  "publisher" : "Gabrielle dos Santos Leandro",
  "contact" : [{
    "name" : "Gabrielle dos Santos Leandro",
    "telecom" : [{
      "system" : "url",
      "value" : "https://gabriellesantosleandro.com"
    },
    {
      "system" : "email",
      "value" : "gabrielle.santos.leandro@gmail.com"
    }]
  },
  {
    "name" : "Gabrielle dos Santos Leandro",
    "telecom" : [{
      "system" : "url",
      "value" : "https://gabriellesantosleandro.com.br",
      "use" : "work"
    },
    {
      "system" : "email",
      "value" : "gabrielle.santos.leandro@gmail.com",
      "use" : "work"
    }]
  }],
  "description" : "FHIR Implementation Guide for Stroke: A Dual Focus on the Patient's Journey and Outcome Measures",
  "packageId" : "guide",
  "license" : "CC0-1.0",
  "fhirVersion" : ["5.0.0"],
  "dependsOn" : [{
    "id" : "hl7tx",
    "extension" : [{
      "url" : "http://hl7.org/fhir/tools/StructureDefinition/implementationguide-dependency-comment",
      "valueMarkdown" : "Automatically added as a dependency - all IGs depend on HL7 Terminology"
    }],
    "uri" : "http://terminology.hl7.org/ImplementationGuide/hl7.terminology",
    "packageId" : "hl7.terminology.r5",
    "version" : "5.3.0"
  },
  {
    "id" : "hl7ext",
    "extension" : [{
      "url" : "http://hl7.org/fhir/tools/StructureDefinition/implementationguide-dependency-comment",
      "valueMarkdown" : "Automatically added as a dependency - all IGs depend on the HL7 Extension Pack"
    }],
    "uri" : "http://hl7.org/fhir/extensions/ImplementationGuide/hl7.fhir.uv.extensions",
    "packageId" : "hl7.fhir.uv.extensions.r5",
    "version" : "1.0.0"
  }],
  "definition" : {
    "extension" : [{
      "url" : "http://hl7.org/fhir/tools/StructureDefinition/ig-internal-dependency",
      "valueCode" : "hl7.fhir.uv.tools#0.1.0"
    }],
    "resource" : [{
      "extension" : [{
        "url" : "http://hl7.org/fhir/tools/StructureDefinition/resource-information",
        "valueString" : "StructureDefinition:resource"
      }],
      "reference" : {
        "reference" : "StructureDefinition/CVDComorbidities"
      },
      "name" : "Cardiovascular Comorbidities",
      "description" : "Indicate which comorbidities the patient is living with.",
      "isExample" : false
    },
    {
      "extension" : [{
        "url" : "http://hl7.org/fhir/tools/StructureDefinition/resource-information",
        "valueString" : "StructureDefinition:resource"
      }],
      "reference" : {
        "reference" : "StructureDefinition/Consciousness"
      },
      "name" : "Stroke Severity: Consciousness",
      "description" : "Indicate the patient’s level of consciousness measured on hospital arrival.",
      "isExample" : false
    },
    {
      "extension" : [{
        "url" : "http://hl7.org/fhir/tools/StructureDefinition/resource-information",
        "valueString" : "StructureDefinition:resource"
      }],
      "reference" : {
        "reference" : "StructureDefinition/DiagnosisEvidence"
      },
      "name" : "Diagnosis Evidence Base",
      "description" : "Indicate how the diagnosis was made.",
      "isExample" : false
    },
    {
      "extension" : [{
        "url" : "http://hl7.org/fhir/tools/StructureDefinition/resource-information",
        "valueString" : "StructureDefinition:resource"
      }],
      "reference" : {
        "reference" : "StructureDefinition/DischDest"
      },
      "name" : "Discharge Destination Following Acute Care Hospitalization",
      "description" : "Indicate the patient’s discharge destination from acute care hospital.",
      "isExample" : false
    },
    {
      "extension" : [{
        "url" : "http://hl7.org/fhir/tools/StructureDefinition/resource-information",
        "valueString" : "StructureDefinition:resource"
      }],
      "reference" : {
        "reference" : "StructureDefinition/EstStrokeSevNIHSSCat"
      },
      "name" : "Estimated Stroke Severity: based on NIHSS Category",
      "description" : "Indicate the estimated stroke severity category by the NIH Stroke Scale (NIHSS).",
      "isExample" : false
    },
    {
      "extension" : [{
        "url" : "http://hl7.org/fhir/tools/StructureDefinition/resource-information",
        "valueString" : "StructureDefinition:resource"
      }],
      "reference" : {
        "reference" : "StructureDefinition/Hemicraniectomy"
      },
      "name" : "Hemicraniectomy",
      "description" : "Indicate if the patient underwent hemicraniectomy.",
      "isExample" : false
    },
    {
      "extension" : [{
        "url" : "http://hl7.org/fhir/tools/StructureDefinition/resource-information",
        "valueString" : "StructureDefinition:resource"
      }],
      "reference" : {
        "reference" : "StructureDefinition/PriorAtrialFibrillation"
      },
      "name" : "Prior Atrial Fibrillation and Flutter",
      "description" : "Indicate whether the person has ever been diagnosed with atrial fibrillation and flutter.",
      "isExample" : false
    },
    {
      "extension" : [{
        "url" : "http://hl7.org/fhir/tools/StructureDefinition/resource-information",
        "valueString" : "StructureDefinition:resource"
      }],
      "reference" : {
        "reference" : "StructureDefinition/PriorDiabetesMellitus"
      },
      "name" : "Prior Diabetes Mellitus",
      "description" : "Indicate if the patient has a documented history of diabetes mellitus (regardless of duration of disease or need for anti-diabetic agents).",
      "isExample" : false
    },
    {
      "extension" : [{
        "url" : "http://hl7.org/fhir/tools/StructureDefinition/resource-information",
        "valueString" : "StructureDefinition:resource"
      }],
      "reference" : {
        "reference" : "StructureDefinition/PriorHyperlipidemia"
      },
      "name" : "Prior Hyperlipidemia",
      "description" : "Indicate whether the patient has ever been diagnosed with hyperlipidemia.",
      "isExample" : false
    },
    {
      "extension" : [{
        "url" : "http://hl7.org/fhir/tools/StructureDefinition/resource-information",
        "valueString" : "StructureDefinition:resource"
      }],
      "reference" : {
        "reference" : "StructureDefinition/PriorHypertension"
      },
      "name" : "Prior Hypertension",
      "description" : "Indicate whether the patient has a documented history of hypertension, diagnosed and treated with medication and/or diet and/or exercise.",
      "isExample" : false
    },
    {
      "extension" : [{
        "url" : "http://hl7.org/fhir/tools/StructureDefinition/resource-information",
        "valueString" : "StructureDefinition:resource"
      }],
      "reference" : {
        "reference" : "StructureDefinition/PriorIschemicHeartDisease"
      },
      "name" : "Prior Ischemic Heart Disease",
      "description" : "Indicate whether the patient has ever been diagnosed with ischemic heart disease (including myocardial infarction).",
      "isExample" : false
    },
    {
      "extension" : [{
        "url" : "http://hl7.org/fhir/tools/StructureDefinition/resource-information",
        "valueString" : "StructureDefinition:resource"
      }],
      "reference" : {
        "reference" : "StructureDefinition/PriorMyocardialInfarction"
      },
      "name" : "Prior Myocardial Infarction",
      "description" : "Indicate whether the patient has a documented history of myocardial infarction.",
      "isExample" : false
    },
    {
      "extension" : [{
        "url" : "http://hl7.org/fhir/tools/StructureDefinition/resource-information",
        "valueString" : "StructureDefinition:resource"
      }],
      "reference" : {
        "reference" : "StructureDefinition/PriorStrokeExclTIA"
      },
      "name" : "Prior Stroke excluding Transient Ischemic Attacks",
      "description" : "Indicate whether the patient was ever diagnosed with a stroke (excluding transient ischemic attacks).",
      "isExample" : false
    },
    {
      "extension" : [{
        "url" : "http://hl7.org/fhir/tools/StructureDefinition/resource-information",
        "valueString" : "StructureDefinition:resource"
      }],
      "reference" : {
        "reference" : "StructureDefinition/PriorTIA"
      },
      "name" : "Prior Transient Ischemic Attacks",
      "description" : "Indicate whether the patient was ever diagnosed with a Transient Ischemic Attacks.",
      "isExample" : false
    },
    {
      "extension" : [{
        "url" : "http://hl7.org/fhir/tools/StructureDefinition/resource-information",
        "valueString" : "StructureDefinition:resource"
      }],
      "reference" : {
        "reference" : "StructureDefinition/ProcoagulantReversal"
      },
      "name" : "Procoagulant Reversal Therapy",
      "description" : "Indicate if the patient received procoagulant reversal therapy.",
      "isExample" : false
    },
    {
      "extension" : [{
        "url" : "http://hl7.org/fhir/tools/StructureDefinition/resource-information",
        "valueString" : "StructureDefinition:resource"
      }],
      "reference" : {
        "reference" : "StructureDefinition/RehabIN"
      },
      "name" : "Inpatient Acute Care Rehabilitation",
      "description" : "Indicate whether there is dedicated stroke rehabilitation during acute care.",
      "isExample" : false
    },
    {
      "extension" : [{
        "url" : "http://hl7.org/fhir/tools/StructureDefinition/resource-information",
        "valueString" : "StructureDefinition:resource"
      }],
      "reference" : {
        "reference" : "StructureDefinition/RehabOUT"
      },
      "name" : "Post Acute Care Rehabilitation",
      "description" : "Indicate whether there is dedicated stroke rehabilitation during post-acute care, either hospital based or out patient/home based.",
      "isExample" : false
    },
    {
      "extension" : [{
        "url" : "http://hl7.org/fhir/tools/StructureDefinition/resource-information",
        "valueString" : "StructureDefinition:resource"
      }],
      "reference" : {
        "reference" : "StructureDefinition/StrokeOrganization"
      },
      "name" : "Healthcare Facility based on the Brazilian RNDS",
      "description" : "The Organization Profile encompasses all healthcare institutions related to stroke care, based on the \r\nBrazilian National Data Network (RNDS).",
      "isExample" : false
    },
    {
      "extension" : [{
        "url" : "http://hl7.org/fhir/tools/StructureDefinition/resource-information",
        "valueString" : "StructureDefinition:resource"
      }],
      "reference" : {
        "reference" : "StructureDefinition/StrokePatient"
      },
      "name" : "Stroke Patient based on the Brazilian RNDS",
      "description" : "This profile stores demographics and other administrative information about a patient with stroke, based on the Brazilian National Data Network (RNDS).",
      "isExample" : false
    },
    {
      "extension" : [{
        "url" : "http://hl7.org/fhir/tools/StructureDefinition/resource-information",
        "valueString" : "StructureDefinition:resource"
      }],
      "reference" : {
        "reference" : "StructureDefinition/StrokePractitioner"
      },
      "name" : "Stroke Practitioner based on Brazilian RNDS",
      "description" : "This profile encompasses all health professionals involved in the healthcare process and related health services \r\nas part of their formal responsibilities, conforming to the standards of the Brazilian National Data Network (RNDS).",
      "isExample" : false
    },
    {
      "extension" : [{
        "url" : "http://hl7.org/fhir/tools/StructureDefinition/resource-information",
        "valueString" : "StructureDefinition:resource"
      }],
      "reference" : {
        "reference" : "StructureDefinition/StrokeRecur"
      },
      "name" : "Stroke Recurrence.",
      "description" : "Indicate if the patient had a new stroke within 90 days of their first stroke occurrence.",
      "isExample" : false
    },
    {
      "extension" : [{
        "url" : "http://hl7.org/fhir/tools/StructureDefinition/resource-information",
        "valueString" : "StructureDefinition:resource"
      }],
      "reference" : {
        "reference" : "StructureDefinition/StrokeSevNIHSS"
      },
      "name" : "Stroke Severity: NIHSS Score",
      "description" : "Indicate the stroke severity as measured by the NIH Stroke Scale (NIHSS). Report the raw (uncategorized) NIHSS score.",
      "isExample" : false
    },
    {
      "extension" : [{
        "url" : "http://hl7.org/fhir/tools/StructureDefinition/resource-information",
        "valueString" : "StructureDefinition:resource"
      }],
      "reference" : {
        "reference" : "StructureDefinition/StrokeType"
      },
      "name" : "Stroke Type",
      "description" : "Indicate Stroke Type.",
      "isExample" : false
    },
    {
      "extension" : [{
        "url" : "http://hl7.org/fhir/tools/StructureDefinition/resource-information",
        "valueString" : "StructureDefinition:resource"
      }],
      "reference" : {
        "reference" : "StructureDefinition/SympIntracranialHemorrhage"
      },
      "name" : "Symptomatic Intracranial Hemorrhage",
      "description" : "Indicate if the patient developed symptomatic intracerebral hemorrhage after treatment of ischemic stroke with intravenous thrombolysis and/or thrombectomy.",
      "isExample" : false
    },
    {
      "extension" : [{
        "url" : "http://hl7.org/fhir/tools/StructureDefinition/resource-information",
        "valueString" : "StructureDefinition:resource"
      }],
      "reference" : {
        "reference" : "StructureDefinition/SymtDur"
      },
      "name" : "Duration of Stroke Symptoms",
      "description" : "Indicate the duration of the stroke symptoms measured on hospital arrival.",
      "isExample" : false
    },
    {
      "extension" : [{
        "url" : "http://hl7.org/fhir/tools/StructureDefinition/resource-information",
        "valueString" : "StructureDefinition:resource"
      }],
      "reference" : {
        "reference" : "StructureDefinition/Thrombectomy"
      },
      "name" : "Thrombectomy",
      "description" : "Indicate if the patient underwent thrombectomy.",
      "isExample" : false
    },
    {
      "extension" : [{
        "url" : "http://hl7.org/fhir/tools/StructureDefinition/resource-information",
        "valueString" : "StructureDefinition:resource"
      }],
      "reference" : {
        "reference" : "StructureDefinition/Thrombolytic"
      },
      "name" : "Thrombolytic Therapy",
      "description" : "Indicate if the patient received intravenous thrombolytic therapy.",
      "isExample" : false
    },
    {
      "extension" : [{
        "url" : "http://hl7.org/fhir/tools/StructureDefinition/resource-information",
        "valueString" : "StructureDefinition:extension"
      }],
      "reference" : {
        "reference" : "StructureDefinition/EthnicityExtension"
      },
      "name" : "Ethnicity",
      "description" : "Extension to capture the patient's ethnicity which represents their cultural background or heritage.",
      "isExample" : false
    },
    {
      "extension" : [{
        "url" : "http://hl7.org/fhir/tools/StructureDefinition/resource-information",
        "valueString" : "StructureDefinition:extension"
      }],
      "reference" : {
        "reference" : "StructureDefinition/GenderIdentityExtension"
      },
      "name" : "Gender Identity",
      "description" : "Extension of the patient's gender.",
      "isExample" : false
    },
    {
      "extension" : [{
        "url" : "http://hl7.org/fhir/tools/StructureDefinition/resource-information",
        "valueString" : "StructureDefinition:extension"
      }],
      "reference" : {
        "reference" : "StructureDefinition/RaceExtension"
      },
      "name" : "Race",
      "description" : "Extension that represents the race of a patient.",
      "isExample" : false
    },
    {
      "extension" : [{
        "url" : "http://hl7.org/fhir/tools/StructureDefinition/resource-information",
        "valueString" : "ValueSet"
      }],
      "reference" : {
        "reference" : "ValueSet/CVDComorbiditiesVS"
      },
      "name" : "Cardiovascular Comorbidities",
      "description" : "Valueset that indicate which comorbidities the patient is living with. Select all conditions that apply.",
      "isExample" : false
    },
    {
      "extension" : [{
        "url" : "http://hl7.org/fhir/tools/StructureDefinition/resource-information",
        "valueString" : "ValueSet"
      }],
      "reference" : {
        "reference" : "ValueSet/ConsciousnessVS"
      },
      "name" : "State of Consciousness.",
      "description" : "ValueSet based on the ICHOM standard that indicates the patient's state of consciousness as measured upon arrival at the reference hospital.",
      "isExample" : false
    },
    {
      "extension" : [{
        "url" : "http://hl7.org/fhir/tools/StructureDefinition/resource-information",
        "valueString" : "ValueSet"
      }],
      "reference" : {
        "reference" : "ValueSet/DiagnosisVS"
      },
      "name" : "Diagnostic Evidence Base",
      "description" : "ValueSet that indicates which diagnostic evidence base was used for its realization",
      "isExample" : false
    },
    {
      "extension" : [{
        "url" : "http://hl7.org/fhir/tools/StructureDefinition/resource-information",
        "valueString" : "ValueSet"
      }],
      "reference" : {
        "reference" : "ValueSet/DischDestVS"
      },
      "name" : "Discharge Location",
      "description" : "ValueSet about discharge destination following acute care hospitalization. What type of place was the patient discharged to?",
      "isExample" : false
    },
    {
      "extension" : [{
        "url" : "http://hl7.org/fhir/tools/StructureDefinition/resource-information",
        "valueString" : "ValueSet"
      }],
      "reference" : {
        "reference" : "ValueSet/EstStrokeSevNIHSSCatVS"
      },
      "name" : "Estimated stroke severity using the NIHSS.",
      "description" : "ValueSet that intended to categorize the severity of the stroke based on the National Institutes of Health Stroke Scale (NIHSS).",
      "isExample" : false
    },
    {
      "extension" : [{
        "url" : "http://hl7.org/fhir/tools/StructureDefinition/resource-information",
        "valueString" : "ValueSet"
      }],
      "reference" : {
        "reference" : "ValueSet/GenderIdentityVS"
      },
      "name" : "Gender Identity",
      "description" : "ValueSet for Gender Identity based on LOINC.",
      "isExample" : false
    },
    {
      "extension" : [{
        "url" : "http://hl7.org/fhir/tools/StructureDefinition/resource-information",
        "valueString" : "ValueSet"
      }],
      "reference" : {
        "reference" : "ValueSet/LiveAloneVS"
      },
      "name" : "Live Alone Pre-Stroke",
      "description" : "ValueSet indicating whether a patient lived alone prior to a stroke event based on ICHOM terminology.",
      "isExample" : false
    },
    {
      "extension" : [{
        "url" : "http://hl7.org/fhir/tools/StructureDefinition/resource-information",
        "valueString" : "ValueSet"
      }],
      "reference" : {
        "reference" : "ValueSet/LivingLocPostVS"
      },
      "name" : "Patient's Residence Post to a Stroke",
      "description" : "ValueSet that represents the patient's most recent place of residence after the occurrence of a stroke based on ICHOM code.",
      "isExample" : false
    },
    {
      "extension" : [{
        "url" : "http://hl7.org/fhir/tools/StructureDefinition/resource-information",
        "valueString" : "ValueSet"
      }],
      "reference" : {
        "reference" : "ValueSet/LivingLocPreVS"
      },
      "name" : "Patient's Residence Prior to a Stroke",
      "description" : "ValueSet that represents the patient's most recent place of residence before the occurrence of a stroke based on ICHOM code.",
      "isExample" : false
    },
    {
      "extension" : [{
        "url" : "http://hl7.org/fhir/tools/StructureDefinition/resource-information",
        "valueString" : "ValueSet"
      }],
      "reference" : {
        "reference" : "ValueSet/NoYesUnknownVS"
      },
      "name" : "Yes, No and Unknown",
      "description" : "ValueSet with responses Yes, No, and Unknown",
      "isExample" : false
    },
    {
      "extension" : [{
        "url" : "http://hl7.org/fhir/tools/StructureDefinition/resource-information",
        "valueString" : "ValueSet"
      }],
      "reference" : {
        "reference" : "ValueSet/PROMIS10VS"
      },
      "name" : "PROMIS-10 Response Questionnaire",
      "description" : "ValueSet that defines the response values for the PROMIS-10 (Patient-Reported Outcomes Measurement Information System 10-item short form) Questionnaire.",
      "isExample" : false
    },
    {
      "extension" : [{
        "url" : "http://hl7.org/fhir/tools/StructureDefinition/resource-information",
        "valueString" : "ValueSet"
      }],
      "reference" : {
        "reference" : "ValueSet/SMRSqVS"
      },
      "name" : "Simplified modified Ranking Scale questionnaire (SMRSq)",
      "description" : "ValueSet that defines the response values for the simplified modified Ranking Scale questionnaire.",
      "isExample" : false
    },
    {
      "extension" : [{
        "url" : "http://hl7.org/fhir/tools/StructureDefinition/resource-information",
        "valueString" : "ValueSet"
      }],
      "reference" : {
        "reference" : "ValueSet/SmokingStatusVS"
      },
      "name" : "Smoking Status",
      "description" : "ValueSet for Smoking Status. A person's current and past smoking behavior.",
      "isExample" : false
    },
    {
      "extension" : [{
        "url" : "http://hl7.org/fhir/tools/StructureDefinition/resource-information",
        "valueString" : "ValueSet"
      }],
      "reference" : {
        "reference" : "ValueSet/StrokeAmbVS"
      },
      "name" : "Prestroke and Poststroke Functional Status: Ambulation",
      "description" : "ValueSet that defines the response values for the Prestroke and Poststroke Functional Status: Ambulation.",
      "isExample" : false
    },
    {
      "extension" : [{
        "url" : "http://hl7.org/fhir/tools/StructureDefinition/resource-information",
        "valueString" : "ValueSet"
      }],
      "reference" : {
        "reference" : "ValueSet/StrokeDressingVS"
      },
      "name" : "Prestroke and Poststroke Functional Status: Dressing",
      "description" : "ValueSet that defines the response values for the Prestroke and Poststroke Functional Status: Dressing.",
      "isExample" : false
    },
    {
      "extension" : [{
        "url" : "http://hl7.org/fhir/tools/StructureDefinition/resource-information",
        "valueString" : "ValueSet"
      }],
      "reference" : {
        "reference" : "ValueSet/StrokeToiletingVS"
      },
      "name" : "Prestroke and Poststroke Functional Status: Toileting",
      "description" : "ValueSet that defines the response values for the Prestroke and Poststroke Functional Status: Toileting.",
      "isExample" : false
    },
    {
      "extension" : [{
        "url" : "http://hl7.org/fhir/tools/StructureDefinition/resource-information",
        "valueString" : "ValueSet"
      }],
      "reference" : {
        "reference" : "ValueSet/StrokeTypeVS"
      },
      "name" : "Stroke type based on ICHOM",
      "description" : "ValueSet that aims to categorize the stroke type according to the ICHOM standard.",
      "isExample" : false
    },
    {
      "extension" : [{
        "url" : "http://hl7.org/fhir/tools/StructureDefinition/resource-information",
        "valueString" : "ValueSet"
      }],
      "reference" : {
        "reference" : "ValueSet/SymtDurVS"
      },
      "name" : "Duration of Stroke Symptoms",
      "description" : "ValueSet that categorizes the duration of stroke symptoms, considering the time from symptom onset to admission at the reference hospital.",
      "isExample" : false
    },
    {
      "extension" : [{
        "url" : "http://hl7.org/fhir/tools/StructureDefinition/resource-information",
        "valueString" : "CodeSystem"
      }],
      "reference" : {
        "reference" : "CodeSystem/CVDComorbiditiesCS"
      },
      "name" : "Cardiovascular Comorbidities",
      "description" : "CodeSystem that indicate which comorbidities the patient is living with. Select all conditions that apply.",
      "isExample" : false
    },
    {
      "extension" : [{
        "url" : "http://hl7.org/fhir/tools/StructureDefinition/resource-information",
        "valueString" : "CodeSystem"
      }],
      "reference" : {
        "reference" : "CodeSystem/ConsciousnessCS"
      },
      "name" : "State of Consciousness according to the ICHOM standard",
      "description" : "CodeSystem based on the ICHOM standard that indicates the patient's state of consciousness as measured upon arrival at the reference hospital.",
      "isExample" : false
    },
    {
      "extension" : [{
        "url" : "http://hl7.org/fhir/tools/StructureDefinition/resource-information",
        "valueString" : "CodeSystem"
      }],
      "reference" : {
        "reference" : "CodeSystem/DiagnosisCS"
      },
      "name" : "Diagnostic Evidence Base",
      "description" : "CodeSystem that indicates which diagnostic evidence base was used for its realization",
      "isExample" : false
    },
    {
      "extension" : [{
        "url" : "http://hl7.org/fhir/tools/StructureDefinition/resource-information",
        "valueString" : "CodeSystem"
      }],
      "reference" : {
        "reference" : "CodeSystem/DischDestCS"
      },
      "name" : "Discharge Location",
      "description" : "CodeSystem about Discharge destination following acute care hospitalization. What type of place was the patient discharged to?",
      "isExample" : false
    },
    {
      "extension" : [{
        "url" : "http://hl7.org/fhir/tools/StructureDefinition/resource-information",
        "valueString" : "CodeSystem"
      }],
      "reference" : {
        "reference" : "CodeSystem/EstStrokeSevNIHSSCatCS"
      },
      "name" : "Estimated stroke severity using the NIHSS.",
      "description" : "CodeSystem that intends to categorize the severity of the stroke based on the National Institutes of Health Stroke Scale (NIHSS).",
      "isExample" : false
    },
    {
      "extension" : [{
        "url" : "http://hl7.org/fhir/tools/StructureDefinition/resource-information",
        "valueString" : "CodeSystem"
      }],
      "reference" : {
        "reference" : "CodeSystem/LiveAloneCS"
      },
      "name" : "Live Alone Pre-Stroke",
      "description" : "CodeSystem indicating whether a patient lived alone prior to a stroke event based on ICHOM terminology.",
      "isExample" : false
    },
    {
      "extension" : [{
        "url" : "http://hl7.org/fhir/tools/StructureDefinition/resource-information",
        "valueString" : "CodeSystem"
      }],
      "reference" : {
        "reference" : "CodeSystem/LivingLocPostCS"
      },
      "name" : "Patient's Residence Post to a Stroke",
      "description" : "CodeSystem that represents the patient's most recent place of residence after the occurrence of a stroke based on ICHOM code.",
      "isExample" : false
    },
    {
      "extension" : [{
        "url" : "http://hl7.org/fhir/tools/StructureDefinition/resource-information",
        "valueString" : "CodeSystem"
      }],
      "reference" : {
        "reference" : "CodeSystem/LivingLocPreCS"
      },
      "name" : "Patient's Residence Prior to a Stroke",
      "description" : "CodeSystem that represents the patient's most recent place of residence before the occurrence of a stroke based on ICHOM code.",
      "isExample" : false
    },
    {
      "extension" : [{
        "url" : "http://hl7.org/fhir/tools/StructureDefinition/resource-information",
        "valueString" : "CodeSystem"
      }],
      "reference" : {
        "reference" : "CodeSystem/PROMIS10VS"
      },
      "name" : "PROMIS-10 Response Questionnaire",
      "description" : "CodeSystem that defines the response values for the PROMIS-10 (Patient-Reported Outcomes Measurement Information System 10-item short form) Questionnaire.",
      "isExample" : false
    },
    {
      "extension" : [{
        "url" : "http://hl7.org/fhir/tools/StructureDefinition/resource-information",
        "valueString" : "CodeSystem"
      }],
      "reference" : {
        "reference" : "CodeSystem/SMRSqCS"
      },
      "name" : "Simplified Modified Ranking Scale questionnaire (sMRSq)",
      "description" : "CodeSystem that defines the response values for the simplified modified Ranking Scale questionnaire (sMRSq).",
      "isExample" : false
    },
    {
      "extension" : [{
        "url" : "http://hl7.org/fhir/tools/StructureDefinition/resource-information",
        "valueString" : "CodeSystem"
      }],
      "reference" : {
        "reference" : "CodeSystem/SmokingStatusCS"
      },
      "name" : "Smoking Status",
      "description" : "CodeSystem for Smoking Status. A person's current and past smoking behavior.",
      "isExample" : false
    },
    {
      "extension" : [{
        "url" : "http://hl7.org/fhir/tools/StructureDefinition/resource-information",
        "valueString" : "CodeSystem"
      }],
      "reference" : {
        "reference" : "CodeSystem/StrokeFuncStatusCS"
      },
      "name" : "Prestroke and Poststroke Functional Status",
      "description" : "CodeSystem that defines the response values for the Prestroke and Poststroke Functional Status.",
      "isExample" : false
    },
    {
      "extension" : [{
        "url" : "http://hl7.org/fhir/tools/StructureDefinition/resource-information",
        "valueString" : "CodeSystem"
      }],
      "reference" : {
        "reference" : "CodeSystem/StrokeTypeCS"
      },
      "name" : "Stroke Type",
      "description" : "CodeSystem that aims to categorize the stroke type according to the ICHOM standard.",
      "isExample" : false
    },
    {
      "extension" : [{
        "url" : "http://hl7.org/fhir/tools/StructureDefinition/resource-information",
        "valueString" : "CodeSystem"
      }],
      "reference" : {
        "reference" : "CodeSystem/SymtDurCS"
      },
      "name" : "Duration of Stroke Symptoms",
      "description" : "CodeSystem that categorizes the duration of stroke symptoms, considering the time from symptom onset to admission at the reference hospital.",
      "isExample" : false
    },
    {
      "extension" : [{
        "url" : "http://hl7.org/fhir/tools/StructureDefinition/resource-information",
        "valueString" : "Questionnaire"
      }],
      "reference" : {
        "reference" : "Questionnaire/ClinicalResponseAnnualUpdate"
      },
      "name" : "Clinical Response Questionnaire 04 - Annual Follow-up",
      "description" : "This questionnaire is meant to assess the clinical response in stroke patients at annual follow-up, from 1 year to 5 years post admission.",
      "isExample" : false
    },
    {
      "extension" : [{
        "url" : "http://hl7.org/fhir/tools/StructureDefinition/resource-information",
        "valueString" : "Questionnaire"
      }],
      "reference" : {
        "reference" : "Questionnaire/ClinicalResponseBaseline"
      },
      "name" : "Clinical Response Questionnaire 01 - Baseline",
      "description" : "This questionnaire is meant to assess the clinical response in stroke patients at the initial point of assessment, which would be the first doctor's visit.",
      "isExample" : false
    },
    {
      "extension" : [{
        "url" : "http://hl7.org/fhir/tools/StructureDefinition/resource-information",
        "valueString" : "Questionnaire"
      }],
      "reference" : {
        "reference" : "Questionnaire/ClinicalResponseDischargeOrSevenDays"
      },
      "name" : "Clinical Response Questionnaire 02 - Discharge or 7 days post admission",
      "description" : "This questionnaire is meant to assess the clinical response in stroke patients at the patient discharge or 7 days post admission, whichever comes first.",
      "isExample" : false
    },
    {
      "extension" : [{
        "url" : "http://hl7.org/fhir/tools/StructureDefinition/resource-information",
        "valueString" : "Questionnaire"
      }],
      "reference" : {
        "reference" : "Questionnaire/ClinicalResponseNinetyDays"
      },
      "name" : "Clinical Response Questionnaire 03 - 90 days post admission",
      "description" : "This questionnaire is meant to assess the clinical response in stroke patients at 90 days post admission.",
      "isExample" : false
    },
    {
      "extension" : [{
        "url" : "http://hl7.org/fhir/tools/StructureDefinition/resource-information",
        "valueString" : "Observation"
      }],
      "reference" : {
        "reference" : "Observation/ExampleCVDComorbidities"
      },
      "name" : "Cardiovascular Comorbidities",
      "description" : "Example of Cardiovascular Comorbidities. Indicate which comorbidities the patient is living with.",
      "profile" : ["https://molic-avc.gabriellesantosleandro.com/StructureDefinition/CVDComorbidities",
      "https://molic-avc.gabriellesantosleandro.com/StructureDefinition/CVDComorbidities"]
    },
    {
      "extension" : [{
        "url" : "http://hl7.org/fhir/tools/StructureDefinition/resource-information",
        "valueString" : "Observation"
      }],
      "reference" : {
        "reference" : "Observation/ExampleConsciousness"
      },
      "name" : "Stroke Severity: Consciousness",
      "description" : "Example of Stroke Severity: Consciousness. Indicate the patient’s level of consciousness measured on hospital arrival.",
      "profile" : ["https://molic-avc.gabriellesantosleandro.com/StructureDefinition/Consciousness",
      "https://molic-avc.gabriellesantosleandro.com/StructureDefinition/Consciousness"]
    },
    {
      "extension" : [{
        "url" : "http://hl7.org/fhir/tools/StructureDefinition/resource-information",
        "valueString" : "Observation"
      }],
      "reference" : {
        "reference" : "Observation/ExampleDiagnosisEvidence"
      },
      "name" : "Diagnosis Evidence Base",
      "description" : "Example of Diagnosis Evidence Base. Indicate how the diagnosis was made.",
      "profile" : ["https://molic-avc.gabriellesantosleandro.com/StructureDefinition/DiagnosisEvidence",
      "https://molic-avc.gabriellesantosleandro.com/StructureDefinition/DiagnosisEvidence"]
    },
    {
      "extension" : [{
        "url" : "http://hl7.org/fhir/tools/StructureDefinition/resource-information",
        "valueString" : "Observation"
      }],
      "reference" : {
        "reference" : "Observation/ExampleDischDest"
      },
      "name" : "Discharge Destination Following Acute Care Hospitalization",
      "description" : "Example of Discharge Destination Following Acute Care Hospitalization.  Indicate the patient’s discharge destination from acute care hospital.",
      "profile" : ["https://molic-avc.gabriellesantosleandro.com/StructureDefinition/DischDest",
      "https://molic-avc.gabriellesantosleandro.com/StructureDefinition/DischDest"]
    },
    {
      "extension" : [{
        "url" : "http://hl7.org/fhir/tools/StructureDefinition/resource-information",
        "valueString" : "Observation"
      }],
      "reference" : {
        "reference" : "Observation/ExampleEstStrokeSevNIHSSCat"
      },
      "name" : "Estimated Stroke Severity: based on NIHSS Category",
      "description" : "Example of Estimated Stroke Severity: based on NIHSS Category. Indicate the estimated stroke severity category by the NIH Stroke Scale (NIHSS).",
      "profile" : ["https://molic-avc.gabriellesantosleandro.com/StructureDefinition/EstStrokeSevNIHSSCat",
      "https://molic-avc.gabriellesantosleandro.com/StructureDefinition/EstStrokeSevNIHSSCat"]
    },
    {
      "extension" : [{
        "url" : "http://hl7.org/fhir/tools/StructureDefinition/resource-information",
        "valueString" : "Observation"
      }],
      "reference" : {
        "reference" : "Observation/ExampleHemicraniectomy"
      },
      "name" : "Hemicraniectomy",
      "description" : "Example of Hemicraniectomy. Indicate if the patient underwent hemicraniectomy.",
      "profile" : ["https://molic-avc.gabriellesantosleandro.com/StructureDefinition/Hemicraniectomy",
      "https://molic-avc.gabriellesantosleandro.com/StructureDefinition/Hemicraniectomy"]
    },
    {
      "extension" : [{
        "url" : "http://hl7.org/fhir/tools/StructureDefinition/resource-information",
        "valueString" : "Observation"
      }],
      "reference" : {
        "reference" : "Observation/ExamplePriorAtrialFibrillation"
      },
      "name" : "Prior Atrial Fibrillation and Flutter",
      "description" : "Example of Prior Atrial Fibrillation and Flutter. Indicate whether the person has ever been diagnosed with atrial fibrillation and flutter.",
      "profile" : ["https://molic-avc.gabriellesantosleandro.com/StructureDefinition/PriorAtrialFibrillation",
      "https://molic-avc.gabriellesantosleandro.com/StructureDefinition/PriorAtrialFibrillation"]
    },
    {
      "extension" : [{
        "url" : "http://hl7.org/fhir/tools/StructureDefinition/resource-information",
        "valueString" : "Observation"
      }],
      "reference" : {
        "reference" : "Observation/ExamplePriorDiabetesMellitus"
      },
      "name" : "Prior Diabetes Mellitus",
      "description" : "Example of Prior Diabetes Mellitus. Indicate if the patient has a documented history of diabetes mellitus (regardless of duration of disease or need for anti-diabetic agents).",
      "profile" : ["https://molic-avc.gabriellesantosleandro.com/StructureDefinition/PriorDiabetesMellitus",
      "https://molic-avc.gabriellesantosleandro.com/StructureDefinition/PriorDiabetesMellitus"]
    },
    {
      "extension" : [{
        "url" : "http://hl7.org/fhir/tools/StructureDefinition/resource-information",
        "valueString" : "Observation"
      }],
      "reference" : {
        "reference" : "Observation/ExamplePriorHyperlipidemia"
      },
      "name" : "Prior Hyperlipidemia",
      "description" : "Example of Prior Hyperlipidemia. Indicate whether the patient has ever been diagnosed with hyperlipidemia.",
      "profile" : ["https://molic-avc.gabriellesantosleandro.com/StructureDefinition/PriorHyperlipidemia",
      "https://molic-avc.gabriellesantosleandro.com/StructureDefinition/PriorHyperlipidemia"]
    },
    {
      "extension" : [{
        "url" : "http://hl7.org/fhir/tools/StructureDefinition/resource-information",
        "valueString" : "Observation"
      }],
      "reference" : {
        "reference" : "Observation/ExamplePriorHypertension"
      },
      "name" : "Prior Hypertension",
      "description" : "Example of Prior Hypertension. Indicate whether the patient has a documented history of hypertension, diagnosed and treated with medication and/or diet and/or exercise.",
      "profile" : ["https://molic-avc.gabriellesantosleandro.com/StructureDefinition/PriorHypertension",
      "https://molic-avc.gabriellesantosleandro.com/StructureDefinition/PriorHypertension"]
    },
    {
      "extension" : [{
        "url" : "http://hl7.org/fhir/tools/StructureDefinition/resource-information",
        "valueString" : "Observation"
      }],
      "reference" : {
        "reference" : "Observation/ExamplePriorIschemicHeartDisease"
      },
      "name" : "Prior Ischemic Heart Disease",
      "description" : "Example of Prior Ischemic Heart Disease. Indicate whether the patient has ever been diagnosed with ischemic heart disease (including myocardial infarction).",
      "profile" : ["https://molic-avc.gabriellesantosleandro.com/StructureDefinition/PriorIschemicHeartDisease",
      "https://molic-avc.gabriellesantosleandro.com/StructureDefinition/PriorIschemicHeartDisease"]
    },
    {
      "extension" : [{
        "url" : "http://hl7.org/fhir/tools/StructureDefinition/resource-information",
        "valueString" : "Observation"
      }],
      "reference" : {
        "reference" : "Observation/ExamplePriorMyocardialInfarction"
      },
      "name" : "Prior Myocardial Infarction",
      "description" : "Example of Prior Myocardial Infarction. Indicate whether the patient has a documented history of myocardial infarction.",
      "profile" : ["https://molic-avc.gabriellesantosleandro.com/StructureDefinition/PriorMyocardialInfarction",
      "https://molic-avc.gabriellesantosleandro.com/StructureDefinition/PriorMyocardialInfarction"]
    },
    {
      "extension" : [{
        "url" : "http://hl7.org/fhir/tools/StructureDefinition/resource-information",
        "valueString" : "Observation"
      }],
      "reference" : {
        "reference" : "Observation/ExamplePriorStrokeExclTIA"
      },
      "name" : "Prior Stroke excluding Transient Ischemic Attacks",
      "description" : "Example of Prior Stroke excluding Transient Ischemic Attacks. Indicate whether the patient was ever diagnosed with a stroke (excluding transient ischemic attacks).",
      "profile" : ["https://molic-avc.gabriellesantosleandro.com/StructureDefinition/PriorStrokeExclTIA",
      "https://molic-avc.gabriellesantosleandro.com/StructureDefinition/PriorStrokeExclTIA"]
    },
    {
      "extension" : [{
        "url" : "http://hl7.org/fhir/tools/StructureDefinition/resource-information",
        "valueString" : "Observation"
      }],
      "reference" : {
        "reference" : "Observation/ExamplePriorTIA"
      },
      "name" : "Prior Transient Ischemic Attacks",
      "description" : "Example of Prior Transient Ischemic Attacks. Indicate whether the patient was ever diagnosed with a Transient Ischemic Attacks.",
      "profile" : ["https://molic-avc.gabriellesantosleandro.com/StructureDefinition/PriorTIA",
      "https://molic-avc.gabriellesantosleandro.com/StructureDefinition/PriorTIA"]
    },
    {
      "extension" : [{
        "url" : "http://hl7.org/fhir/tools/StructureDefinition/resource-information",
        "valueString" : "Observation"
      }],
      "reference" : {
        "reference" : "Observation/ExampleProcoagulantReversal"
      },
      "name" : "Procoagulant Reversal Therapy",
      "description" : "Example of Procoagulant Reversal Therapy. Indicate if the patient received procoagulant reversal therapy.",
      "profile" : ["https://molic-avc.gabriellesantosleandro.com/StructureDefinition/ProcoagulantReversal",
      "https://molic-avc.gabriellesantosleandro.com/StructureDefinition/ProcoagulantReversal"]
    },
    {
      "extension" : [{
        "url" : "http://hl7.org/fhir/tools/StructureDefinition/resource-information",
        "valueString" : "Observation"
      }],
      "reference" : {
        "reference" : "Observation/ExampleRehabIN"
      },
      "name" : "Inpatient Acute Care Rehabilitation",
      "description" : "Example of Inpatient Acute Care Rehabilitation. Indicate whether there is dedicated stroke rehabilitation during acute care.",
      "profile" : ["https://molic-avc.gabriellesantosleandro.com/StructureDefinition/RehabIN",
      "https://molic-avc.gabriellesantosleandro.com/StructureDefinition/RehabIN"]
    },
    {
      "extension" : [{
        "url" : "http://hl7.org/fhir/tools/StructureDefinition/resource-information",
        "valueString" : "Observation"
      }],
      "reference" : {
        "reference" : "Observation/ExampleRehabOUT"
      },
      "name" : "Post Acute Care Rehabilitation",
      "description" : "Example of Post Acute Care Rehabilitation. Indicate whether there is dedicated stroke rehabilitation during post-acute care, either hospital based or out patient/home based.",
      "profile" : ["https://molic-avc.gabriellesantosleandro.com/StructureDefinition/RehabOUT",
      "https://molic-avc.gabriellesantosleandro.com/StructureDefinition/RehabOUT"]
    },
    {
      "extension" : [{
        "url" : "http://hl7.org/fhir/tools/StructureDefinition/resource-information",
        "valueString" : "Observation"
      }],
      "reference" : {
        "reference" : "Observation/ExampleStrokeRecur"
      },
      "name" : "Stroke Recurrence.",
      "description" : "Example of Stroke Recurrence. Indicate if the patient had a new stroke within 90 days of their first stroke occurrence.",
      "profile" : ["https://molic-avc.gabriellesantosleandro.com/StructureDefinition/StrokeRecur",
      "https://molic-avc.gabriellesantosleandro.com/StructureDefinition/StrokeRecur"]
    },
    {
      "extension" : [{
        "url" : "http://hl7.org/fhir/tools/StructureDefinition/resource-information",
        "valueString" : "Observation"
      }],
      "reference" : {
        "reference" : "Observation/ExampleStrokeSevNIHSS"
      },
      "name" : "Stroke Severity: NIHSS Score",
      "description" : "Example of Stroke Severity: NIHSS Score. Indicate the stroke severity as measured by the NIH Stroke Scale (NIHSS). Report the raw (uncategorized) NIHSS score.",
      "profile" : ["https://molic-avc.gabriellesantosleandro.com/StructureDefinition/StrokeSevNIHSS",
      "https://molic-avc.gabriellesantosleandro.com/StructureDefinition/StrokeSevNIHSS"]
    },
    {
      "extension" : [{
        "url" : "http://hl7.org/fhir/tools/StructureDefinition/resource-information",
        "valueString" : "Observation"
      }],
      "reference" : {
        "reference" : "Observation/ExampleStrokeType"
      },
      "name" : "Stroke Type",
      "description" : "Example of Stroke Type. Indicate Stroke Type.",
      "profile" : ["https://molic-avc.gabriellesantosleandro.com/StructureDefinition/StrokeType",
      "https://molic-avc.gabriellesantosleandro.com/StructureDefinition/StrokeType"]
    },
    {
      "extension" : [{
        "url" : "http://hl7.org/fhir/tools/StructureDefinition/resource-information",
        "valueString" : "Observation"
      }],
      "reference" : {
        "reference" : "Observation/ExampleSympIntracranialHemorrhage"
      },
      "name" : "Symptomatic Intracranial Hemorrhage",
      "description" : "Example of Symptomatic Intracranial Hemorrhage. Indicate if the patient developed symptomatic intracerebral hemorrhage after treatment of ischemic stroke with intravenous thrombolysis and/or thrombectomy.",
      "profile" : ["https://molic-avc.gabriellesantosleandro.com/StructureDefinition/SympIntracranialHemorrhage",
      "https://molic-avc.gabriellesantosleandro.com/StructureDefinition/SympIntracranialHemorrhage"]
    },
    {
      "extension" : [{
        "url" : "http://hl7.org/fhir/tools/StructureDefinition/resource-information",
        "valueString" : "Observation"
      }],
      "reference" : {
        "reference" : "Observation/ExampleSymtDur"
      },
      "name" : "Duration of Stroke Symptoms",
      "description" : "Example of Duration of Stroke Symptoms. Indicate the duration of the stroke symptoms measured on hospital arrival.",
      "profile" : ["https://molic-avc.gabriellesantosleandro.com/StructureDefinition/SymtDur",
      "https://molic-avc.gabriellesantosleandro.com/StructureDefinition/SymtDur"]
    },
    {
      "extension" : [{
        "url" : "http://hl7.org/fhir/tools/StructureDefinition/resource-information",
        "valueString" : "Observation"
      }],
      "reference" : {
        "reference" : "Observation/ExampleThrombectomy"
      },
      "name" : "Thrombectomy",
      "description" : "Example of Thrombectomy. Indicate if the patient underwent thrombectomy.",
      "profile" : ["https://molic-avc.gabriellesantosleandro.com/StructureDefinition/Thrombectomy",
      "https://molic-avc.gabriellesantosleandro.com/StructureDefinition/Thrombectomy"]
    },
    {
      "extension" : [{
        "url" : "http://hl7.org/fhir/tools/StructureDefinition/resource-information",
        "valueString" : "Observation"
      }],
      "reference" : {
        "reference" : "Observation/ExampleThrombolytic"
      },
      "name" : "Thrombolytic Therapy",
      "description" : "Example of Thrombolytic Therapy. Indicate if the patient received intravenous thrombolytic therapy.",
      "profile" : ["https://molic-avc.gabriellesantosleandro.com/StructureDefinition/Thrombolytic",
      "https://molic-avc.gabriellesantosleandro.com/StructureDefinition/Thrombolytic"]
    },
    {
      "extension" : [{
        "url" : "http://hl7.org/fhir/tools/StructureDefinition/resource-information",
        "valueString" : "Questionnaire"
      }],
      "reference" : {
        "reference" : "Questionnaire/PatientReportedBaseline"
      },
      "name" : "Patient Reported Questionnaire 01 - Baseline",
      "description" : "This questionnaire is designed to assess the patient-reported response in stroke patients at the initial point of assessment.",
      "isExample" : false
    },
    {
      "extension" : [{
        "url" : "http://hl7.org/fhir/tools/StructureDefinition/resource-information",
        "valueString" : "Questionnaire"
      }],
      "reference" : {
        "reference" : "Questionnaire/PatientReportedDischargeOrSevenDays"
      },
      "name" : "Patient Reported Questionnaire 02 - Discharge or 7 days post admission",
      "description" : "This questionnaire is designed to assess the patient-reported response in stroke at the patient discharge or 7 days post admission, whichever comes first.",
      "isExample" : false
    },
    {
      "extension" : [{
        "url" : "http://hl7.org/fhir/tools/StructureDefinition/resource-information",
        "valueString" : "Questionnaire"
      }],
      "reference" : {
        "reference" : "Questionnaire/PatientReportedNinetyDays"
      },
      "name" : "Patient Reported Questionnaire 03 - 90 days post admission",
      "description" : "This questionnaire is designed to assess the patient-reported response in stroke at 90 days post admission.",
      "isExample" : false
    },
    {
      "extension" : [{
        "url" : "http://hl7.org/fhir/tools/StructureDefinition/resource-information",
        "valueString" : "Organization"
      }],
      "reference" : {
        "reference" : "Organization/example-strokeorganization"
      },
      "name" : "Healthcare Facility",
      "description" : "Example of Healthcare Facility related to stroke care, based on the Brazilian National Data Network (RNDS).",
      "profile" : ["https://molic-avc.gabriellesantosleandro.com/StructureDefinition/StrokeOrganization",
      "https://molic-avc.gabriellesantosleandro.com/StructureDefinition/StrokeOrganization"]
    },
    {
      "extension" : [{
        "url" : "http://hl7.org/fhir/tools/StructureDefinition/resource-information",
        "valueString" : "Patient"
      }],
      "reference" : {
        "reference" : "Patient/example-strokepatient"
      },
      "name" : "Stroke Patient",
      "description" : "Example of Stroke Patient. This example presents a profile for stroke patient based on Brazilian RNDS.",
      "profile" : ["https://molic-avc.gabriellesantosleandro.com/StructureDefinition/StrokePatient",
      "https://molic-avc.gabriellesantosleandro.com/StructureDefinition/StrokePatient"]
    },
    {
      "extension" : [{
        "url" : "http://hl7.org/fhir/tools/StructureDefinition/resource-information",
        "valueString" : "Practitioner"
      }],
      "reference" : {
        "reference" : "Practitioner/example-strokepractitioner"
      },
      "name" : "Stroke Practitioner",
      "description" : "This example presents a practitioner profile for stroke attendance based on Brazilian National Data Network.",
      "profile" : ["https://molic-avc.gabriellesantosleandro.com/StructureDefinition/StrokePractitioner",
      "https://molic-avc.gabriellesantosleandro.com/StructureDefinition/StrokePractitioner"]
    }],
    "page" : {
      "sourceUrl" : "toc.html",
      "name" : "toc.html",
      "title" : "Table of Contents",
      "generation" : "html",
      "page" : [{
        "sourceUrl" : "index.html",
        "name" : "index.html",
        "title" : "Home",
        "generation" : "markdown"
      },
      {
        "sourceUrl" : "stroke-cp.html",
        "name" : "stroke-cp.html",
        "title" : "Stroke-CP",
        "generation" : "markdown"
      },
      {
        "sourceUrl" : "data-dictionary.html",
        "name" : "data-dictionary.html",
        "title" : "Data-Dictionary",
        "generation" : "markdown"
      },
      {
        "sourceUrl" : "fhir.html",
        "name" : "fhir.html",
        "title" : "FHIR",
        "generation" : "markdown"
      },
      {
        "sourceUrl" : "ichom.html",
        "name" : "ichom.html",
        "title" : "ICHOM",
        "generation" : "markdown"
      },
      {
        "sourceUrl" : "downloads.html",
        "name" : "downloads.html",
        "title" : "Downloads",
        "generation" : "markdown"
      },
      {
        "sourceUrl" : "security.html",
        "name" : "security.html",
        "title" : "Security",
        "generation" : "markdown"
      }]
    },
    "parameter" : [{
      "code" : {
        "system" : "http://hl7.org/fhir/tools/CodeSystem/ig-parameters",
        "code" : "copyrightyear"
      },
      "value" : "2023+"
    },
    {
      "code" : {
        "system" : "http://hl7.org/fhir/tools/CodeSystem/ig-parameters",
        "code" : "releaselabel"
      },
      "value" : "ballot"
    },
    {
      "code" : {
        "system" : "http://hl7.org/fhir/tools/CodeSystem/ig-parameters",
        "code" : "usage-stats-opt-out"
      },
      "value" : "true"
    },
    {
      "code" : {
        "system" : "http://hl7.org/fhir/tools/CodeSystem/ig-parameters",
        "code" : "show-inherited-invariants"
      },
      "value" : "false"
    },
    {
      "code" : {
        "system" : "http://hl7.org/fhir/tools/CodeSystem/ig-parameters",
        "code" : "shownav"
      },
      "value" : "true"
    },
    {
      "code" : {
        "system" : "http://hl7.org/fhir/tools/CodeSystem/ig-parameters",
        "code" : "autoload-resources"
      },
      "value" : "true"
    },
    {
      "code" : {
        "system" : "http://hl7.org/fhir/guide-parameter-code",
        "code" : "path-resource"
      },
      "value" : "input/capabilities"
    },
    {
      "code" : {
        "system" : "http://hl7.org/fhir/guide-parameter-code",
        "code" : "path-resource"
      },
      "value" : "input/examples"
    },
    {
      "code" : {
        "system" : "http://hl7.org/fhir/guide-parameter-code",
        "code" : "path-resource"
      },
      "value" : "input/extensions"
    },
    {
      "code" : {
        "system" : "http://hl7.org/fhir/guide-parameter-code",
        "code" : "path-resource"
      },
      "value" : "input/models"
    },
    {
      "code" : {
        "system" : "http://hl7.org/fhir/guide-parameter-code",
        "code" : "path-resource"
      },
      "value" : "input/operations"
    },
    {
      "code" : {
        "system" : "http://hl7.org/fhir/guide-parameter-code",
        "code" : "path-resource"
      },
      "value" : "input/profiles"
    },
    {
      "code" : {
        "system" : "http://hl7.org/fhir/guide-parameter-code",
        "code" : "path-resource"
      },
      "value" : "input/resources"
    },
    {
      "code" : {
        "system" : "http://hl7.org/fhir/guide-parameter-code",
        "code" : "path-resource"
      },
      "value" : "input/vocabulary"
    },
    {
      "code" : {
        "system" : "http://hl7.org/fhir/guide-parameter-code",
        "code" : "path-resource"
      },
      "value" : "input/maps"
    },
    {
      "code" : {
        "system" : "http://hl7.org/fhir/guide-parameter-code",
        "code" : "path-resource"
      },
      "value" : "input/testing"
    },
    {
      "code" : {
        "system" : "http://hl7.org/fhir/guide-parameter-code",
        "code" : "path-resource"
      },
      "value" : "input/history"
    },
    {
      "code" : {
        "system" : "http://hl7.org/fhir/guide-parameter-code",
        "code" : "path-resource"
      },
      "value" : "fsh-generated/resources"
    },
    {
      "code" : {
        "system" : "http://hl7.org/fhir/guide-parameter-code",
        "code" : "path-pages"
      },
      "value" : "template/config"
    },
    {
      "code" : {
        "system" : "http://hl7.org/fhir/guide-parameter-code",
        "code" : "path-pages"
      },
      "value" : "input/images"
    },
    {
      "code" : {
        "system" : "http://hl7.org/fhir/tools/CodeSystem/ig-parameters",
        "code" : "path-liquid"
      },
      "value" : "template/liquid"
    },
    {
      "code" : {
        "system" : "http://hl7.org/fhir/tools/CodeSystem/ig-parameters",
        "code" : "path-liquid"
      },
      "value" : "input/liquid"
    },
    {
      "code" : {
        "system" : "http://hl7.org/fhir/tools/CodeSystem/ig-parameters",
        "code" : "path-qa"
      },
      "value" : "temp/qa"
    },
    {
      "code" : {
        "system" : "http://hl7.org/fhir/tools/CodeSystem/ig-parameters",
        "code" : "path-temp"
      },
      "value" : "temp/pages"
    },
    {
      "code" : {
        "system" : "http://hl7.org/fhir/tools/CodeSystem/ig-parameters",
        "code" : "path-output"
      },
      "value" : "output"
    },
    {
      "code" : {
        "system" : "http://hl7.org/fhir/guide-parameter-code",
        "code" : "path-tx-cache"
      },
      "value" : "input-cache/txcache"
    },
    {
      "code" : {
        "system" : "http://hl7.org/fhir/tools/CodeSystem/ig-parameters",
        "code" : "path-suppressed-warnings"
      },
      "value" : "input/ignoreWarnings.txt"
    },
    {
      "code" : {
        "system" : "http://hl7.org/fhir/tools/CodeSystem/ig-parameters",
        "code" : "path-history"
      },
      "value" : "https://molic-avc.gabriellesantosleandro.com/history.html"
    },
    {
      "code" : {
        "system" : "http://hl7.org/fhir/tools/CodeSystem/ig-parameters",
        "code" : "template-html"
      },
      "value" : "template-page.html"
    },
    {
      "code" : {
        "system" : "http://hl7.org/fhir/tools/CodeSystem/ig-parameters",
        "code" : "template-md"
      },
      "value" : "template-page-md.html"
    },
    {
      "code" : {
        "system" : "http://hl7.org/fhir/tools/CodeSystem/ig-parameters",
        "code" : "apply-contact"
      },
      "value" : "true"
    },
    {
      "code" : {
        "system" : "http://hl7.org/fhir/tools/CodeSystem/ig-parameters",
        "code" : "apply-context"
      },
      "value" : "true"
    },
    {
      "code" : {
        "system" : "http://hl7.org/fhir/tools/CodeSystem/ig-parameters",
        "code" : "apply-copyright"
      },
      "value" : "true"
    },
    {
      "code" : {
        "system" : "http://hl7.org/fhir/tools/CodeSystem/ig-parameters",
        "code" : "apply-jurisdiction"
      },
      "value" : "true"
    },
    {
      "code" : {
        "system" : "http://hl7.org/fhir/tools/CodeSystem/ig-parameters",
        "code" : "apply-license"
      },
      "value" : "true"
    },
    {
      "code" : {
        "system" : "http://hl7.org/fhir/tools/CodeSystem/ig-parameters",
        "code" : "apply-publisher"
      },
      "value" : "true"
    },
    {
      "code" : {
        "system" : "http://hl7.org/fhir/tools/CodeSystem/ig-parameters",
        "code" : "apply-version"
      },
      "value" : "true"
    },
    {
      "code" : {
        "system" : "http://hl7.org/fhir/tools/CodeSystem/ig-parameters",
        "code" : "apply-wg"
      },
      "value" : "true"
    },
    {
      "code" : {
        "system" : "http://hl7.org/fhir/tools/CodeSystem/ig-parameters",
        "code" : "active-tables"
      },
      "value" : "true"
    },
    {
      "code" : {
        "system" : "http://hl7.org/fhir/tools/CodeSystem/ig-parameters",
        "code" : "fmm-definition"
      },
      "value" : "http://hl7.org/fhir/versions.html#maturity"
    },
    {
      "code" : {
        "system" : "http://hl7.org/fhir/tools/CodeSystem/ig-parameters",
        "code" : "propagate-status"
      },
      "value" : "true"
    },
    {
      "code" : {
        "system" : "http://hl7.org/fhir/tools/CodeSystem/ig-parameters",
        "code" : "excludelogbinaryformat"
      },
      "value" : "true"
    },
    {
      "code" : {
        "system" : "http://hl7.org/fhir/tools/CodeSystem/ig-parameters",
        "code" : "tabbed-snapshots"
      },
      "value" : "true"
    }]
  }
}