{
  "resourceType" : "Observation",
  "id" : "ExampleCVDComorbidities",
  "meta" : {
    "profile" : ["https://molic-avc.gabriellesantosleandro.com/StructureDefinition/CVDComorbidities"]
  },
  "text" : {
    "status" : "generated",
    "div" : "<div xmlns=\"http://www.w3.org/1999/xhtml\"><p><b>Generated Narrative: Observation</b><a name=\"ExampleCVDComorbidities\"> </a></p><div style=\"display: inline-block; background-color: #d9e0e7; padding: 6px; margin: 4px; border: 1px solid #8da1b4; border-radius: 5px; line-height: 60%\"><p style=\"margin-bottom: 0px\">Resource Observation &quot;ExampleCVDComorbidities&quot; </p><p style=\"margin-bottom: 0px\">Profile: <a href=\"StructureDefinition-CVDComorbidities.html\">Cardiovascular Comorbidities</a></p></div><p><b>status</b>: preliminary</p><p><b>code</b>: History of Cardiovascular Disease <span style=\"background: LightGoldenRodYellow; margin: 4px; border: 1px solid khaki\"> (<a href=\"https://browser.ihtsdotools.org/\">SNOMED CT</a>#266995000)</span></p><p><b>subject</b>: <a href=\"Patient-example-strokepatient.html\">Patient/example-strokepatient</a> &quot; SILVA&quot;</p><p><b>effective</b>: 2024-01-11 11:45:00+0000</p><p><b>performer</b>: <a href=\"Practitioner-example-strokepractitioner.html\">Practitioner/example-strokepractitioner</a> &quot; FERREIRA&quot;</p><p><b>value</b>: No other diseases <span style=\"background: LightGoldenRodYellow; margin: 4px; border: 1px solid khaki\"> (<a href=\"CodeSystem-CVDComorbiditiesCS.html\">Cardiovascular Comorbidities</a>#0)</span></p></div>"
  },
  "status" : "preliminary",
  "code" : {
    "coding" : [{
      "system" : "http://snomed.info/sct",
      "code" : "266995000",
      "display" : "History of Cardiovascular Disease"
    }]
  },
  "subject" : {
    "reference" : "Patient/example-strokepatient"
  },
  "effectiveDateTime" : "2024-01-11T11:45:00Z",
  "performer" : [{
    "reference" : "Practitioner/example-strokepractitioner"
  }],
  "valueCodeableConcept" : {
    "coding" : [{
      "system" : "https://molic-avc.gabriellesantosleandro.com/CodeSystem/CVDComorbiditiesCS",
      "code" : "0",
      "display" : "No other diseases"
    }]
  }
}