<?xml version="1.0" encoding="UTF-8"?>

<Organization xmlns="http://hl7.org/fhir">
  <id value="MolicAVC-OrganizationExample"/>
  <meta>
    <profile value="https://molic-avc.gabriellesantosleandro.com/StructureDefinition/molicavc-organization-profile"/>
  </meta>
  <text>
    <status value="generated"/><div xmlns="http://www.w3.org/1999/xhtml"><p><b>Generated Narrative: Organization</b><a name="MolicAVC-OrganizationExample"> </a></p><div style="display: inline-block; background-color: #d9e0e7; padding: 6px; margin: 4px; border: 1px solid #8da1b4; border-radius: 5px; line-height: 60%"><p style="margin-bottom: 0px">Resource Organization &quot;MolicAVC-OrganizationExample&quot; </p><p style="margin-bottom: 0px">Profile: <a href="StructureDefinition-molicavc-organization-profile.html">Profile of Molic-AVC's Organization</a></p></div><p><b>identifier</b>: org: ORG-12345 (use: OFFICIAL)</p><p><b>active</b>: true</p><p><b>type</b>: prov <span style="background: LightGoldenRodYellow; margin: 4px; border: 1px solid khaki"> ([not stated]#prov)</span></p><p><b>name</b>: Reference Hospital for Stroke</p><p><b>description</b>: A leading hospital specializing in stroke treatments and rehabilitation.</p><p><b>partOf</b>: <a href="Organization/HospitalGroupABC">Organization/HospitalGroupABC</a></p><h3>Qualifications</h3><table class="grid"><tr><td style="display: none">-</td><td><b>Identifier</b></td><td><b>Code</b></td><td><b>Issuer</b></td></tr><tr><td style="display: none">*</td><td>id: CNES 67890 (use: OFFICIAL)</td><td>Public Reference Hospital (CNES - Cadastro Nacional de Estabelecimento Único) <span style="background: LightGoldenRodYellow; margin: 4px; border: 1px solid khaki"> (#STROKEHOSP)</span></td><td><span>: Medical Qualification Authority</span></td></tr></table></div>
  </text>
  <identifier>
    <use value="official"/>
    <type>
      <coding>
        <code value="org"/>
      </coding>
    </type>
    <value value="ORG-12345"/>
    <assigner>
      <display value="Regulatory Authority of Health Services"/>
    </assigner>
  </identifier>
  <active value="true"/>
  <type>
    <coding>
      <code value="prov"/>
    </coding>
  </type>
  <name value="Reference Hospital for Stroke"/>
  <description value="A leading hospital specializing in stroke treatments and rehabilitation."/>
  <partOf>
    <reference value="Organization/HospitalGroupABC"/>
  </partOf>
  <qualification>
    <identifier>
      <use value="official"/>
      <value value="CNES 67890"/>
      <assigner>
        <display value="Medical Qualification Authority"/>
      </assigner>
    </identifier>
    <code>
      <coding>
        <system value="https://molic-avc.gabriellesantosleandro.com/ValueSet/type-healthcare-unit-valueset/"/>
        <code value="STROKEHOSP"/>
        <display value="Public Reference Hospital (CNES - Cadastro Nacional de Estabelecimento Único)"/>
      </coding>
    </code>
    <issuer>
      <display value="Medical Qualification Authority"/>
    </issuer>
  </qualification>
</Organization>