<?xml version="1.0" encoding="UTF-8"?>

<Practitioner xmlns="http://hl7.org/fhir">
  <id value="MolicAVC-DoctorExample"/>
  <meta>
    <profile value="https://molic-avc.gabriellesantosleandro.com/StructureDefinition/molicavc-practitioner-profile"/>
  </meta>
  <text>
    <status value="generated"/><div xmlns="http://www.w3.org/1999/xhtml"><p><b>Generated Narrative: Practitioner</b><a name="MolicAVC-DoctorExample"> </a></p><div style="display: inline-block; background-color: #d9e0e7; padding: 6px; margin: 4px; border: 1px solid #8da1b4; border-radius: 5px; line-height: 60%"><p style="margin-bottom: 0px">Resource Practitioner &quot;MolicAVC-DoctorExample&quot; </p><p style="margin-bottom: 0px">Profile: <a href="StructureDefinition-molicavc-practitioner-profile.html">Profile of Molic-AVC's Practitioner</a></p></div><p><b>identifier</b>: id: CRM-SC12345 (use: OFFICIAL)</p><p><b>active</b>: true</p><p><b>name</b>: Dra. Maria Betânia</p><p><b>deceased</b>: false</p><h3>Qualifications</h3><table class="grid"><tr><td style="display: none">-</td><td><b>Identifier</b></td><td><b>Code</b></td></tr><tr><td style="display: none">*</td><td>id: CRM-SC 12345 (use: OFFICIAL)</td><td>Doctor <span style="background: LightGoldenRodYellow; margin: 4px; border: 1px solid khaki"> ([not stated]#Doctor)</span></td></tr></table></div>
  </text>
  <identifier>
    <use value="official"/>
    <value value="CRM-SC12345"/>
  </identifier>
  <active value="true"/>
  <name>
    <text value="Dra. Maria Betânia"/>
  </name>
  <deceasedBoolean value="false"/>
  <qualification>
    <identifier>
      <use value="official"/>
      <value value="CRM-SC 12345"/>
    </identifier>
    <code>
      <coding>
        <code value="Doctor"/>
      </coding>
    </code>
  </qualification>
</Practitioner>