{
  "resourceType" : "Questionnaire",
  "id" : "MolicAVC-PROMIS10Questionnaire",
  "meta" : {
    "profile" : ["https://molic-avc.gabriellesantosleandro.com/StructureDefinition/molicavc-questionnaire-profile"]
  },
  "text" : {
    "status" : "generated",
    "div" : "<div xmlns=\"http://www.w3.org/1999/xhtml\">Placeholder</div>"
  },
  "url" : "https://molic-avc.gabriellesantosleandro.com/Questionnaire/MolicAVC-PROMIS10Questionnaire",
  "identifier" : [{
    "use" : "official",
    "value" : "PROMIS-10",
    "assigner" : {
      "reference" : "ICHOM"
    }
  }],
  "version" : "0.1.0",
  "name" : "promis-10",
  "title" : "PROMIS-10 (Patient-Reported Outcomes Measurement Information System 10-item short form)",
  "status" : "draft",
  "date" : "2023-08-31T16:41:42-03:00",
  "publisher" : "Gabrielle dos Santos Leandro",
  "contact" : [{
    "name" : "Gabrielle dos Santos Leandro",
    "telecom" : [{
      "system" : "url",
      "value" : "https://molic-avc.gabriellesantosleandro.com"
    }]
  }],
  "description" : "The PROMIS-10 is a brief, 10-item version of the PROMIS (Patient-Reported Outcomes Measurement \r\nInformation System) questionnaire, developed and maintained by the U.S. National Institutes of Health (NIH). \r\nIt aims to provide a reliable measure of a patient's overall health, capturing physical, mental, and social \r\nwell-being aspects. Designed for diverse conditions and populations, the PROMIS-10 offers a concise instrument \r\nfor gauging health from the patient's perspective, facilitating a holistic understanding of their health status.",
  "item" : [{
    "linkId" : "PROMIS-10_Q01",
    "text" : "In general, would you say your health is:",
    "type" : "question",
    "answerValueSet" : "http://molic-avc.gabriellesantosleandro.com/ValueSet/molicavc-promis10-valueset",
    "answerOption" : [{
      "valueCoding" : {
        "code" : "1"
      }
    },
    {
      "valueCoding" : {
        "code" : "2"
      }
    },
    {
      "valueCoding" : {
        "code" : "3"
      }
    },
    {
      "valueCoding" : {
        "code" : "4"
      }
    },
    {
      "valueCoding" : {
        "code" : "5"
      }
    }]
  },
  {
    "linkId" : "PROMIS-10_Q02",
    "text" : "In general, would you say your quality of life is:",
    "type" : "question",
    "answerValueSet" : "http://molic-avc.gabriellesantosleandro.com/ValueSet/molicavc-promis10-valueset",
    "answerOption" : [{
      "valueCoding" : {
        "code" : "1"
      }
    },
    {
      "valueCoding" : {
        "code" : "2"
      }
    },
    {
      "valueCoding" : {
        "code" : "3"
      }
    },
    {
      "valueCoding" : {
        "code" : "4"
      }
    },
    {
      "valueCoding" : {
        "code" : "5"
      }
    }]
  },
  {
    "linkId" : "PROMIS-10_Q03",
    "text" : "In general, how would you rate your physical health?",
    "type" : "question",
    "answerValueSet" : "http://molic-avc.gabriellesantosleandro.com/ValueSet/molicavc-promis10-valueset",
    "answerOption" : [{
      "valueCoding" : {
        "code" : "1"
      }
    },
    {
      "valueCoding" : {
        "code" : "2"
      }
    },
    {
      "valueCoding" : {
        "code" : "3"
      }
    },
    {
      "valueCoding" : {
        "code" : "4"
      }
    },
    {
      "valueCoding" : {
        "code" : "5"
      }
    }]
  },
  {
    "linkId" : "PROMIS-10_Q04",
    "text" : "In general, how would you rate your mental health, including your mood and your ability to think?",
    "type" : "question",
    "answerValueSet" : "http://molic-avc.gabriellesantosleandro.com/ValueSet/molicavc-promis10-valueset",
    "answerOption" : [{
      "valueCoding" : {
        "code" : "1"
      }
    },
    {
      "valueCoding" : {
        "code" : "2"
      }
    },
    {
      "valueCoding" : {
        "code" : "3"
      }
    },
    {
      "valueCoding" : {
        "code" : "4"
      }
    },
    {
      "valueCoding" : {
        "code" : "5"
      }
    }]
  },
  {
    "linkId" : "PROMIS-10_Q05",
    "text" : "In general, how would you rate your satisfaction with your social activities and relationships?",
    "type" : "question",
    "answerValueSet" : "http://molic-avc.gabriellesantosleandro.com/ValueSet/molicavc-promis10-valueset",
    "answerOption" : [{
      "valueCoding" : {
        "code" : "1"
      }
    },
    {
      "valueCoding" : {
        "code" : "2"
      }
    },
    {
      "valueCoding" : {
        "code" : "3"
      }
    },
    {
      "valueCoding" : {
        "code" : "4"
      }
    },
    {
      "valueCoding" : {
        "code" : "5"
      }
    }]
  },
  {
    "linkId" : "PROMIS-10_Q09r",
    "text" : "In general, rate how well you carry out your usual social activities at home, at work and in your community, and responsibilities as a parent, child, spouse, employee, friend, etc.)",
    "type" : "question",
    "answerValueSet" : "http://molic-avc.gabriellesantosleandro.com/ValueSet/molicavc-promis10-valueset",
    "answerOption" : [{
      "valueCoding" : {
        "code" : "1"
      }
    },
    {
      "valueCoding" : {
        "code" : "2"
      }
    },
    {
      "valueCoding" : {
        "code" : "3"
      }
    },
    {
      "valueCoding" : {
        "code" : "4"
      }
    },
    {
      "valueCoding" : {
        "code" : "5"
      }
    }]
  },
  {
    "linkId" : "PROMIS-10_Q06",
    "text" : "To what extent are you able to carry out your everyday physical activities such as walking, climbing stairs, carrying groceries, or moving a chair?",
    "type" : "question",
    "answerValueSet" : "http://molic-avc.gabriellesantosleandro.com/ValueSet/molicavc-promis10-valueset",
    "answerOption" : [{
      "valueCoding" : {
        "code" : "6"
      }
    },
    {
      "valueCoding" : {
        "code" : "7"
      }
    },
    {
      "valueCoding" : {
        "code" : "8"
      }
    },
    {
      "valueCoding" : {
        "code" : "9"
      }
    },
    {
      "valueCoding" : {
        "code" : "10"
      }
    }]
  },
  {
    "linkId" : "PROMIS-10_Q10r",
    "text" : "In the past 7 days, how often have you been bothered by emotional problems such as feeling anxious, depressed or irritable?",
    "type" : "question",
    "answerValueSet" : "http://molic-avc.gabriellesantosleandro.com/ValueSet/molicavc-promis10-valueset",
    "answerOption" : [{
      "valueCoding" : {
        "code" : "11"
      }
    },
    {
      "valueCoding" : {
        "code" : "12"
      }
    },
    {
      "valueCoding" : {
        "code" : "13"
      }
    },
    {
      "valueCoding" : {
        "code" : "14"
      }
    },
    {
      "valueCoding" : {
        "code" : "15"
      }
    }]
  },
  {
    "linkId" : "PROMIS-10_Qo8r",
    "text" : "In the past 7 days, how would you rate your fatigue on average?",
    "type" : "question",
    "answerValueSet" : "http://molic-avc.gabriellesantosleandro.com/ValueSet/molicavc-promis10-valueset",
    "answerOption" : [{
      "valueCoding" : {
        "code" : "16"
      }
    },
    {
      "valueCoding" : {
        "code" : "17"
      }
    },
    {
      "valueCoding" : {
        "code" : "18"
      }
    },
    {
      "valueCoding" : {
        "code" : "19"
      }
    },
    {
      "valueCoding" : {
        "code" : "20"
      }
    }]
  },
  {
    "linkId" : "PROMIS-10_Qo7r",
    "text" : "In the past 7 days, how would you rate your pain on average?",
    "type" : "question",
    "answerValueSet" : "http://molic-avc.gabriellesantosleandro.com/ValueSet/molicavc-promis10-valueset",
    "answerOption" : [{
      "valueCoding" : {
        "code" : "21"
      }
    },
    {
      "valueCoding" : {
        "code" : "22"
      }
    },
    {
      "valueCoding" : {
        "code" : "23"
      }
    },
    {
      "valueCoding" : {
        "code" : "24"
      }
    },
    {
      "valueCoding" : {
        "code" : "25"
      }
    },
    {
      "valueCoding" : {
        "code" : "26"
      }
    },
    {
      "valueCoding" : {
        "code" : "27"
      }
    },
    {
      "valueCoding" : {
        "code" : "28"
      }
    },
    {
      "valueCoding" : {
        "code" : "29"
      }
    },
    {
      "valueCoding" : {
        "code" : "30"
      }
    },
    {
      "valueCoding" : {
        "code" : "31"
      }
    }]
  }]
}