<?xml version="1.0" encoding="UTF-8"?>

<Questionnaire xmlns="http://hl7.org/fhir">
  <id value="MolicAVC-smRSqQuestionnaire"/>
  <meta>
    <profile value="https://molic-avc.gabriellesantosleandro.com/StructureDefinition/molicavc-questionnaire-profile"/>
  </meta>
  <text>
    <status value="generated"/><div xmlns="http://www.w3.org/1999/xhtml">Placeholder</div>
  </text>
  <url value="https://molic-avc.gabriellesantosleandro.com/Questionnaire/MolicAVC-smRSqQuestionnaire"/>
  <identifier>
    <use value="official"/>
    <value value="smRSq"/>
    <assigner>
      <reference value="ICHOM"/>
    </assigner>
  </identifier>
  <version value="0.1.0"/>
  <name value="smRSq"/>
  <title value="simplified modified Rankin Scale Questionnaire"/>
  <status value="draft"/>
  <date value="2023-09-08T18:23:11-03:00"/>
  <publisher value="Gabrielle dos Santos Leandro"/>
  <contact>
    <name value="Gabrielle dos Santos Leandro"/>
    <telecom>
      <system value="url"/>
      <value value="https://molic-avc.gabriellesantosleandro.com"/>
    </telecom>
  </contact>
  <description value="The Simplified Modified Rankin Scale Questionnaire (smRSq) is a tool designed to assess an individual's level &#xD;&#xA;of disability or dependence following a medical event, particularly strokes. The smRSq aims to quickly and effectively capture &#xD;&#xA;the individual's functional status and level of independence in daily activities. By using a concise set of questions, it helps &#xD;&#xA;healthcare professionals evaluate the impact of the medical event on the patient's quality of life and guide treatment decisions."/>
  <item>
    <linkId value="smRSq"/>
    <text value="simplified modified Rankin Scale questionnaire"/>
    <type value="question"/>
    <answerValueSet value="http://molic-avc.gabriellesantosleandro.com/ValueSet/molicavc-smrsq-valueset"/>
    <answerOption>
      <valueCoding>
        <code value="0"/>
      </valueCoding>
    </answerOption>
    <answerOption>
      <valueCoding>
        <code value="1"/>
      </valueCoding>
    </answerOption>
    <answerOption>
      <valueCoding>
        <code value="2"/>
      </valueCoding>
    </answerOption>
    <answerOption>
      <valueCoding>
        <code value="3"/>
      </valueCoding>
    </answerOption>
    <answerOption>
      <valueCoding>
        <code value="4"/>
      </valueCoding>
    </answerOption>
    <answerOption>
      <valueCoding>
        <code value="5"/>
      </valueCoding>
    </answerOption>
    <answerOption>
      <valueCoding>
        <code value="6"/>
      </valueCoding>
    </answerOption>
  </item>
</Questionnaire>