<?xml version="1.0" encoding="UTF-8"?>

<Questionnaire xmlns="http://hl7.org/fhir">
  <id value="MolicAVC-PROMIS10Questionnaire"/>
  <meta>
    <profile value="https://molic-avc.gabriellesantosleandro.com/StructureDefinition/molicavc-questionnaire-profile"/>
  </meta>
  <text>
    <status value="generated"/><div xmlns="http://www.w3.org/1999/xhtml">Placeholder</div>
  </text>
  <url value="https://molic-avc.gabriellesantosleandro.com/Questionnaire/MolicAVC-PROMIS10Questionnaire"/>
  <identifier>
    <use value="official"/>
    <value value="PROMIS-10"/>
    <assigner>
      <reference value="ICHOM"/>
    </assigner>
  </identifier>
  <version value="0.1.0"/>
  <name value="promis-10"/>
  <title value="PROMIS-10 (Patient-Reported Outcomes Measurement Information System 10-item short form)"/>
  <status value="draft"/>
  <date value="2023-09-08T18:23:11-03:00"/>
  <publisher value="Gabrielle dos Santos Leandro"/>
  <contact>
    <name value="Gabrielle dos Santos Leandro"/>
    <telecom>
      <system value="url"/>
      <value value="https://molic-avc.gabriellesantosleandro.com"/>
    </telecom>
  </contact>
  <description value="The PROMIS-10 is a brief, 10-item version of the PROMIS (Patient-Reported Outcomes Measurement &#xD;&#xA;Information System) questionnaire, developed and maintained by the U.S. National Institutes of Health (NIH). &#xD;&#xA;It aims to provide a reliable measure of a patient's overall health, capturing physical, mental, and social &#xD;&#xA;well-being aspects. Designed for diverse conditions and populations, the PROMIS-10 offers a concise instrument &#xD;&#xA;for gauging health from the patient's perspective, facilitating a holistic understanding of their health status."/>
  <item>
    <linkId value="PROMIS-10_Q01"/>
    <text value="In general, would you say your health is:"/>
    <type value="question"/>
    <answerValueSet value="http://molic-avc.gabriellesantosleandro.com/ValueSet/molicavc-promis10-valueset"/>
    <answerOption>
      <valueCoding>
        <code value="1"/>
      </valueCoding>
    </answerOption>
    <answerOption>
      <valueCoding>
        <code value="2"/>
      </valueCoding>
    </answerOption>
    <answerOption>
      <valueCoding>
        <code value="3"/>
      </valueCoding>
    </answerOption>
    <answerOption>
      <valueCoding>
        <code value="4"/>
      </valueCoding>
    </answerOption>
    <answerOption>
      <valueCoding>
        <code value="5"/>
      </valueCoding>
    </answerOption>
  </item>
  <item>
    <linkId value="PROMIS-10_Q02"/>
    <text value="In general, would you say your quality of life is:"/>
    <type value="question"/>
    <answerValueSet value="http://molic-avc.gabriellesantosleandro.com/ValueSet/molicavc-promis10-valueset"/>
    <answerOption>
      <valueCoding>
        <code value="1"/>
      </valueCoding>
    </answerOption>
    <answerOption>
      <valueCoding>
        <code value="2"/>
      </valueCoding>
    </answerOption>
    <answerOption>
      <valueCoding>
        <code value="3"/>
      </valueCoding>
    </answerOption>
    <answerOption>
      <valueCoding>
        <code value="4"/>
      </valueCoding>
    </answerOption>
    <answerOption>
      <valueCoding>
        <code value="5"/>
      </valueCoding>
    </answerOption>
  </item>
  <item>
    <linkId value="PROMIS-10_Q03"/>
    <text value="In general, how would you rate your physical health?"/>
    <type value="question"/>
    <answerValueSet value="http://molic-avc.gabriellesantosleandro.com/ValueSet/molicavc-promis10-valueset"/>
    <answerOption>
      <valueCoding>
        <code value="1"/>
      </valueCoding>
    </answerOption>
    <answerOption>
      <valueCoding>
        <code value="2"/>
      </valueCoding>
    </answerOption>
    <answerOption>
      <valueCoding>
        <code value="3"/>
      </valueCoding>
    </answerOption>
    <answerOption>
      <valueCoding>
        <code value="4"/>
      </valueCoding>
    </answerOption>
    <answerOption>
      <valueCoding>
        <code value="5"/>
      </valueCoding>
    </answerOption>
  </item>
  <item>
    <linkId value="PROMIS-10_Q04"/>
    <text value="In general, how would you rate your mental health, including your mood and your ability to think?"/>
    <type value="question"/>
    <answerValueSet value="http://molic-avc.gabriellesantosleandro.com/ValueSet/molicavc-promis10-valueset"/>
    <answerOption>
      <valueCoding>
        <code value="1"/>
      </valueCoding>
    </answerOption>
    <answerOption>
      <valueCoding>
        <code value="2"/>
      </valueCoding>
    </answerOption>
    <answerOption>
      <valueCoding>
        <code value="3"/>
      </valueCoding>
    </answerOption>
    <answerOption>
      <valueCoding>
        <code value="4"/>
      </valueCoding>
    </answerOption>
    <answerOption>
      <valueCoding>
        <code value="5"/>
      </valueCoding>
    </answerOption>
  </item>
  <item>
    <linkId value="PROMIS-10_Q05"/>
    <text value="In general, how would you rate your satisfaction with your social activities and relationships?"/>
    <type value="question"/>
    <answerValueSet value="http://molic-avc.gabriellesantosleandro.com/ValueSet/molicavc-promis10-valueset"/>
    <answerOption>
      <valueCoding>
        <code value="1"/>
      </valueCoding>
    </answerOption>
    <answerOption>
      <valueCoding>
        <code value="2"/>
      </valueCoding>
    </answerOption>
    <answerOption>
      <valueCoding>
        <code value="3"/>
      </valueCoding>
    </answerOption>
    <answerOption>
      <valueCoding>
        <code value="4"/>
      </valueCoding>
    </answerOption>
    <answerOption>
      <valueCoding>
        <code value="5"/>
      </valueCoding>
    </answerOption>
  </item>
  <item>
    <linkId value="PROMIS-10_Q09r"/>
    <text value="In general, rate how well you carry out your usual social activities at home, at work and in your community, and responsibilities as a parent, child, spouse, employee, friend, etc.)"/>
    <type value="question"/>
    <answerValueSet value="http://molic-avc.gabriellesantosleandro.com/ValueSet/molicavc-promis10-valueset"/>
    <answerOption>
      <valueCoding>
        <code value="1"/>
      </valueCoding>
    </answerOption>
    <answerOption>
      <valueCoding>
        <code value="2"/>
      </valueCoding>
    </answerOption>
    <answerOption>
      <valueCoding>
        <code value="3"/>
      </valueCoding>
    </answerOption>
    <answerOption>
      <valueCoding>
        <code value="4"/>
      </valueCoding>
    </answerOption>
    <answerOption>
      <valueCoding>
        <code value="5"/>
      </valueCoding>
    </answerOption>
  </item>
  <item>
    <linkId value="PROMIS-10_Q06"/>
    <text value="To what extent are you able to carry out your everyday physical activities such as walking, climbing stairs, carrying groceries, or moving a chair?"/>
    <type value="question"/>
    <answerValueSet value="http://molic-avc.gabriellesantosleandro.com/ValueSet/molicavc-promis10-valueset"/>
    <answerOption>
      <valueCoding>
        <code value="6"/>
      </valueCoding>
    </answerOption>
    <answerOption>
      <valueCoding>
        <code value="7"/>
      </valueCoding>
    </answerOption>
    <answerOption>
      <valueCoding>
        <code value="8"/>
      </valueCoding>
    </answerOption>
    <answerOption>
      <valueCoding>
        <code value="9"/>
      </valueCoding>
    </answerOption>
    <answerOption>
      <valueCoding>
        <code value="10"/>
      </valueCoding>
    </answerOption>
  </item>
  <item>
    <linkId value="PROMIS-10_Q10r"/>
    <text value="In the past 7 days, how often have you been bothered by emotional problems such as feeling anxious, depressed or irritable?"/>
    <type value="question"/>
    <answerValueSet value="http://molic-avc.gabriellesantosleandro.com/ValueSet/molicavc-promis10-valueset"/>
    <answerOption>
      <valueCoding>
        <code value="11"/>
      </valueCoding>
    </answerOption>
    <answerOption>
      <valueCoding>
        <code value="12"/>
      </valueCoding>
    </answerOption>
    <answerOption>
      <valueCoding>
        <code value="13"/>
      </valueCoding>
    </answerOption>
    <answerOption>
      <valueCoding>
        <code value="14"/>
      </valueCoding>
    </answerOption>
    <answerOption>
      <valueCoding>
        <code value="15"/>
      </valueCoding>
    </answerOption>
  </item>
  <item>
    <linkId value="PROMIS-10_Qo8r"/>
    <text value="In the past 7 days, how would you rate your fatigue on average?"/>
    <type value="question"/>
    <answerValueSet value="http://molic-avc.gabriellesantosleandro.com/ValueSet/molicavc-promis10-valueset"/>
    <answerOption>
      <valueCoding>
        <code value="16"/>
      </valueCoding>
    </answerOption>
    <answerOption>
      <valueCoding>
        <code value="17"/>
      </valueCoding>
    </answerOption>
    <answerOption>
      <valueCoding>
        <code value="18"/>
      </valueCoding>
    </answerOption>
    <answerOption>
      <valueCoding>
        <code value="19"/>
      </valueCoding>
    </answerOption>
    <answerOption>
      <valueCoding>
        <code value="20"/>
      </valueCoding>
    </answerOption>
  </item>
  <item>
    <linkId value="PROMIS-10_Qo7r"/>
    <text value="In the past 7 days, how would you rate your pain on average?"/>
    <type value="question"/>
    <answerValueSet value="http://molic-avc.gabriellesantosleandro.com/ValueSet/molicavc-promis10-valueset"/>
    <answerOption>
      <valueCoding>
        <code value="21"/>
      </valueCoding>
    </answerOption>
    <answerOption>
      <valueCoding>
        <code value="22"/>
      </valueCoding>
    </answerOption>
    <answerOption>
      <valueCoding>
        <code value="23"/>
      </valueCoding>
    </answerOption>
    <answerOption>
      <valueCoding>
        <code value="24"/>
      </valueCoding>
    </answerOption>
    <answerOption>
      <valueCoding>
        <code value="25"/>
      </valueCoding>
    </answerOption>
    <answerOption>
      <valueCoding>
        <code value="26"/>
      </valueCoding>
    </answerOption>
    <answerOption>
      <valueCoding>
        <code value="27"/>
      </valueCoding>
    </answerOption>
    <answerOption>
      <valueCoding>
        <code value="28"/>
      </valueCoding>
    </answerOption>
    <answerOption>
      <valueCoding>
        <code value="29"/>
      </valueCoding>
    </answerOption>
    <answerOption>
      <valueCoding>
        <code value="30"/>
      </valueCoding>
    </answerOption>
    <answerOption>
      <valueCoding>
        <code value="31"/>
      </valueCoding>
    </answerOption>
  </item>
</Questionnaire>