{
  "resourceType" : "Questionnaire",
  "id" : "MolicAVC-WHODASQuestionnaire",
  "meta" : {
    "profile" : ["https://molic-avc.gabriellesantosleandro.com/StructureDefinition/molicavc-questionnaire-profile"]
  },
  "text" : {
    "status" : "generated",
    "div" : "<div xmlns=\"http://www.w3.org/1999/xhtml\">Placeholder</div>"
  },
  "url" : "https://molic-avc.gabriellesantosleandro.com/Questionnaire/MolicAVC-WHODASQuestionnaire",
  "identifier" : [{
    "use" : "official",
    "value" : "WHODAS",
    "assigner" : {
      "reference" : "ICHOM"
    }
  }],
  "version" : "0.1.0",
  "name" : "whodas20",
  "title" : "Use case of Molic-AVC's WHODAS Questionnaire",
  "status" : "draft",
  "date" : "2023-08-31T16:41:42-03:00",
  "publisher" : "Gabrielle dos Santos Leandro",
  "contact" : [{
    "name" : "Gabrielle dos Santos Leandro",
    "telecom" : [{
      "system" : "url",
      "value" : "https://molic-avc.gabriellesantosleandro.com"
    }]
  }],
  "description" : "This questionnaire asks about difficulties due to health conditions. Health conditions include \r\ndiseases or illnesses, other health problems that may be short or long lasting, injuries, mental or emotional \r\nproblems, and problems with alcohol or drugs. Think back over the past 30 days and answer these questions, thinking \r\nabout how much difficulty you had doing the following activities.",
  "item" : [{
    "linkId" : "S1",
    "text" : "In the past 30 days, how much difficulty did you have in standing for long periods such as 30 minutes?",
    "type" : "question",
    "answerValueSet" : "http://molic-avc.gabriellesantosleandro.com/ValueSet/molicavc-whodas-valueset",
    "answerOption" : [{
      "valueCoding" : {
        "code" : "0"
      }
    },
    {
      "valueCoding" : {
        "code" : "1"
      }
    },
    {
      "valueCoding" : {
        "code" : "2"
      }
    },
    {
      "valueCoding" : {
        "code" : "3"
      }
    },
    {
      "valueCoding" : {
        "code" : "4"
      }
    }]
  },
  {
    "linkId" : "S2",
    "text" : "In the past 30 days, how much difficulty did you have in taking care of your household responsibilities?",
    "type" : "question",
    "answerValueSet" : "http://molic-avc.gabriellesantosleandro.com/ValueSet/molicavc-whodas-valueset",
    "answerOption" : [{
      "valueCoding" : {
        "code" : "0"
      }
    },
    {
      "valueCoding" : {
        "code" : "1"
      }
    },
    {
      "valueCoding" : {
        "code" : "2"
      }
    },
    {
      "valueCoding" : {
        "code" : "3"
      }
    },
    {
      "valueCoding" : {
        "code" : "4"
      }
    }]
  },
  {
    "linkId" : "S3",
    "text" : "In the past 30 days, how much difficulty did you have in learning a new task, for example, learning how to get to a new place?",
    "type" : "question",
    "answerValueSet" : "http://molic-avc.gabriellesantosleandro.com/ValueSet/molicavc-whodas-valueset",
    "answerOption" : [{
      "valueCoding" : {
        "code" : "0"
      }
    },
    {
      "valueCoding" : {
        "code" : "1"
      }
    },
    {
      "valueCoding" : {
        "code" : "2"
      }
    },
    {
      "valueCoding" : {
        "code" : "3"
      }
    },
    {
      "valueCoding" : {
        "code" : "4"
      }
    }]
  },
  {
    "linkId" : "S4",
    "text" : "In the past 30 days, how much of a problem did you have joining in community activities (for example, festivities, religious or other activities) in the same way as anyone else can?",
    "type" : "question",
    "answerValueSet" : "http://molic-avc.gabriellesantosleandro.com/ValueSet/molicavc-whodas-valueset",
    "answerOption" : [{
      "valueCoding" : {
        "code" : "0"
      }
    },
    {
      "valueCoding" : {
        "code" : "1"
      }
    },
    {
      "valueCoding" : {
        "code" : "2"
      }
    },
    {
      "valueCoding" : {
        "code" : "3"
      }
    },
    {
      "valueCoding" : {
        "code" : "4"
      }
    }]
  },
  {
    "linkId" : "S5",
    "text" : "In the past 30 days, how much have you been emotionally affected by your health problems?",
    "type" : "question",
    "answerValueSet" : "http://molic-avc.gabriellesantosleandro.com/ValueSet/molicavc-whodas-valueset",
    "answerOption" : [{
      "valueCoding" : {
        "code" : "0"
      }
    },
    {
      "valueCoding" : {
        "code" : "1"
      }
    },
    {
      "valueCoding" : {
        "code" : "2"
      }
    },
    {
      "valueCoding" : {
        "code" : "3"
      }
    },
    {
      "valueCoding" : {
        "code" : "4"
      }
    }]
  },
  {
    "linkId" : "S6",
    "text" : "In the past 30 days, how much difficulty did you have in concentrating on doing something for ten minutes?",
    "type" : "question",
    "answerValueSet" : "http://molic-avc.gabriellesantosleandro.com/ValueSet/molicavc-whodas-valueset",
    "answerOption" : [{
      "valueCoding" : {
        "code" : "0"
      }
    },
    {
      "valueCoding" : {
        "code" : "1"
      }
    },
    {
      "valueCoding" : {
        "code" : "2"
      }
    },
    {
      "valueCoding" : {
        "code" : "3"
      }
    },
    {
      "valueCoding" : {
        "code" : "4"
      }
    }]
  },
  {
    "linkId" : "S7",
    "text" : "In the past 30 days, how much difficulty did you have in walking a long distance such as a kilometer [or equivalent]?",
    "type" : "question",
    "answerValueSet" : "http://molic-avc.gabriellesantosleandro.com/ValueSet/molicavc-whodas-valueset",
    "answerOption" : [{
      "valueCoding" : {
        "code" : "0"
      }
    },
    {
      "valueCoding" : {
        "code" : "1"
      }
    },
    {
      "valueCoding" : {
        "code" : "2"
      }
    },
    {
      "valueCoding" : {
        "code" : "3"
      }
    },
    {
      "valueCoding" : {
        "code" : "4"
      }
    }]
  },
  {
    "linkId" : "S8",
    "text" : "In the past 30 days, how much difficulty did you have in washing your whole body?",
    "type" : "question",
    "answerValueSet" : "http://molic-avc.gabriellesantosleandro.com/ValueSet/molicavc-whodas-valueset",
    "answerOption" : [{
      "valueCoding" : {
        "code" : "0"
      }
    },
    {
      "valueCoding" : {
        "code" : "1"
      }
    },
    {
      "valueCoding" : {
        "code" : "2"
      }
    },
    {
      "valueCoding" : {
        "code" : "3"
      }
    },
    {
      "valueCoding" : {
        "code" : "4"
      }
    }]
  },
  {
    "linkId" : "S9",
    "text" : "In the past 30 days, how much difficulty did you have in getting dressed?",
    "type" : "question",
    "answerValueSet" : "http://molic-avc.gabriellesantosleandro.com/ValueSet/molicavc-whodas-valueset",
    "answerOption" : [{
      "valueCoding" : {
        "code" : "0"
      }
    },
    {
      "valueCoding" : {
        "code" : "1"
      }
    },
    {
      "valueCoding" : {
        "code" : "2"
      }
    },
    {
      "valueCoding" : {
        "code" : "3"
      }
    },
    {
      "valueCoding" : {
        "code" : "4"
      }
    }]
  },
  {
    "linkId" : "S10",
    "text" : "In the past 30 days, how much difficulty did you have in dealing with people you do not know?",
    "type" : "question",
    "answerValueSet" : "http://molic-avc.gabriellesantosleandro.com/ValueSet/molicavc-whodas-valueset",
    "answerOption" : [{
      "valueCoding" : {
        "code" : "0"
      }
    },
    {
      "valueCoding" : {
        "code" : "1"
      }
    },
    {
      "valueCoding" : {
        "code" : "2"
      }
    },
    {
      "valueCoding" : {
        "code" : "3"
      }
    },
    {
      "valueCoding" : {
        "code" : "4"
      }
    }]
  },
  {
    "linkId" : "S11",
    "text" : "In the past 30 days, how much difficulty did you have in maintaining a friendship?",
    "type" : "question",
    "answerValueSet" : "http://molic-avc.gabriellesantosleandro.com/ValueSet/molicavc-whodas-valueset",
    "answerOption" : [{
      "valueCoding" : {
        "code" : "0"
      }
    },
    {
      "valueCoding" : {
        "code" : "1"
      }
    },
    {
      "valueCoding" : {
        "code" : "2"
      }
    },
    {
      "valueCoding" : {
        "code" : "3"
      }
    },
    {
      "valueCoding" : {
        "code" : "4"
      }
    }]
  },
  {
    "linkId" : "S12",
    "text" : "In the past 30 days, how much difficulty did you have in your day-to-day work?",
    "type" : "question",
    "answerValueSet" : "http://molic-avc.gabriellesantosleandro.com/ValueSet/molicavc-whodas-valueset",
    "answerOption" : [{
      "valueCoding" : {
        "code" : "0"
      }
    },
    {
      "valueCoding" : {
        "code" : "1"
      }
    },
    {
      "valueCoding" : {
        "code" : "2"
      }
    },
    {
      "valueCoding" : {
        "code" : "3"
      }
    },
    {
      "valueCoding" : {
        "code" : "4"
      }
    }]
  }]
}