{
  "package": "guide",
  "version": "0.1.0",
  "fhirVersion": "5.0.0",
  "extensions": [
    {
      "url": "https://molic-avc.gabriellesantosleandro.com/StructureDefinition/live-alone-pre-stroke-extension",
      "title": "Extension of Live Alone Pre-Stroke",
      "types": [
        "CodeableConcept"
      ]
    },
    {
      "url": "https://molic-avc.gabriellesantosleandro.com/StructureDefinition/living-location-pre-stroke-extension",
      "title": "Extension of Patient\u0027s Residence Prior to a Stroke",
      "types": [
        "CodeableConcept"
      ]
    },
    {
      "url": "https://molic-avc.gabriellesantosleandro.com/StructureDefinition/molicavc-alcoholamount-extension",
      "title": "Extension of Alcohol intake amount",
      "types": [
        "integer"
      ]
    },
    {
      "url": "https://molic-avc.gabriellesantosleandro.com/StructureDefinition/molicavc-consciousness-extension",
      "title": "Extension of Consciousness",
      "types": [
        "CodeableConcept",
        "CodeableConcept"
      ]
    },
    {
      "url": "https://molic-avc.gabriellesantosleandro.com/StructureDefinition/molicavc-ethnicity-extension",
      "title": "Extension of Patient Ethnicity",
      "types": [
        "CodeableConcept"
      ]
    },
    {
      "url": "https://molic-avc.gabriellesantosleandro.com/StructureDefinition/molicavc-genderidentity-extension",
      "title": "Extension of Patient Gender Identity",
      "types": [
        "CodeableConcept",
        "CodeableConcept"
      ]
    },
    {
      "url": "https://molic-avc.gabriellesantosleandro.com/StructureDefinition/molicavc-nihss-extension",
      "title": "Extension of Stroke Severity Score based on NIHSS",
      "types": [
        "integer"
      ]
    },
    {
      "url": "https://molic-avc.gabriellesantosleandro.com/StructureDefinition/molicavc-nihsscategory-extension",
      "title": "Extension of Estimated Stroke Severity Category based on NIHSS",
      "types": [
        "CodeableConcept",
        "CodeableConcept"
      ]
    },
    {
      "url": "https://molic-avc.gabriellesantosleandro.com/StructureDefinition/molicavc-race-extension",
      "title": "Extension of Patient Race",
      "types": [
        "CodeableConcept",
        "CodeableConcept"
      ]
    },
    {
      "url": "https://molic-avc.gabriellesantosleandro.com/StructureDefinition/molicavc-sex-extension",
      "title": "Extension of Patient Sex",
      "types": [
        "CodeableConcept",
        "CodeableConcept"
      ]
    },
    {
      "url": "https://molic-avc.gabriellesantosleandro.com/StructureDefinition/molicavc-smokingstatus-extension",
      "title": "Extension of Smoking Status",
      "types": [
        "CodeableConcept",
        "CodeableConcept"
      ]
    },
    {
      "url": "https://molic-avc.gabriellesantosleandro.com/StructureDefinition/molicavc-strokewindow-extension",
      "title": "Extension of Stroke Window",
      "types": [
        "time"
      ]
    },
    {
      "url": "https://molic-avc.gabriellesantosleandro.com/StructureDefinition/molicavc-symptomduration-extension",
      "title": "Extension of Stroke\u0027s Symptom Duration",
      "types": [
        "CodeableConcept",
        "CodeableConcept"
      ]
    }
  ],
  "profiles": {
    "Encounter": [
      {
        "url": "https://molic-avc.gabriellesantosleandro.com/StructureDefinition/molicavc-encounter-profile",
        "title": "Profile of Molic-AVC\u0027s Encounter"
      }
    ],
    "Observation": [
      {
        "url": "https://molic-avc.gabriellesantosleandro.com/StructureDefinition/molicavc-observation-profile",
        "title": "Profile of Molic-AVC\u0027s Observation"
      }
    ],
    "Organization": [
      {
        "url": "https://molic-avc.gabriellesantosleandro.com/StructureDefinition/molicavc-organization-profile",
        "title": "Profile of Molic-AVC\u0027s Organization"
      }
    ],
    "Patient": [
      {
        "url": "https://molic-avc.gabriellesantosleandro.com/StructureDefinition/molicavc-patient-profile",
        "title": "Profile of Molic-AVC\u0027s Patient"
      }
    ],
    "Practitioner": [
      {
        "url": "https://molic-avc.gabriellesantosleandro.com/StructureDefinition/molicavc-practitioner-profile",
        "title": "Profile of Molic-AVC\u0027s Practitioner"
      }
    ],
    "Questionnaire": [
      {
        "url": "https://molic-avc.gabriellesantosleandro.com/StructureDefinition/molicavc-questionnaire-profile",
        "title": "Profile of Molic-AVC\u0027s Questionnaire"
      }
    ],
    "QuestionnaireResponse": [
      {
        "url": "https://molic-avc.gabriellesantosleandro.com/StructureDefinition/molicavc-questionnaireresponse-profile",
        "title": "Profile of Molic-AVC\u0027s QuestionnaireResponse"
      }
    ]
  },
  "usage": {
    "http://hl7.org/fhir/StructureDefinition/elementdefinition-bestpractice": [
      "StructureDefinition.snapshot.element.constraint"
    ],
    "http://hl7.org/fhir/StructureDefinition/elementdefinition-bestpractice-explanation": [
      "StructureDefinition.snapshot.element.constraint"
    ],
    "http://hl7.org/fhir/StructureDefinition/elementdefinition-bindingName": [
      "StructureDefinition.snapshot.element.binding"
    ],
    "http://hl7.org/fhir/StructureDefinition/elementdefinition-isCommonBinding": [
      "StructureDefinition.snapshot.element.binding"
    ],
    "http://hl7.org/fhir/StructureDefinition/elementdefinition-translatable": [
      "StructureDefinition.snapshot.element"
    ],
    "http://hl7.org/fhir/StructureDefinition/structuredefinition-display-hint": [
      "StructureDefinition.snapshot.element"
    ],
    "http://hl7.org/fhir/StructureDefinition/structuredefinition-explicit-type-name": [
      "StructureDefinition.snapshot.element"
    ],
    "http://hl7.org/fhir/StructureDefinition/structuredefinition-fhir-type": [
      "StructureDefinition.snapshot.element.type"
    ],
    "http://hl7.org/fhir/StructureDefinition/structuredefinition-hierarchy": [
      "StructureDefinition.snapshot.element.type"
    ],
    "http://hl7.org/fhir/StructureDefinition/structuredefinition-implements": [
      "StructureDefinition"
    ],
    "http://hl7.org/fhir/StructureDefinition/structuredefinition-type-characteristics": [
      "StructureDefinition"
    ],
    "http://hl7.org/fhir/tools/StructureDefinition/binding-definition": [
      "StructureDefinition.snapshot.element.binding"
    ],
    "http://hl7.org/fhir/tools/StructureDefinition/ig-internal-dependency": [
      "ImplementationGuide.definition"
    ],
    "http://hl7.org/fhir/tools/StructureDefinition/ig-parameter": [
      "ImplementationGuide.definition"
    ],
    "http://hl7.org/fhir/tools/StructureDefinition/implementationguide-dependency-comment": [
      "ImplementationGuide.dependsOn"
    ],
    "http://hl7.org/fhir/tools/StructureDefinition/resource-information": [
      "ImplementationGuide.definition.resource"
    ],
    "https://molic-avc.gabriellesantosleandro.com/StructureDefinition/live-alone-pre-stroke-extension": [
      "Patient"
    ],
    "https://molic-avc.gabriellesantosleandro.com/StructureDefinition/living-location-pre-stroke-extension": [
      "Patient"
    ],
    "https://molic-avc.gabriellesantosleandro.com/StructureDefinition/molicavc-alcoholamount-extension": [
      "Observation"
    ],
    "https://molic-avc.gabriellesantosleandro.com/StructureDefinition/molicavc-consciousness-extension": [
      "Observation"
    ],
    "https://molic-avc.gabriellesantosleandro.com/StructureDefinition/molicavc-ethnicity-extension": [
      "Patient"
    ],
    "https://molic-avc.gabriellesantosleandro.com/StructureDefinition/molicavc-genderidentity-extension": [
      "Patient"
    ],
    "https://molic-avc.gabriellesantosleandro.com/StructureDefinition/molicavc-nihss-extension": [
      "Observation"
    ],
    "https://molic-avc.gabriellesantosleandro.com/StructureDefinition/molicavc-nihsscategory-extension": [
      "Observation"
    ],
    "https://molic-avc.gabriellesantosleandro.com/StructureDefinition/molicavc-race-extension": [
      "Patient"
    ],
    "https://molic-avc.gabriellesantosleandro.com/StructureDefinition/molicavc-sex-extension": [
      "Patient"
    ],
    "https://molic-avc.gabriellesantosleandro.com/StructureDefinition/molicavc-smokingstatus-extension": [
      "Observation"
    ],
    "https://molic-avc.gabriellesantosleandro.com/StructureDefinition/molicavc-strokewindow-extension": [
      "Observation"
    ],
    "https://molic-avc.gabriellesantosleandro.com/StructureDefinition/molicavc-symptomduration-extension": [
      "Observation"
    ]
  }
}