{
  "package": "guide",
  "version": "0.1.0",
  "fhirVersion": "5.0.0",
  "extensions": [
    {
      "url": "https://molic-avc.gabriellesantosleandro.com/StructureDefinition/live-alone-pre-stroke-extension",
      "title": "Live Alone Pre-Stroke Extension",
      "types": [
        "CodeableConcept"
      ]
    },
    {
      "url": "https://molic-avc.gabriellesantosleandro.com/StructureDefinition/living-location-pre-stroke-extension",
      "title": "Patient\u0027s Residence Prior to a Stroke Extension",
      "types": [
        "CodeableConcept"
      ]
    },
    {
      "url": "https://molic-avc.gabriellesantosleandro.com/StructureDefinition/molicavc-ethnicity-extension",
      "title": "Patient Ethnicity Extension",
      "types": [
        "CodeableConcept"
      ]
    },
    {
      "url": "https://molic-avc.gabriellesantosleandro.com/StructureDefinition/molicavc-genderidentity-extension",
      "title": "Patient Gender Extension",
      "types": [
        "CodeableConcept",
        "CodeableConcept"
      ]
    },
    {
      "url": "https://molic-avc.gabriellesantosleandro.com/StructureDefinition/molicavc-race-extension",
      "title": "Patient Race Extension",
      "types": [
        "CodeableConcept",
        "CodeableConcept"
      ]
    },
    {
      "url": "https://molic-avc.gabriellesantosleandro.com/StructureDefinition/molicavc-sex-extension",
      "title": "Patient Sex Extension",
      "types": [
        "CodeableConcept",
        "CodeableConcept"
      ]
    }
  ],
  "profiles": {
    "Encounter": [
      {
        "url": "https://molic-avc.gabriellesantosleandro.com/StructureDefinition/molicavc-encounter-profile",
        "title": "Encounter Profile"
      }
    ],
    "Organization": [
      {
        "url": "https://molic-avc.gabriellesantosleandro.com/StructureDefinition/molicavc-organization-profile",
        "title": "Organization Profile"
      }
    ],
    "Patient": [
      {
        "url": "https://molic-avc.gabriellesantosleandro.com/StructureDefinition/molicavc-patient-profile",
        "title": "Patient Profile"
      }
    ],
    "Practitioner": [
      {
        "url": "https://molic-avc.gabriellesantosleandro.com/StructureDefinition/molicavc-practitioner-profile",
        "title": "Practitioner Profile"
      }
    ]
  },
  "usage": {
    "http://hl7.org/fhir/StructureDefinition/elementdefinition-bestpractice": [
      "StructureDefinition.snapshot.element.constraint"
    ],
    "http://hl7.org/fhir/StructureDefinition/elementdefinition-bestpractice-explanation": [
      "StructureDefinition.snapshot.element.constraint"
    ],
    "http://hl7.org/fhir/StructureDefinition/elementdefinition-bindingName": [
      "StructureDefinition.snapshot.element.binding"
    ],
    "http://hl7.org/fhir/StructureDefinition/elementdefinition-isCommonBinding": [
      "StructureDefinition.snapshot.element.binding"
    ],
    "http://hl7.org/fhir/StructureDefinition/structuredefinition-explicit-type-name": [
      "StructureDefinition.snapshot.element"
    ],
    "http://hl7.org/fhir/StructureDefinition/structuredefinition-fhir-type": [
      "StructureDefinition.snapshot.element.type"
    ],
    "http://hl7.org/fhir/StructureDefinition/structuredefinition-hierarchy": [
      "StructureDefinition.snapshot.element.type"
    ],
    "http://hl7.org/fhir/StructureDefinition/structuredefinition-type-characteristics": [
      "StructureDefinition"
    ],
    "http://hl7.org/fhir/tools/StructureDefinition/binding-definition": [
      "StructureDefinition.snapshot.element.binding"
    ],
    "http://hl7.org/fhir/tools/StructureDefinition/ig-internal-dependency": [
      "ImplementationGuide.definition"
    ],
    "http://hl7.org/fhir/tools/StructureDefinition/ig-parameter": [
      "ImplementationGuide.definition"
    ],
    "http://hl7.org/fhir/tools/StructureDefinition/implementationguide-dependency-comment": [
      "ImplementationGuide.dependsOn"
    ],
    "http://hl7.org/fhir/tools/StructureDefinition/resource-information": [
      "ImplementationGuide.definition.resource"
    ],
    "https://molic-avc.gabriellesantosleandro.com/StructureDefinition/live-alone-pre-stroke-extension": [
      "Patient"
    ],
    "https://molic-avc.gabriellesantosleandro.com/StructureDefinition/living-location-pre-stroke-extension": [
      "Patient"
    ],
    "https://molic-avc.gabriellesantosleandro.com/StructureDefinition/molicavc-ethnicity-extension": [
      "Patient"
    ],
    "https://molic-avc.gabriellesantosleandro.com/StructureDefinition/molicavc-genderidentity-extension": [
      "Patient"
    ],
    "https://molic-avc.gabriellesantosleandro.com/StructureDefinition/molicavc-race-extension": [
      "Patient"
    ],
    "https://molic-avc.gabriellesantosleandro.com/StructureDefinition/molicavc-sex-extension": [
      "Patient"
    ]
  }
}