{
  "package": "guide",
  "version": "1.0.1",
  "fhirVersion": "5.0.0",
  "extensions": [
    {
      "url": "https://molic-avc.gabriellesantosleandro.com/StructureDefinition/AlcoholAmountExtension",
      "title": "Extension of Alcohol intake amount",
      "types": [
        "integer"
      ]
    },
    {
      "url": "https://molic-avc.gabriellesantosleandro.com/StructureDefinition/Est-StrokeSevNIHSSCatExtension",
      "title": "Extension of Estimated Stroke Severity Category based on NIHSS",
      "types": [
        "CodeableConcept",
        "CodeableConcept"
      ]
    },
    {
      "url": "https://molic-avc.gabriellesantosleandro.com/StructureDefinition/EthnicityExtension",
      "title": "Extension of Patient Ethnicity",
      "types": [
        "CodeableConcept",
        "CodeableConcept"
      ]
    },
    {
      "url": "https://molic-avc.gabriellesantosleandro.com/StructureDefinition/GenderIdentityExtension",
      "title": "Extension of Patient Gender Identity",
      "types": [
        "CodeableConcept",
        "CodeableConcept"
      ]
    },
    {
      "url": "https://molic-avc.gabriellesantosleandro.com/StructureDefinition/LiveAlonePreExtension",
      "title": "Extension of Live Alone Pre-Stroke",
      "types": [
        "CodeableConcept",
        "CodeableConcept"
      ]
    },
    {
      "url": "https://molic-avc.gabriellesantosleandro.com/StructureDefinition/LivingLocPreExtension",
      "title": "Extension of Patient\u0027s Residence Prior to a Stroke",
      "types": [
        "CodeableConcept",
        "CodeableConcept"
      ]
    },
    {
      "url": "https://molic-avc.gabriellesantosleandro.com/StructureDefinition/RaceExtension",
      "title": "Extension of Race",
      "types": [
        "CodeableConcept"
      ]
    },
    {
      "url": "https://molic-avc.gabriellesantosleandro.com/StructureDefinition/SmokingStatusExtension",
      "title": "Extension of Smoking Status",
      "types": [
        "CodeableConcept",
        "CodeableConcept"
      ]
    },
    {
      "url": "https://molic-avc.gabriellesantosleandro.com/StructureDefinition/StrokeSev-NIHSS-Extension",
      "title": "Extension of Stroke Severity Score based on NIHSS",
      "types": [
        "integer"
      ]
    },
    {
      "url": "https://molic-avc.gabriellesantosleandro.com/StructureDefinition/StrokeSevLocExtension",
      "title": "Extension of Consciousness",
      "types": [
        "CodeableConcept",
        "CodeableConcept"
      ]
    },
    {
      "url": "https://molic-avc.gabriellesantosleandro.com/StructureDefinition/SymtDurExtension",
      "title": "Extension of Stroke\u0027s Symptom Duration",
      "types": [
        "CodeableConcept",
        "CodeableConcept"
      ]
    },
    {
      "url": "https://molic-avc.gabriellesantosleandro.com/StructureDefinition/molicavc-strokewindow-extension",
      "title": "Extension of Stroke Window",
      "types": [
        "time"
      ]
    }
  ],
  "profiles": {
    "Patient": [
      {
        "url": "https://molic-avc.gabriellesantosleandro.com/StructureDefinition/StrokePatient",
        "title": "Stroke Patient Profile"
      }
    ],
    "Encounter": [
      {
        "url": "https://molic-avc.gabriellesantosleandro.com/StructureDefinition/molicavc-encounter-profile",
        "title": "Profile of Molic-AVC\u0027s Encounter"
      }
    ],
    "Observation": [
      {
        "url": "https://molic-avc.gabriellesantosleandro.com/StructureDefinition/molicavc-observation-profile",
        "title": "Profile of Molic-AVC\u0027s Observation"
      }
    ],
    "Organization": [
      {
        "url": "https://molic-avc.gabriellesantosleandro.com/StructureDefinition/molicavc-organization-profile",
        "title": "Profile of Molic-AVC\u0027s Organization"
      }
    ],
    "Practitioner": [
      {
        "url": "https://molic-avc.gabriellesantosleandro.com/StructureDefinition/molicavc-practitioner-profile",
        "title": "Profile of Molic-AVC\u0027s Practitioner"
      }
    ]
  },
  "usage": {
    "http://hl7.org/fhir/StructureDefinition/elementdefinition-bestpractice": [
      "StructureDefinition.snapshot.element.constraint"
    ],
    "http://hl7.org/fhir/StructureDefinition/elementdefinition-bestpractice-explanation": [
      "StructureDefinition.snapshot.element.constraint"
    ],
    "http://hl7.org/fhir/StructureDefinition/elementdefinition-bindingName": [
      "StructureDefinition.snapshot.element.binding"
    ],
    "http://hl7.org/fhir/StructureDefinition/elementdefinition-isCommonBinding": [
      "StructureDefinition.snapshot.element.binding"
    ],
    "http://hl7.org/fhir/StructureDefinition/structuredefinition-display-hint": [
      "StructureDefinition.snapshot.element"
    ],
    "http://hl7.org/fhir/StructureDefinition/structuredefinition-explicit-type-name": [
      "StructureDefinition.snapshot.element"
    ],
    "http://hl7.org/fhir/StructureDefinition/structuredefinition-fhir-type": [
      "StructureDefinition.snapshot.element.type"
    ],
    "http://hl7.org/fhir/StructureDefinition/structuredefinition-hierarchy": [
      "StructureDefinition.snapshot.element.type"
    ],
    "http://hl7.org/fhir/StructureDefinition/structuredefinition-type-characteristics": [
      "StructureDefinition"
    ],
    "http://hl7.org/fhir/StructureDefinition/variable": [
      "Questionnaire.item.item"
    ],
    "http://hl7.org/fhir/tools/StructureDefinition/binding-definition": [
      "StructureDefinition.snapshot.element.binding"
    ],
    "http://hl7.org/fhir/tools/StructureDefinition/ig-internal-dependency": [
      "ImplementationGuide.definition"
    ],
    "http://hl7.org/fhir/tools/StructureDefinition/implementationguide-dependency-comment": [
      "ImplementationGuide.dependsOn"
    ],
    "http://hl7.org/fhir/tools/StructureDefinition/resource-information": [
      "ImplementationGuide.definition.resource"
    ],
    "http://hl7.org/fhir/uv/sdc/StructureDefinition/sdc-questionnaire-initialExpression": [
      "Questionnaire.item.item"
    ],
    "http://hl7.org/fhir/uv/sdc/StructureDefinition/sdc-questionnaire-launchContext": [
      "Questionnaire"
    ],
    "https://molic-avc.gabriellesantosleandro.com/StructureDefinition/AlcoholAmountExtension": [
      "Observation"
    ],
    "https://molic-avc.gabriellesantosleandro.com/StructureDefinition/Est-StrokeSevNIHSSCatExtension": [
      "Observation"
    ],
    "https://molic-avc.gabriellesantosleandro.com/StructureDefinition/EthnicityExtension": [
      "Patient"
    ],
    "https://molic-avc.gabriellesantosleandro.com/StructureDefinition/GenderIdentityExtension": [
      "Patient"
    ],
    "https://molic-avc.gabriellesantosleandro.com/StructureDefinition/LiveAlonePreExtension": [
      "Patient"
    ],
    "https://molic-avc.gabriellesantosleandro.com/StructureDefinition/LivingLocPreExtension": [
      "Patient"
    ],
    "https://molic-avc.gabriellesantosleandro.com/StructureDefinition/RaceExtension": [
      "Patient"
    ],
    "https://molic-avc.gabriellesantosleandro.com/StructureDefinition/SmokingStatusExtension": [
      "Observation"
    ],
    "https://molic-avc.gabriellesantosleandro.com/StructureDefinition/StrokeSev-NIHSS-Extension": [
      "Observation"
    ],
    "https://molic-avc.gabriellesantosleandro.com/StructureDefinition/StrokeSevLocExtension": [
      "Observation"
    ],
    "https://molic-avc.gabriellesantosleandro.com/StructureDefinition/SymtDurExtension": [
      "Observation"
    ],
    "https://molic-avc.gabriellesantosleandro.com/StructureDefinition/molicavc-strokewindow-extension": [
      "Observation"
    ]
  }
}