<?xml version="1.0" encoding="UTF-8"?>

<ValueSet xmlns="http://hl7.org/fhir">
  <id value="molicavc-ethnicity-valueset"/>
  <text>
    <status value="generated"/><div xmlns="http://www.w3.org/1999/xhtml">Placeholder</div>
  </text>
  <url value="https://molic-avc.gabriellesantosleandro.com/ValueSet/molicavc-ethnicity-valueset"/>
  <version value="0.1.0"/>
  <name value="MolicAVC_EthnicityValueSet"/>
  <title value="ValueSet of Patient Ethnicity"/>
  <status value="draft"/>
  <date value="2023-08-31T16:41:42-03:00"/>
  <publisher value="Gabrielle dos Santos Leandro"/>
  <contact>
    <name value="Gabrielle dos Santos Leandro"/>
    <telecom>
      <system value="url"/>
      <value value="https://molic-avc.gabriellesantosleandro.com"/>
    </telecom>
  </contact>
  <description value="Patient's Ethnicity captures the cultural background or heritage individuals identify with most closely. It is recorded based on local standards in the geographic region and self-reported by the patient. Although optional, ICHOM strongly encourages collecting this inclusive information to address health disparities while ensuring confidentiality. . Responses are coded using LOINC standards."/>
  <compose>
    <include>
      <system value="http://loinc.org"/>
      <concept>
        <code value="21028-6"/>
        <display value="Hispanic or Latino Ethnicity"/>
      </concept>
      <concept>
        <code value="2028-9"/>
        <display value="Non-Hispanic or Latino Ethnicity"/>
      </concept>
      <concept>
        <code value="32626-4"/>
        <display value="White Ethnicity"/>
      </concept>
      <concept>
        <code value="32623-1"/>
        <display value="African Ethnicity"/>
      </concept>
      <concept>
        <code value="80832-0"/>
        <display value="Afrodescendant Ethnicity (South America)"/>
      </concept>
      <concept>
        <code value="32620-7"/>
        <display value="Indigenous Ethnicity (Global)"/>
      </concept>
      <concept>
        <code value="32622-3"/>
        <display value="Asian Ethnicity"/>
      </concept>
      <concept>
        <code value="32621-5"/>
        <display value="Aboriginal Ethnicity"/>
      </concept>
      <concept>
        <code value="32627-2"/>
        <display value="Middle Eastern Ethnicity"/>
      </concept>
      <concept>
        <code value="32629-8"/>
        <display value="Pacific Islander Ethnicity"/>
      </concept>
      <concept>
        <code value="2029-7"/>
        <display value="Other Ethnicity"/>
      </concept>
    </include>
  </compose>
</ValueSet>