{
  "resourceType" : "ValueSet",
  "id" : "molicavc-consciousness-valueset",
  "text" : {
    "status" : "generated",
    "div" : "<div xmlns=\"http://www.w3.org/1999/xhtml\">Placeholder</div>"
  },
  "url" : "https://molic-avc.gabriellesantosleandro.com/ValueSet/molicavc-consciousness-valueset",
  "version" : "0.1.0",
  "name" : "MolicAVC_ConsciousnessValueSet",
  "title" : "ValueSet of Consciousness",
  "status" : "draft",
  "date" : "2023-09-08T18:23:11-03:00",
  "publisher" : "Gabrielle dos Santos Leandro",
  "contact" : [{
    "name" : "Gabrielle dos Santos Leandro",
    "telecom" : [{
      "system" : "url",
      "value" : "https://molic-avc.gabriellesantosleandro.com"
    }]
  }],
  "description" : "This ValueSet indicates the patient’s level of consciousness measured on hospitalar arrival.",
  "compose" : {
    "include" : [{
      "system" : "https://connect.ichom.org/patient-centered-outcome-measures/stroke/consciousness/",
      "concept" : [{
        "code" : "0",
        "display" : "0 = Fully awake"
      },
      {
        "code" : "1",
        "display" : "1 = Somnolent"
      },
      {
        "code" : "2",
        "display" : "2 = Coma"
      },
      {
        "code" : "999",
        "display" : "999 = Unknown"
      }]
    }]
  }
}