{
  "resourceType" : "ValueSet",
  "id" : "molicavc-sex-valueset",
  "text" : {
    "status" : "generated",
    "div" : "<div xmlns=\"http://www.w3.org/1999/xhtml\"><ul><li>Include these codes as defined in <code>https://connect.ichom.org/patient-centered-outcome-measures/stroke</code><table class=\"none\"><tr><td style=\"white-space:nowrap\"><b>Code</b></td><td><b>Display</b></td></tr><tr><td>1</td><td>Male</td></tr><tr><td>2</td><td>Female</td></tr><tr><td>3</td><td>Other</td></tr><tr><td>4</td><td>Undisclosed</td></tr></table></li></ul></div>"
  },
  "url" : "https://molic-avc.gabriellesantosleandro.com/ValueSet/molicavc-sex-valueset",
  "version" : "0.1.0",
  "name" : "MolicAVC_SexValueSet",
  "title" : "Sex ValueSet",
  "status" : "draft",
  "date" : "2023-08-29T02:44:39-03:00",
  "publisher" : "Gabrielle dos Santos Leandro",
  "contact" : [{
    "name" : "Gabrielle dos Santos Leandro",
    "telecom" : [{
      "system" : "url",
      "value" : "https://molic-avc.gabriellesantosleandro.com"
    }]
  }],
  "description" : "Value set for the patient's sex at birth according to the ICHOM standard.",
  "compose" : {
    "include" : [{
      "system" : "https://connect.ichom.org/patient-centered-outcome-measures/stroke",
      "concept" : [{
        "code" : "1",
        "display" : "Male"
      },
      {
        "code" : "2",
        "display" : "Female"
      },
      {
        "code" : "3",
        "display" : "Other"
      },
      {
        "code" : "4",
        "display" : "Undisclosed"
      }]
    }]
  }
}