{
  "resourceType" : "ValueSet",
  "id" : "molicavc-promis10-valueset",
  "text" : {
    "status" : "generated",
    "div" : "<div xmlns=\"http://www.w3.org/1999/xhtml\">Placeholder</div>"
  },
  "url" : "https://molic-avc.gabriellesantosleandro.com/ValueSet/molicavc-promis10-valueset",
  "version" : "0.1.0",
  "name" : "MolicAVC_PROMIS10_ValueSet",
  "title" : "ValueSet of PROMIS-10 Response Questionnaire",
  "status" : "draft",
  "date" : "2023-08-31T16:41:42-03:00",
  "publisher" : "Gabrielle dos Santos Leandro",
  "contact" : [{
    "name" : "Gabrielle dos Santos Leandro",
    "telecom" : [{
      "system" : "url",
      "value" : "https://molic-avc.gabriellesantosleandro.com"
    }]
  }],
  "description" : "This ValueSet defines the response values for the PROMIS-10 (Patient-Reported Outcomes Measurement Information System 10-item short form) Questionnaire.",
  "compose" : {
    "include" : [{
      "system" : "https://connect.ichom.org/patient-centered-outcome-measures/stroke",
      "concept" : [{
        "code" : "1",
        "display" : "Poor"
      },
      {
        "code" : "2",
        "display" : "Fair"
      },
      {
        "code" : "3",
        "display" : "Good"
      },
      {
        "code" : "4",
        "display" : "Very Good"
      },
      {
        "code" : "5",
        "display" : "Excellent"
      },
      {
        "code" : "6",
        "display" : "Completely"
      },
      {
        "code" : "7",
        "display" : "Mostly"
      },
      {
        "code" : "8",
        "display" : "Moderately"
      },
      {
        "code" : "9",
        "display" : "A little"
      },
      {
        "code" : "10",
        "display" : "Not at all"
      },
      {
        "code" : "11",
        "display" : "Always"
      },
      {
        "code" : "12",
        "display" : "Often"
      },
      {
        "code" : "13",
        "display" : "Sometimes"
      },
      {
        "code" : "14",
        "display" : "Rarely"
      },
      {
        "code" : "15",
        "display" : "Never"
      },
      {
        "code" : "16",
        "display" : "None"
      },
      {
        "code" : "17",
        "display" : "Mild"
      },
      {
        "code" : "18",
        "display" : "Moderate"
      },
      {
        "code" : "19",
        "display" : "Severe"
      },
      {
        "code" : "20",
        "display" : "Very Severe"
      },
      {
        "code" : "21",
        "display" : "0: No pain"
      },
      {
        "code" : "22",
        "display" : "1: Very mild pain"
      },
      {
        "code" : "23",
        "display" : "2: Discomforting"
      },
      {
        "code" : "24",
        "display" : "3: Tolerable"
      },
      {
        "code" : "25",
        "display" : "4: Distressing"
      },
      {
        "code" : "26",
        "display" : "5: Very distressing"
      },
      {
        "code" : "27",
        "display" : "6: Intense"
      },
      {
        "code" : "28",
        "display" : "7: Very intense"
      },
      {
        "code" : "29",
        "display" : "8: Utterly horrible"
      },
      {
        "code" : "30",
        "display" : "9: Excruciating unbearable pain"
      },
      {
        "code" : "31",
        "display" : "10: Unspeakable pain"
      }]
    }]
  }
}