<?xml version="1.0" encoding="UTF-8"?>

<ValueSet xmlns="http://hl7.org/fhir">
  <id value="hospital-department-valueset"/>
  <text>
    <status value="generated"/><div xmlns="http://www.w3.org/1999/xhtml"><ul><li>Include these codes as defined in <code>https://molic-avc.gabriellesantosleandro.com/ValueSet/hospital-department-valueset/</code><table class="none"><tr><td style="white-space:nowrap"><b>Code</b></td><td><b>Display</b></td></tr><tr><td>1</td><td>Emergency Unit</td></tr><tr><td>2</td><td>Accute Stroke Unit</td></tr><tr><td>3</td><td>Intensive Care Unit</td></tr><tr><td>4</td><td>Surgery Unit</td></tr><tr><td>5</td><td>Integral Stroke Unit</td></tr><tr><td>6</td><td>Imaging Department</td></tr><tr><td>7</td><td>Other Department in the Hospital</td></tr><tr><td>999</td><td>Unknown</td></tr></table></li></ul></div>
  </text>
  <url value="https://molic-avc.gabriellesantosleandro.com/ValueSet/hospital-department-valueset"/>
  <version value="1.0.1"/>
  <name value="HospitalDepartment_ValueSet"/>
  <title value="ValueSet for Hospital Department"/>
  <status value="active"/>
  <date value="2023-11-21T19:08:35-03:00"/>
  <publisher value="Gabrielle dos Santos Leandro"/>
  <contact>
    <name value="Gabrielle dos Santos Leandro"/>
    <telecom>
      <system value="url"/>
      <value value="https://gabriellesantosleandro.com"/>
    </telecom>
    <telecom>
      <system value="email"/>
      <value value="gabrielle.santos.leandro@gmail.com"/>
    </telecom>
  </contact>
  <contact>
    <name value="Gabrielle dos Santos Leandro"/>
    <telecom>
      <system value="url"/>
      <value value="https://gabriellesantosleandro.com.br"/>
      <use value="work"/>
    </telecom>
    <telecom>
      <system value="email"/>
      <value value="gabrielle.santos.leandro@gmail.com"/>
      <use value="work"/>
    </telecom>
  </contact>
  <description value="This ValueSet includes the hospital departments responsible for taking care of stroke patients."/>
  <compose>
    <include>
      <system value="https://molic-avc.gabriellesantosleandro.com/ValueSet/hospital-department-valueset/"/>
      <concept>
        <code value="1"/>
        <display value="Emergency Unit"/>
      </concept>
      <concept>
        <code value="2"/>
        <display value="Accute Stroke Unit"/>
      </concept>
      <concept>
        <code value="3"/>
        <display value="Intensive Care Unit"/>
      </concept>
      <concept>
        <code value="4"/>
        <display value="Surgery Unit"/>
      </concept>
      <concept>
        <code value="5"/>
        <display value="Integral Stroke Unit"/>
      </concept>
      <concept>
        <code value="6"/>
        <display value="Imaging Department"/>
      </concept>
      <concept>
        <code value="7"/>
        <display value="Other Department in the Hospital"/>
      </concept>
      <concept>
        <code value="999"/>
        <display value="Unknown"/>
      </concept>
    </include>
  </compose>
</ValueSet>