<?xml version="1.0" encoding="UTF-8"?>

<ValueSet xmlns="http://hl7.org/fhir">
  <id value="molicavc-eq5d3l-valueset"/>
  <text>
    <status value="generated"/><div xmlns="http://www.w3.org/1999/xhtml">Placeholder</div>
  </text>
  <url value="https://molic-avc.gabriellesantosleandro.com/ValueSet/molicavc-eq5d3l-valueset"/>
  <version value="0.1.0"/>
  <name value="MolicAVC_EQ5D3L_ValueSet"/>
  <title value="ValueSet of EQ-5D-3L Response Questionnaire"/>
  <status value="draft"/>
  <date value="2023-08-31T16:41:42-03:00"/>
  <publisher value="Gabrielle dos Santos Leandro"/>
  <contact>
    <name value="Gabrielle dos Santos Leandro"/>
    <telecom>
      <system value="url"/>
      <value value="https://molic-avc.gabriellesantosleandro.com"/>
    </telecom>
  </contact>
  <description value="This ValueSet defines the response values for the EQ-5D-3L Questionnaire."/>
  <compose>
    <include>
      <system value="https://connect.ichom.org/patient-centered-outcome-measures/stroke"/>
      <concept>
        <code value="1"/>
        <display value="I have no problems in walking about."/>
      </concept>
      <concept>
        <code value="2"/>
        <display value="I have some problems in walking about."/>
      </concept>
      <concept>
        <code value="3"/>
        <display value="I am confined to bed."/>
      </concept>
      <concept>
        <code value="4"/>
        <display value="I have no problems with self-care."/>
      </concept>
      <concept>
        <code value="5"/>
        <display value="I have some problems washing or dressing myself."/>
      </concept>
      <concept>
        <code value="6"/>
        <display value="I am unable to wash or dress myself."/>
      </concept>
      <concept>
        <code value="7"/>
        <display value="I have no problems with performing my usual activities."/>
      </concept>
      <concept>
        <code value="8"/>
        <display value="I have some problems with performing my usual activities."/>
      </concept>
      <concept>
        <code value="9"/>
        <display value="I am unable to perform my usual activities."/>
      </concept>
      <concept>
        <code value="10"/>
        <display value="I have no pain or discomfort."/>
      </concept>
      <concept>
        <code value="11"/>
        <display value="I have moderate pain or discomfort."/>
      </concept>
      <concept>
        <code value="12"/>
        <display value="I have extreme pain or discomfort."/>
      </concept>
      <concept>
        <code value="13"/>
        <display value="I am not anxious or depressed."/>
      </concept>
      <concept>
        <code value="14"/>
        <display value="I am moderately anxious or depressed."/>
      </concept>
      <concept>
        <code value="15"/>
        <display value="I am extremely anxious or depressed."/>
      </concept>
      <concept>
        <code value="16"/>
        <display value="From 0 to 10."/>
      </concept>
      <concept>
        <code value="17"/>
        <display value="From 11 to 20."/>
      </concept>
      <concept>
        <code value="18"/>
        <display value="From 21 to 30."/>
      </concept>
      <concept>
        <code value="19"/>
        <display value="From 31 to 40."/>
      </concept>
      <concept>
        <code value="20"/>
        <display value="From 41 to 50."/>
      </concept>
      <concept>
        <code value="21"/>
        <display value="From 51 to 60."/>
      </concept>
      <concept>
        <code value="22"/>
        <display value="From 61 to 70."/>
      </concept>
      <concept>
        <code value="23"/>
        <display value="From 71 to 80."/>
      </concept>
      <concept>
        <code value="24"/>
        <display value="From 81 to 90."/>
      </concept>
      <concept>
        <code value="25"/>
        <display value="From 91 to 100."/>
      </concept>
    </include>
  </compose>
</ValueSet>