{
  "resourceType" : "ValueSet",
  "id" : "professionalcode-valueset",
  "text" : {
    "status" : "generated",
    "div" : "<div xmlns=\"http://www.w3.org/1999/xhtml\"><ul><li>Include these codes as defined in <code>https://molic-avc.gabriellesantosleandro.com/ValueSet/professionalcode-valueset/</code><table class=\"none\"><tr><td style=\"white-space:nowrap\"><b>Code</b></td><td><b>Display</b></td></tr><tr><td>CRM</td><td>CRM - Conselho Regional de Medicina</td></tr><tr><td>COREN</td><td>COREN - Conselho Regional de Enfermagem</td></tr><tr><td>CRN</td><td>CRN - Conselho Regional de Nutrição</td></tr><tr><td>COFFITO</td><td>COFFITO - Conselho Federal de Fisioterapia e Terapia Ocupacional</td></tr><tr><td>CRP</td><td>CRP - Conselho Regional de Psicologia</td></tr><tr><td>LocalRegister</td><td>Local Register - Receptionist</td></tr></table></li></ul></div>"
  },
  "url" : "https://molic-avc.gabriellesantosleandro.com/ValueSet/professionalcode-valueset",
  "version" : "1.0.1",
  "name" : "ProfessionalCode_ValueSet",
  "title" : "ValueSet of Professional Code",
  "status" : "active",
  "date" : "2023-11-21T19:08:35-03:00",
  "publisher" : "Gabrielle dos Santos Leandro",
  "contact" : [{
    "name" : "Gabrielle dos Santos Leandro",
    "telecom" : [{
      "system" : "url",
      "value" : "https://gabriellesantosleandro.com"
    },
    {
      "system" : "email",
      "value" : "gabrielle.santos.leandro@gmail.com"
    }]
  },
  {
    "name" : "Gabrielle dos Santos Leandro",
    "telecom" : [{
      "system" : "url",
      "value" : "https://gabriellesantosleandro.com.br",
      "use" : "work"
    },
    {
      "system" : "email",
      "value" : "gabrielle.santos.leandro@gmail.com",
      "use" : "work"
    }]
  }],
  "description" : "This ValueSet is integral to the Molic-AVC project and details codes for professionals serving stroke patients in Brazil.",
  "compose" : {
    "include" : [{
      "system" : "https://molic-avc.gabriellesantosleandro.com/ValueSet/professionalcode-valueset/",
      "concept" : [{
        "code" : "CRM",
        "display" : "CRM - Conselho Regional de Medicina"
      },
      {
        "code" : "COREN",
        "display" : "COREN - Conselho Regional de Enfermagem"
      },
      {
        "code" : "CRN",
        "display" : "CRN - Conselho Regional de Nutrição"
      },
      {
        "code" : "COFFITO",
        "display" : "COFFITO - Conselho Federal de Fisioterapia e Terapia Ocupacional"
      },
      {
        "code" : "CRP",
        "display" : "CRP - Conselho Regional de Psicologia"
      },
      {
        "code" : "LocalRegister",
        "display" : "Local Register - Receptionist"
      }]
    }]
  }
}