{
  "resourceType" : "ValueSet",
  "id" : "molicavc-ethnicity-valueset",
  "text" : {
    "status" : "generated",
    "div" : "<div xmlns=\"http://www.w3.org/1999/xhtml\">Placeholder</div>"
  },
  "url" : "https://molic-avc.gabriellesantosleandro.com/ValueSet/molicavc-ethnicity-valueset",
  "version" : "0.1.0",
  "name" : "MolicAVC_EthnicityValueSet",
  "title" : "ValueSet of Patient Ethnicity",
  "status" : "draft",
  "date" : "2023-09-08T18:23:11-03:00",
  "publisher" : "Gabrielle dos Santos Leandro",
  "contact" : [{
    "name" : "Gabrielle dos Santos Leandro",
    "telecom" : [{
      "system" : "url",
      "value" : "https://molic-avc.gabriellesantosleandro.com"
    }]
  }],
  "description" : "Patient's Ethnicity captures the cultural background or heritage individuals identify with most closely. It is recorded based on local standards in the geographic region and self-reported by the patient. Although optional, ICHOM strongly encourages collecting this inclusive information to address health disparities while ensuring confidentiality. . Responses are coded using LOINC standards.",
  "compose" : {
    "include" : [{
      "system" : "http://loinc.org",
      "concept" : [{
        "code" : "21028-6",
        "display" : "Hispanic or Latino Ethnicity"
      },
      {
        "code" : "2028-9",
        "display" : "Non-Hispanic or Latino Ethnicity"
      },
      {
        "code" : "32626-4",
        "display" : "White Ethnicity"
      },
      {
        "code" : "32623-1",
        "display" : "African Ethnicity"
      },
      {
        "code" : "80832-0",
        "display" : "Afrodescendant Ethnicity (South America)"
      },
      {
        "code" : "32620-7",
        "display" : "Indigenous Ethnicity (Global)"
      },
      {
        "code" : "32622-3",
        "display" : "Asian Ethnicity"
      },
      {
        "code" : "32621-5",
        "display" : "Aboriginal Ethnicity"
      },
      {
        "code" : "32629-8",
        "display" : "Pacific Islander Ethnicity"
      },
      {
        "code" : "2029-7",
        "display" : "Other Ethnicity"
      },
      {
        "code" : "32627-2",
        "display" : "Unknown"
      }]
    }]
  }
}