{
  "resourceType" : "ValueSet",
  "id" : "molicavc-code-healthcare-unit-valueset",
  "text" : {
    "status" : "generated",
    "div" : "<div xmlns=\"http://www.w3.org/1999/xhtml\">Placeholder</div>"
  },
  "url" : "https://molic-avc.gabriellesantosleandro.com/ValueSet/molicavc-code-healthcare-unit-valueset",
  "version" : "0.1.0",
  "name" : "MolicAVC_CodeHealthcareUnitValueSet",
  "title" : "ValueSet of Healthcare Unit Code",
  "status" : "draft",
  "date" : "2023-08-31T16:41:42-03:00",
  "publisher" : "Gabrielle dos Santos Leandro",
  "contact" : [{
    "name" : "Gabrielle dos Santos Leandro",
    "telecom" : [{
      "system" : "url",
      "value" : "https://molic-avc.gabriellesantosleandro.com"
    }]
  }],
  "description" : "This ValueSet details codes for healthcare units serving stroke patients in Brazil.",
  "compose" : {
    "include" : [{
      "system" : "https://molic-avc.gabriellesantosleandro.com/ValueSet/molicavc-code_healthunit-valueset/",
      "concept" : [{
        "code" : "UBSF",
        "display" : "Public Primary Care (CNES - Cadastro Nacional de Estabelecimento Único)"
      },
      {
        "code" : "STROKEHOSP",
        "display" : "Public Reference Hospital (CNES - Cadastro Nacional de Estabelecimento Único)"
      },
      {
        "code" : "NONSTROKEHOSP",
        "display" : "Public Non-Reference Hospital (CNES - Cadastro Nacional de Estabelecimento Único)"
      },
      {
        "code" : "UPA",
        "display" : "Public Emergency Unit (CNES - Cadastro Nacional de Estabelecimento Único)"
      },
      {
        "code" : "SAMU",
        "display" : "Public Ambulance (CNES - Cadastro Nacional de Estabelecimento Único)"
      },
      {
        "code" : "REAB",
        "display" : "Public Rehabilitation Unit (CNES - Cadastro Nacional de Estabelecimento Único)"
      },
      {
        "code" : "OTHER",
        "display" : "Public Rehabilitation Unit (CNES - Cadastro Nacional de Estabelecimento Único)"
      },
      {
        "code" : "PRIVATE",
        "display" : "Private Healthcare Service: Other Code"
      }]
    }]
  }
}