<?xml version="1.0" encoding="UTF-8"?>

<ValueSet xmlns="http://hl7.org/fhir">
  <id value="live-alone-pre-stroke"/>
  <text>
    <status value="generated"/><div xmlns="http://www.w3.org/1999/xhtml">Placeholder</div>
  </text>
  <url value="https://molic-avc.gabriellesantosleandro.com/ValueSet/live-alone-pre-stroke"/>
  <version value="0.1.0"/>
  <name value="MolicAVC_LiveAlonePreStrokeValueSet"/>
  <title value="ValueSet of Live Alone Pre-Stroke"/>
  <status value="draft"/>
  <date value="2023-09-08T18:23:11-03:00"/>
  <publisher value="Gabrielle dos Santos Leandro"/>
  <contact>
    <name value="Gabrielle dos Santos Leandro"/>
    <telecom>
      <system value="url"/>
      <value value="https://molic-avc.gabriellesantosleandro.com"/>
    </telecom>
  </contact>
  <description value="ValueSet indicating whether a patient lived alone prior to a stroke event based on ICHOM terminology."/>
  <compose>
    <include>
      <system value="https://connect.ichom.org/patient-centered-outcome-measures/stroke/livealoneprestroke/"/>
      <concept>
        <code value="1"/>
        <display value="Yes, I lived alone"/>
      </concept>
      <concept>
        <code value="2"/>
        <display value="No, I shared my household with a spouse/partner or another person (e.g. sibling, children, parents)"/>
      </concept>
      <concept>
        <code value="999"/>
        <display value="Unknown"/>
      </concept>
    </include>
  </compose>
</ValueSet>