<?xml version="1.0" encoding="UTF-8"?>

<ValueSet xmlns="http://hl7.org/fhir">
  <id value="StrokeAmbVS"/>
  <text>
    <status value="generated"/><div xmlns="http://www.w3.org/1999/xhtml"><ul><li>Include these codes as defined in <code>https://connect.ichom.org/patient-centered-outcome-measures/stroke/functionalaspectsrehabilitation/</code><table class="none"><tr><td style="white-space:nowrap"><b>Code</b></td><td><b>Display</b></td></tr><tr><td>1</td><td>Able to walk without help from another person with or without a device.</td></tr><tr><td>2</td><td>Able to walk with help from another person.</td></tr><tr><td>3</td><td>Unable to walk.</td></tr></table></li></ul></div>
  </text>
  <url value="https://molic-avc.gabriellesantosleandro.com/ValueSet/StrokeAmbVS"/>
  <version value="1.0.1"/>
  <name value="StrokeAmbVS"/>
  <title value="ValueSet of Prestroke and Poststroke Functional Status: Ambulation"/>
  <status value="active"/>
  <date value="2023-11-21T19:08:35-03:00"/>
  <publisher value="Gabrielle dos Santos Leandro"/>
  <contact>
    <name value="Gabrielle dos Santos Leandro"/>
    <telecom>
      <system value="url"/>
      <value value="https://gabriellesantosleandro.com"/>
    </telecom>
    <telecom>
      <system value="email"/>
      <value value="gabrielle.santos.leandro@gmail.com"/>
    </telecom>
  </contact>
  <contact>
    <name value="Gabrielle dos Santos Leandro"/>
    <telecom>
      <system value="url"/>
      <value value="https://gabriellesantosleandro.com.br"/>
      <use value="work"/>
    </telecom>
    <telecom>
      <system value="email"/>
      <value value="gabrielle.santos.leandro@gmail.com"/>
      <use value="work"/>
    </telecom>
  </contact>
  <description value="This ValueSet defines the response values for the Prestroke and Poststroke Functional Status: Ambulation."/>
  <compose>
    <include>
      <system value="https://connect.ichom.org/patient-centered-outcome-measures/stroke/functionalaspectsrehabilitation/"/>
      <concept>
        <code value="1"/>
        <display value="Able to walk without help from another person with or without a device."/>
      </concept>
      <concept>
        <code value="2"/>
        <display value="Able to walk with help from another person."/>
      </concept>
      <concept>
        <code value="3"/>
        <display value="Unable to walk."/>
      </concept>
    </include>
  </compose>
</ValueSet>