{
  "resourceType" : "ValueSet",
  "id" : "StrokeToiletingVS",
  "text" : {
    "status" : "generated",
    "div" : "<div xmlns=\"http://www.w3.org/1999/xhtml\"><ul><li>Include these codes as defined in <code>https://connect.ichom.org/patient-centered-outcome-measures/stroke/functionalaspectsrehabilitation/</code><table class=\"none\"><tr><td style=\"white-space:nowrap\"><b>Code</b></td><td><b>Display</b></td></tr><tr><td>4</td><td>I could manage going to the toilet without assistance.</td></tr><tr><td>5</td><td>I needed help to go to the toilet.</td></tr></table></li></ul></div>"
  },
  "url" : "https://molic-avc.gabriellesantosleandro.com/ValueSet/StrokeToiletingVS",
  "version" : "1.0.1",
  "name" : "StrokeToiletingVS",
  "title" : "ValueSet of Prestroke and Poststroke Functional Status: Toileting",
  "status" : "active",
  "date" : "2023-11-21T19:08:35-03:00",
  "publisher" : "Gabrielle dos Santos Leandro",
  "contact" : [{
    "name" : "Gabrielle dos Santos Leandro",
    "telecom" : [{
      "system" : "url",
      "value" : "https://gabriellesantosleandro.com"
    },
    {
      "system" : "email",
      "value" : "gabrielle.santos.leandro@gmail.com"
    }]
  },
  {
    "name" : "Gabrielle dos Santos Leandro",
    "telecom" : [{
      "system" : "url",
      "value" : "https://gabriellesantosleandro.com.br",
      "use" : "work"
    },
    {
      "system" : "email",
      "value" : "gabrielle.santos.leandro@gmail.com",
      "use" : "work"
    }]
  }],
  "description" : "This ValueSet defines the response values for the Prestroke and Poststroke Functional Status: Toileting.",
  "compose" : {
    "include" : [{
      "system" : "https://connect.ichom.org/patient-centered-outcome-measures/stroke/functionalaspectsrehabilitation/",
      "concept" : [{
        "code" : "4",
        "display" : "I could manage going to the toilet without assistance."
      },
      {
        "code" : "5",
        "display" : "I needed help to go to the toilet."
      }]
    }]
  }
}