<?xml version="1.0" encoding="UTF-8"?>

<ValueSet xmlns="http://hl7.org/fhir">
  <id value="molicavc-code-professional-valueset"/>
  <text>
    <status value="generated"/><div xmlns="http://www.w3.org/1999/xhtml"><ul><li>Include these codes as defined in <code>https://molic-avc.gabriellesantosleandro.com/ValueSet/molicavc-code_professional-valueset/</code><table class="none"><tr><td style="white-space:nowrap"><b>Code</b></td><td><b>Display</b></td></tr><tr><td>Doctor</td><td>CRM - Conselho Regional de Medicina</td></tr><tr><td>Nurse</td><td>COREN - Conselho Regional de Enfermagem</td></tr><tr><td>Nutritionist</td><td>CRN - Conselho Regional de Nutrição</td></tr><tr><td>Occupational_Therapist</td><td>COFFITO - Conselho Federal de Fisioterapia e Terapia Ocupacional</td></tr><tr><td>Physiotherapists</td><td>COFFITO - Conselho Federal de Fisioterapia e Terapia Ocupacional</td></tr><tr><td>Psychologists</td><td>CRP - Conselho Regional de Psicologia</td></tr><tr><td>Receptionist</td><td>Local Register - Receptionist</td></tr></table></li></ul></div>
  </text>
  <url value="https://molic-avc.gabriellesantosleandro.com/ValueSet/molicavc-code-professional-valueset"/>
  <version value="0.1.0"/>
  <name value="MolicAVC_CodeProfessionalValueSet"/>
  <title value="Professional Code ValueSet"/>
  <status value="draft"/>
  <date value="2023-08-25T01:55:28-03:00"/>
  <publisher value="Gabrielle dos Santos Leandro"/>
  <contact>
    <name value="Gabrielle dos Santos Leandro"/>
    <telecom>
      <system value="url"/>
      <value value="https://molic-avc.gabriellesantosleandro.com"/>
    </telecom>
  </contact>
  <description value="This ValueSet is integral to the Molic-AVC project and details codes for professionals serving stroke patients in Brazil. It includes:&#xD;&#xA;- Doctors: CRM (Conselho Regional de Medicina)&#xD;&#xA;- Nurses: COREN (Conselho Regional de Enfermagem)&#xD;&#xA;- Nutritionists: CRN (Conselho Regional de Nutrição)&#xD;&#xA;- Occupational therapists and Physiotherapists: COFFITO (Conselho Federal de Fisioterapia e Terapia Ocupacional)&#xD;&#xA;- Psychologists: CRP (Conselho Regional de Psicologia)&#xD;&#xA;- Receptionists: Locally provided code.&#xD;&#xA;Each profession is associated with its respective Brazilian registration or licensing entity."/>
  <compose>
    <include>
      <system value="https://molic-avc.gabriellesantosleandro.com/ValueSet/molicavc-code_professional-valueset/"/>
      <concept>
        <code value="Doctor"/>
        <display value="CRM - Conselho Regional de Medicina"/>
      </concept>
      <concept>
        <code value="Nurse"/>
        <display value="COREN - Conselho Regional de Enfermagem"/>
      </concept>
      <concept>
        <code value="Nutritionist"/>
        <display value="CRN - Conselho Regional de Nutrição"/>
      </concept>
      <concept>
        <code value="Occupational_Therapist"/>
        <display value="COFFITO - Conselho Federal de Fisioterapia e Terapia Ocupacional"/>
      </concept>
      <concept>
        <code value="Physiotherapists"/>
        <display value="COFFITO - Conselho Federal de Fisioterapia e Terapia Ocupacional"/>
      </concept>
      <concept>
        <code value="Psychologists"/>
        <display value="CRP - Conselho Regional de Psicologia"/>
      </concept>
      <concept>
        <code value="Receptionist"/>
        <display value="Local Register - Receptionist"/>
      </concept>
    </include>
  </compose>
</ValueSet>