<?xml version="1.0" encoding="UTF-8"?>

<ValueSet xmlns="http://hl7.org/fhir">
  <id value="molicavc-code-healthcare-unit-valueset"/>
  <text>
    <status value="generated"/><div xmlns="http://www.w3.org/1999/xhtml"><ul><li>Include these codes as defined in <code>https://molic-avc.gabriellesantosleandro.com/ValueSet/molicavc-code_healthunit-valueset/</code><table class="none"><tr><td style="white-space:nowrap"><b>Code</b></td><td><b>Display</b></td></tr><tr><td>UBSF</td><td>Public Primary Care (CNES - Cadastro Nacional de Estabelecimento Único)</td></tr><tr><td>STROKEHOSP</td><td>Public Reference Hospital (CNES - Cadastro Nacional de Estabelecimento Único)</td></tr><tr><td>NONSTROKEHOSP</td><td>Public Non-Reference Hospital (CNES - Cadastro Nacional de Estabelecimento Único)</td></tr><tr><td>UPA</td><td>Public Emergency Unit (CNES - Cadastro Nacional de Estabelecimento Único)</td></tr><tr><td>SAMU</td><td>Public Ambulance (CNES - Cadastro Nacional de Estabelecimento Único)</td></tr><tr><td>REAB</td><td>Public Rehabilitation Unit (CNES - Cadastro Nacional de Estabelecimento Único)</td></tr><tr><td>OTHER</td><td>Public Rehabilitation Unit (CNES - Cadastro Nacional de Estabelecimento Único)</td></tr><tr><td>PRIVATE</td><td>Private Healthcare Service: Other Code</td></tr></table></li></ul></div>
  </text>
  <url value="https://molic-avc.gabriellesantosleandro.com/ValueSet/molicavc-code-healthcare-unit-valueset"/>
  <version value="0.1.0"/>
  <name value="MolicAVC_CodeHealthcareUnitValueSet"/>
  <title value="Healthcare Unit Code ValueSet"/>
  <status value="draft"/>
  <date value="2023-08-25T01:55:28-03:00"/>
  <publisher value="Gabrielle dos Santos Leandro"/>
  <contact>
    <name value="Gabrielle dos Santos Leandro"/>
    <telecom>
      <system value="url"/>
      <value value="https://molic-avc.gabriellesantosleandro.com"/>
    </telecom>
  </contact>
  <description value="This ValueSet details codes for healthcare units serving stroke patients in Brazil. &#xD;&#xA;It includes:&#xD;&#xA;- Public Primary Care: CNES (Cadastro Nacional de Estabelecimento Único)&#xD;&#xA;- Public Reference Hospital: CNES (Cadastro Nacional de Estabelecimento Único)&#xD;&#xA;- Public Non-Reference Hospital: CNES (Cadastro Nacional de Estabelecimento Único)&#xD;&#xA;- Public Emergency Unit: CNES (Cadastro Nacional de Estabelecimento Único)&#xD;&#xA;- Public Ambulance: CNES (Cadastro Nacional de Estabelecimento Único)&#xD;&#xA;- Public Rehabilitation Unit: CNES (Cadastro Nacional de Estabelecimento Único)&#xD;&#xA;- Private Healthcare Service: Other Code."/>
  <compose>
    <include>
      <system value="https://molic-avc.gabriellesantosleandro.com/ValueSet/molicavc-code_healthunit-valueset/"/>
      <concept>
        <code value="UBSF"/>
        <display value="Public Primary Care (CNES - Cadastro Nacional de Estabelecimento Único)"/>
      </concept>
      <concept>
        <code value="STROKEHOSP"/>
        <display value="Public Reference Hospital (CNES - Cadastro Nacional de Estabelecimento Único)"/>
      </concept>
      <concept>
        <code value="NONSTROKEHOSP"/>
        <display value="Public Non-Reference Hospital (CNES - Cadastro Nacional de Estabelecimento Único)"/>
      </concept>
      <concept>
        <code value="UPA"/>
        <display value="Public Emergency Unit (CNES - Cadastro Nacional de Estabelecimento Único)"/>
      </concept>
      <concept>
        <code value="SAMU"/>
        <display value="Public Ambulance (CNES - Cadastro Nacional de Estabelecimento Único)"/>
      </concept>
      <concept>
        <code value="REAB"/>
        <display value="Public Rehabilitation Unit (CNES - Cadastro Nacional de Estabelecimento Único)"/>
      </concept>
      <concept>
        <code value="OTHER"/>
        <display value="Public Rehabilitation Unit (CNES - Cadastro Nacional de Estabelecimento Único)"/>
      </concept>
      <concept>
        <code value="PRIVATE"/>
        <display value="Private Healthcare Service: Other Code"/>
      </concept>
    </include>
  </compose>
</ValueSet>