{
  "resourceType" : "ValueSet",
  "id" : "molicavc-dischargelocation-valueset",
  "text" : {
    "status" : "generated",
    "div" : "<div xmlns=\"http://www.w3.org/1999/xhtml\"><ul><li>Include these codes as defined in <code>https://connect.ichom.org/patient-centered-outcome-measures/stroke/discharge-location/</code><table class=\"none\"><tr><td style=\"white-space:nowrap\"><b>Code</b></td><td><b>Display</b></td></tr><tr><td>1</td><td>Home or community-dwelling (not home hospice)</td></tr><tr><td>2</td><td>Residential facility</td></tr><tr><td>3</td><td>Dedicated inpatient rehabilitation facility</td></tr><tr><td>4</td><td>Another acute care hospital</td></tr><tr><td>5</td><td>Patient died in hospital</td></tr><tr><td>888</td><td>Other</td></tr><tr><td>999</td><td>Unknown</td></tr></table></li></ul></div>"
  },
  "url" : "https://molic-avc.gabriellesantosleandro.com/ValueSet/molicavc-dischargelocation-valueset",
  "version" : "1.0.1",
  "name" : "MolicAVC_DischargeLocation_ValueSet",
  "title" : "ValueSet of Discharge Location",
  "status" : "active",
  "date" : "2023-10-17T16:55:27-03:00",
  "publisher" : "Gabrielle dos Santos Leandro",
  "contact" : [{
    "name" : "Gabrielle dos Santos Leandro",
    "telecom" : [{
      "system" : "url",
      "value" : "https://gabriellesantosleandro.com"
    },
    {
      "system" : "email",
      "value" : "gabrielle.santos.leandro@gmail.com"
    }]
  },
  {
    "name" : "Gabrielle dos Santos Leandro",
    "telecom" : [{
      "system" : "url",
      "value" : "https://gabriellesantosleandro.com.br",
      "use" : "work"
    },
    {
      "system" : "email",
      "value" : "gabrielle.santos.leandro@gmail.com",
      "use" : "work"
    }]
  }],
  "description" : "Discharge destination following acute care hospitalization. What type of place was the patient discharged to?",
  "compose" : {
    "include" : [{
      "system" : "https://connect.ichom.org/patient-centered-outcome-measures/stroke/discharge-location/",
      "concept" : [{
        "code" : "1",
        "display" : "Home or community-dwelling (not home hospice)"
      },
      {
        "code" : "2",
        "display" : "Residential facility"
      },
      {
        "code" : "3",
        "display" : "Dedicated inpatient rehabilitation facility"
      },
      {
        "code" : "4",
        "display" : "Another acute care hospital"
      },
      {
        "code" : "5",
        "display" : "Patient died in hospital"
      },
      {
        "code" : "888",
        "display" : "Other"
      },
      {
        "code" : "999",
        "display" : "Unknown"
      }]
    }]
  }
}