{
  "resourceType" : "ValueSet",
  "id" : "molicavc-hrhsqol-valueset",
  "text" : {
    "status" : "generated",
    "div" : "<div xmlns=\"http://www.w3.org/1999/xhtml\">Placeholder</div>"
  },
  "url" : "https://molic-avc.gabriellesantosleandro.com/ValueSet/molicavc-hrhsqol-valueset",
  "version" : "0.1.0",
  "name" : "MolicAVC_HR-HSQoL_ValueSet",
  "title" : "ValueSet of Health-related Quality of Life Response Question",
  "status" : "draft",
  "date" : "2023-08-31T16:41:42-03:00",
  "publisher" : "Gabrielle dos Santos Leandro",
  "contact" : [{
    "name" : "Gabrielle dos Santos Leandro",
    "telecom" : [{
      "system" : "url",
      "value" : "https://molic-avc.gabriellesantosleandro.com"
    }]
  }],
  "description" : "This ValueSet defines the response values for the Health-related Quality of Life Response Question.",
  "compose" : {
    "include" : [{
      "system" : "https://connect.ichom.org/patient-centered-outcome-measures/stroke",
      "concept" : [{
        "code" : "1",
        "display" : "EuroQoL-5D-3L (EQ-5D-3L)"
      },
      {
        "code" : "2",
        "display" : "WHODAS V2.0-12"
      },
      {
        "code" : "3",
        "display" : "VR-12"
      },
      {
        "code" : "4",
        "display" : "PROMIS-10"
      }]
    }]
  }
}