{
  "resourceType" : "ValueSet",
  "id" : "molicavc-code-healthcare-unit-valueset",
  "text" : {
    "status" : "generated",
    "div" : "<div xmlns=\"http://www.w3.org/1999/xhtml\"><ul><li>Include these codes as defined in <code>https://molic-avc.gabriellesantosleandro.com/ValueSet/molicavc-code_healthunit-valueset/</code><table class=\"none\"><tr><td style=\"white-space:nowrap\"><b>Code</b></td><td><b>Display</b></td></tr><tr><td>UBSF</td><td>Public Primary Care (CNES - Cadastro Nacional de Estabelecimento Único)</td></tr><tr><td>STROKEHOSP</td><td>Public Reference Hospital (CNES - Cadastro Nacional de Estabelecimento Único)</td></tr><tr><td>NONSTROKEHOSP</td><td>Public Non-Reference Hospital (CNES - Cadastro Nacional de Estabelecimento Único)</td></tr><tr><td>UPA</td><td>Public Emergency Unit (CNES - Cadastro Nacional de Estabelecimento Único)</td></tr><tr><td>SAMU</td><td>Public Ambulance (CNES - Cadastro Nacional de Estabelecimento Único)</td></tr><tr><td>REAB</td><td>Public Rehabilitation Unit (CNES - Cadastro Nacional de Estabelecimento Único)</td></tr><tr><td>OTHER</td><td>Public Rehabilitation Unit (CNES - Cadastro Nacional de Estabelecimento Único)</td></tr><tr><td>PRIVATE</td><td>Private Healthcare Service: Other Code</td></tr></table></li></ul></div>"
  },
  "url" : "https://molic-avc.gabriellesantosleandro.com/ValueSet/molicavc-code-healthcare-unit-valueset",
  "version" : "0.1.0",
  "name" : "MolicAVC_CodeHealthcareUnitValueSet",
  "title" : "Healthcare Unit Code ValueSet",
  "status" : "draft",
  "date" : "2023-08-25T01:55:28-03:00",
  "publisher" : "Gabrielle dos Santos Leandro",
  "contact" : [{
    "name" : "Gabrielle dos Santos Leandro",
    "telecom" : [{
      "system" : "url",
      "value" : "https://molic-avc.gabriellesantosleandro.com"
    }]
  }],
  "description" : "This ValueSet details codes for healthcare units serving stroke patients in Brazil. \r\nIt includes:\r\n- Public Primary Care: CNES (Cadastro Nacional de Estabelecimento Único)\r\n- Public Reference Hospital: CNES (Cadastro Nacional de Estabelecimento Único)\r\n- Public Non-Reference Hospital: CNES (Cadastro Nacional de Estabelecimento Único)\r\n- Public Emergency Unit: CNES (Cadastro Nacional de Estabelecimento Único)\r\n- Public Ambulance: CNES (Cadastro Nacional de Estabelecimento Único)\r\n- Public Rehabilitation Unit: CNES (Cadastro Nacional de Estabelecimento Único)\r\n- Private Healthcare Service: Other Code.",
  "compose" : {
    "include" : [{
      "system" : "https://molic-avc.gabriellesantosleandro.com/ValueSet/molicavc-code_healthunit-valueset/",
      "concept" : [{
        "code" : "UBSF",
        "display" : "Public Primary Care (CNES - Cadastro Nacional de Estabelecimento Único)"
      },
      {
        "code" : "STROKEHOSP",
        "display" : "Public Reference Hospital (CNES - Cadastro Nacional de Estabelecimento Único)"
      },
      {
        "code" : "NONSTROKEHOSP",
        "display" : "Public Non-Reference Hospital (CNES - Cadastro Nacional de Estabelecimento Único)"
      },
      {
        "code" : "UPA",
        "display" : "Public Emergency Unit (CNES - Cadastro Nacional de Estabelecimento Único)"
      },
      {
        "code" : "SAMU",
        "display" : "Public Ambulance (CNES - Cadastro Nacional de Estabelecimento Único)"
      },
      {
        "code" : "REAB",
        "display" : "Public Rehabilitation Unit (CNES - Cadastro Nacional de Estabelecimento Único)"
      },
      {
        "code" : "OTHER",
        "display" : "Public Rehabilitation Unit (CNES - Cadastro Nacional de Estabelecimento Único)"
      },
      {
        "code" : "PRIVATE",
        "display" : "Private Healthcare Service: Other Code"
      }]
    }]
  }
}