{
  "resourceType" : "ValueSet",
  "id" : "molicavc-whodas-valueset",
  "text" : {
    "status" : "generated",
    "div" : "<div xmlns=\"http://www.w3.org/1999/xhtml\">Placeholder</div>"
  },
  "url" : "https://molic-avc.gabriellesantosleandro.com/ValueSet/molicavc-whodas-valueset",
  "version" : "0.1.0",
  "name" : "MolicAVC_WHODAS_ValueSet",
  "title" : "ValueSet of WHODAS Response Questionnaire",
  "status" : "draft",
  "date" : "2023-08-31T16:41:42-03:00",
  "publisher" : "Gabrielle dos Santos Leandro",
  "contact" : [{
    "name" : "Gabrielle dos Santos Leandro",
    "telecom" : [{
      "system" : "url",
      "value" : "https://molic-avc.gabriellesantosleandro.com"
    }]
  }],
  "description" : "This ValueSet defines the response values for the WHODAS (World Health Organization Disability Assessment Schedule) Questionnaire.",
  "compose" : {
    "include" : [{
      "system" : "https://connect.ichom.org/patient-centered-outcome-measures/stroke",
      "concept" : [{
        "code" : "0",
        "display" : "None"
      },
      {
        "code" : "1",
        "display" : "Mild"
      },
      {
        "code" : "2",
        "display" : "Moderate"
      },
      {
        "code" : "3",
        "display" : "Severe"
      },
      {
        "code" : "4",
        "display" : "Extreme or cannot do"
      }]
    }]
  }
}