{
  "resourceType" : "ValueSet",
  "id" : "molicavc-ethnicity-valueset",
  "text" : {
    "status" : "generated",
    "div" : "<div xmlns=\"http://www.w3.org/1999/xhtml\"><ul><li>Include these codes as defined in <a href=\"http://loinc.org\"><code>http://loinc.org</code></a><table class=\"none\"><tr><td style=\"white-space:nowrap\"><b>Code</b></td><td><b>Display</b></td></tr><tr><td><a href=\"https://loinc.org/32625-6/\">32625-6</a></td><td>Mixed Ethnicity</td></tr><tr><td><a href=\"https://loinc.org/21028-6/\">21028-6</a></td><td>Hispanic or Latino Ethnicity</td></tr><tr><td><a href=\"https://loinc.org/2028-9/\">2028-9</a></td><td>Non-Hispanic or Latino Ethnicity</td></tr><tr><td><a href=\"https://loinc.org/32626-4/\">32626-4</a></td><td>White Ethnicity</td></tr><tr><td><a href=\"https://loinc.org/32623-1/\">32623-1</a></td><td>African Ethnicity</td></tr><tr><td><a href=\"https://loinc.org/80832-0/\">80832-0</a></td><td>Afrodescendant Ethnicity (South America)</td></tr><tr><td><a href=\"https://loinc.org/32620-7/\">32620-7</a></td><td>Indigenous Ethnicity (Global)</td></tr><tr><td><a href=\"https://loinc.org/32622-3/\">32622-3</a></td><td>Asian Ethnicity</td></tr><tr><td><a href=\"https://loinc.org/32621-5/\">32621-5</a></td><td>Aboriginal Ethnicity</td></tr><tr><td><a href=\"https://loinc.org/32627-2/\">32627-2</a></td><td>Middle Eastern Ethnicity</td></tr><tr><td><a href=\"https://loinc.org/32629-8/\">32629-8</a></td><td>Pacific Islander Ethnicity</td></tr><tr><td><a href=\"https://loinc.org/2029-7/\">2029-7</a></td><td>Other Ethnicity</td></tr></table></li></ul></div>"
  },
  "url" : "https://www.gabriellesantosleandro.com/molic-avc/ValueSet/molicavc-ethnicity-valueset",
  "version" : "0.1.0",
  "name" : "MolicAVC_EthnicityValueSet",
  "title" : "Patient Ethnicity ValueSet",
  "status" : "draft",
  "date" : "2023-08-15T15:21:17-03:00",
  "publisher" : "Gabrielle dos Santos Leandro",
  "contact" : [{
    "name" : "Gabrielle dos Santos Leandro",
    "telecom" : [{
      "system" : "url",
      "value" : "https://www.gabriellesantosleandro.com"
    }]
  }],
  "description" : "Patient's Ethnicity captures the cultural background or heritage individuals identify with most closely. It is recorded based on local standards in the geographic region and self-reported by the patient. Although optional, ICHOM strongly encourages collecting this inclusive information to address health disparities while ensuring confidentiality. . Responses are coded using LOINC standards.",
  "compose" : {
    "include" : [{
      "system" : "http://loinc.org",
      "concept" : [{
        "code" : "32625-6",
        "display" : "Mixed Ethnicity"
      },
      {
        "code" : "21028-6",
        "display" : "Hispanic or Latino Ethnicity"
      },
      {
        "code" : "2028-9",
        "display" : "Non-Hispanic or Latino Ethnicity"
      },
      {
        "code" : "32626-4",
        "display" : "White Ethnicity"
      },
      {
        "code" : "32623-1",
        "display" : "African Ethnicity"
      },
      {
        "code" : "80832-0",
        "display" : "Afrodescendant Ethnicity (South America)"
      },
      {
        "code" : "32620-7",
        "display" : "Indigenous Ethnicity (Global)"
      },
      {
        "code" : "32622-3",
        "display" : "Asian Ethnicity"
      },
      {
        "code" : "32621-5",
        "display" : "Aboriginal Ethnicity"
      },
      {
        "code" : "32627-2",
        "display" : "Middle Eastern Ethnicity"
      },
      {
        "code" : "32629-8",
        "display" : "Pacific Islander Ethnicity"
      },
      {
        "code" : "2029-7",
        "display" : "Other Ethnicity"
      }]
    }]
  }
}