{"resourceType":"ImplementationGuide","id":"guide","text":{"status":"extensions","div":"<div xmlns=\"http://www.w3.org/1999/xhtml\"><h2>MolicAVC</h2><p>The official URL for this implementation guide is: </p><pre>https://molic-avc.gabriellesantosleandro.com/ImplementationGuide/guide</pre></div>"},"url":"https://molic-avc.gabriellesantosleandro.com/ImplementationGuide/guide","version":"0.1.0","name":"MolicAVC","status":"draft","date":"2023-09-08T18:23:11-03:00","publisher":"Gabrielle dos Santos Leandro","contact":[{"name":"Gabrielle dos Santos Leandro","telecom":[{"system":"url","value":"https://molic-avc.gabriellesantosleandro.com"}]}],"packageId":"guide","license":"CC0-1.0","fhirVersion":["5.0.0"],"dependsOn":[{"id":"hl7tx","extension":[{"url":"http://hl7.org/fhir/tools/StructureDefinition/implementationguide-dependency-comment","valueMarkdown":"Automatically added as a dependency - all IGs depend on HL7 Terminology"}],"uri":"http://terminology.hl7.org/ImplementationGuide/hl7.terminology","packageId":"hl7.terminology.r5","version":"5.2.0"},{"id":"hl7ext","extension":[{"url":"http://hl7.org/fhir/tools/StructureDefinition/implementationguide-dependency-comment","valueMarkdown":"Automatically added as a dependency - all IGs depend on the HL7 Extension Pack"}],"uri":"http://hl7.org/fhir/extensions/ImplementationGuide/hl7.fhir.uv.extensions","packageId":"hl7.fhir.uv.extensions.r5","version":"1.0.0"}],"definition":{"extension":[{"extension":[{"url":"code","valueString":"copyrightyear"},{"url":"value","valueString":"2023+"}],"url":"http://hl7.org/fhir/tools/StructureDefinition/ig-parameter"},{"extension":[{"url":"code","valueString":"releaselabel"},{"url":"value","valueString":"ci-build"}],"url":"http://hl7.org/fhir/tools/StructureDefinition/ig-parameter"},{"extension":[{"url":"code","valueString":"autoload-resources"},{"url":"value","valueString":"true"}],"url":"http://hl7.org/fhir/tools/StructureDefinition/ig-parameter"},{"extension":[{"url":"code","valueString":"path-liquid"},{"url":"value","valueString":"template/liquid"}],"url":"http://hl7.org/fhir/tools/StructureDefinition/ig-parameter"},{"extension":[{"url":"code","valueString":"path-liquid"},{"url":"value","valueString":"input/liquid"}],"url":"http://hl7.org/fhir/tools/StructureDefinition/ig-parameter"},{"extension":[{"url":"code","valueString":"path-qa"},{"url":"value","valueString":"temp/qa"}],"url":"http://hl7.org/fhir/tools/StructureDefinition/ig-parameter"},{"extension":[{"url":"code","valueString":"path-temp"},{"url":"value","valueString":"temp/pages"}],"url":"http://hl7.org/fhir/tools/StructureDefinition/ig-parameter"},{"extension":[{"url":"code","valueString":"path-output"},{"url":"value","valueString":"output"}],"url":"http://hl7.org/fhir/tools/StructureDefinition/ig-parameter"},{"extension":[{"url":"code","valueString":"path-suppressed-warnings"},{"url":"value","valueString":"input/ignoreWarnings.txt"}],"url":"http://hl7.org/fhir/tools/StructureDefinition/ig-parameter"},{"extension":[{"url":"code","valueString":"path-history"},{"url":"value","valueString":"https://molic-avc.gabriellesantosleandro.com/history.html"}],"url":"http://hl7.org/fhir/tools/StructureDefinition/ig-parameter"},{"extension":[{"url":"code","valueString":"template-html"},{"url":"value","valueString":"template-page.html"}],"url":"http://hl7.org/fhir/tools/StructureDefinition/ig-parameter"},{"extension":[{"url":"code","valueString":"template-md"},{"url":"value","valueString":"template-page-md.html"}],"url":"http://hl7.org/fhir/tools/StructureDefinition/ig-parameter"},{"extension":[{"url":"code","valueString":"apply-contact"},{"url":"value","valueString":"true"}],"url":"http://hl7.org/fhir/tools/StructureDefinition/ig-parameter"},{"extension":[{"url":"code","valueString":"apply-context"},{"url":"value","valueString":"true"}],"url":"http://hl7.org/fhir/tools/StructureDefinition/ig-parameter"},{"extension":[{"url":"code","valueString":"apply-copyright"},{"url":"value","valueString":"true"}],"url":"http://hl7.org/fhir/tools/StructureDefinition/ig-parameter"},{"extension":[{"url":"code","valueString":"apply-jurisdiction"},{"url":"value","valueString":"true"}],"url":"http://hl7.org/fhir/tools/StructureDefinition/ig-parameter"},{"extension":[{"url":"code","valueString":"apply-license"},{"url":"value","valueString":"true"}],"url":"http://hl7.org/fhir/tools/StructureDefinition/ig-parameter"},{"extension":[{"url":"code","valueString":"apply-publisher"},{"url":"value","valueString":"true"}],"url":"http://hl7.org/fhir/tools/StructureDefinition/ig-parameter"},{"extension":[{"url":"code","valueString":"apply-version"},{"url":"value","valueString":"true"}],"url":"http://hl7.org/fhir/tools/StructureDefinition/ig-parameter"},{"extension":[{"url":"code","valueString":"active-tables"},{"url":"value","valueString":"true"}],"url":"http://hl7.org/fhir/tools/StructureDefinition/ig-parameter"},{"extension":[{"url":"code","valueString":"fmm-definition"},{"url":"value","valueString":"http://hl7.org/fhir/versions.html#maturity"}],"url":"http://hl7.org/fhir/tools/StructureDefinition/ig-parameter"},{"extension":[{"url":"code","valueString":"propagate-status"},{"url":"value","valueString":"true"}],"url":"http://hl7.org/fhir/tools/StructureDefinition/ig-parameter"},{"extension":[{"url":"code","valueString":"excludelogbinaryformat"},{"url":"value","valueString":"true"}],"url":"http://hl7.org/fhir/tools/StructureDefinition/ig-parameter"},{"extension":[{"url":"code","valueString":"tabbed-snapshots"},{"url":"value","valueString":"true"}],"url":"http://hl7.org/fhir/tools/StructureDefinition/ig-parameter"},{"url":"http://hl7.org/fhir/tools/StructureDefinition/ig-internal-dependency","valueCode":"hl7.fhir.uv.tools#current"}],"grouping":[{"id":"-str-profile","name":"Structures: Resource Profiles","description":"These define constraints on FHIR resources for systems conforming to this implementation guide."},{"id":"-str-extension","name":"Structures: Extension Definitions","description":"These define constraints on FHIR data types for systems conforming to this implementation guide."},{"id":"-term-valueset","name":"Terminology: Value Sets","description":"These define sets of codes used by systems conforming to this implementation guide."},{"id":"-ex-example","name":"Example: Example Instances","description":"These are example instances that show what data produced and consumed by systems conforming with this implementation guide might look like."}],"resource":[{"extension":[{"url":"http://hl7.org/fhir/tools/StructureDefinition/resource-sort","valueInteger":999999999},{"url":"http://hl7.org/fhir/StructureDefinition/implementationguide-page","valueUri":"StructureDefinition-molicavc-encounter-profile.html"}],"reference":{"reference":"StructureDefinition/molicavc-encounter-profile"},"name":"Profile of Molic-AVC's Encounter","description":"The Encounter Resource in the MOLIC-AVC project represents the actual interaction between \r\na patient and their healthcare provider(s). It's designed to document delivered health services or assess\r\nthe patient's health status.","isExample":false,"groupingId":"-str-profile"},{"extension":[{"url":"http://hl7.org/fhir/tools/StructureDefinition/resource-sort","valueInteger":999999999},{"url":"http://hl7.org/fhir/StructureDefinition/implementationguide-page","valueUri":"StructureDefinition-molicavc-observation-profile.html"}],"reference":{"reference":"StructureDefinition/molicavc-observation-profile"},"name":"Profile of Molic-AVC's Observation","description":"Observations are a central element in healthcare, used to support diagnosis, monitor progress, determine baselines \r\nand patterns and even capture demographic characteristics, as well as capture results of tests performed on products and substances. \r\nMost observations are simple name/value pair assertions with some metadata, but some observations group other observations together \r\nlogically, or even are multi-component observations.","isExample":false,"groupingId":"-str-profile"},{"extension":[{"url":"http://hl7.org/fhir/tools/StructureDefinition/resource-sort","valueInteger":999999999},{"url":"http://hl7.org/fhir/StructureDefinition/implementationguide-page","valueUri":"StructureDefinition-molicavc-organization-profile.html"}],"reference":{"reference":"StructureDefinition/molicavc-organization-profile"},"name":"Profile of Molic-AVC's Organization","description":"The Organization resource in the MOLIC-AVC project encompasses all entities or groups \r\ninvolved in the healthcare process and related health services as part of their formal responsibilities. \r\nExamples include: Primary Care Basic Health Units, Emergency Care Units, Reference Hospital for Stroke, \r\npublic ambulance transport (SAMU), private services, and others.","isExample":false,"groupingId":"-str-profile"},{"extension":[{"url":"http://hl7.org/fhir/tools/StructureDefinition/resource-sort","valueInteger":999999999},{"url":"http://hl7.org/fhir/StructureDefinition/implementationguide-page","valueUri":"StructureDefinition-molicavc-patient-profile.html"}],"reference":{"reference":"StructureDefinition/molicavc-patient-profile"},"name":"Profile of Molic-AVC's Patient","description":"The Patient Resource of the Molic-AVC Project stores demographics and other administrative information about an individual or animal receiving care or other health-related services.","isExample":false,"groupingId":"-str-profile"},{"extension":[{"url":"http://hl7.org/fhir/tools/StructureDefinition/resource-sort","valueInteger":999999999},{"url":"http://hl7.org/fhir/StructureDefinition/implementationguide-page","valueUri":"StructureDefinition-molicavc-practitioner-profile.html"}],"reference":{"reference":"StructureDefinition/molicavc-practitioner-profile"},"name":"Profile of Molic-AVC's Practitioner","description":"The Practitioner Resource in the MOLIC-AVC project encompasses all individuals involved in the healthcare process and related health services as part of their formal responsibilities. This Resource is utilized to assign activities and responsibilities to these individuals. Examples include: doctors, nurses, therapists, receptionists, and so on.","isExample":false,"groupingId":"-str-profile"},{"extension":[{"url":"http://hl7.org/fhir/tools/StructureDefinition/resource-sort","valueInteger":999999999},{"url":"http://hl7.org/fhir/StructureDefinition/implementationguide-page","valueUri":"StructureDefinition-molicavc-questionnaire-profile.html"}],"reference":{"reference":"StructureDefinition/molicavc-questionnaire-profile"},"name":"Profile of Molic-AVC's Questionnaire","description":"A structured set of questions intended to guide the collection of answers from end-users. \r\nQuestionnaires provide detailed control over order, presentation, phraseology and grouping to allow coherent, \r\nconsistent data collection.","isExample":false,"groupingId":"-str-profile"},{"extension":[{"url":"http://hl7.org/fhir/tools/StructureDefinition/resource-sort","valueInteger":999999999},{"url":"http://hl7.org/fhir/StructureDefinition/implementationguide-page","valueUri":"StructureDefinition-molicavc-questionnaireresponse-profile.html"}],"reference":{"reference":"StructureDefinition/molicavc-questionnaireresponse-profile"},"name":"Profile of Molic-AVC's QuestionnaireResponse","description":"QuestionnaireResponse provides a complete or partial list of answers to a set of questions filled when responding\r\n to a questionnaire.","isExample":false,"groupingId":"-str-profile"},{"extension":[{"url":"http://hl7.org/fhir/tools/StructureDefinition/resource-sort","valueInteger":999999999},{"url":"http://hl7.org/fhir/StructureDefinition/implementationguide-page","valueUri":"StructureDefinition-molicavc-alcoholamount-extension.html"}],"reference":{"reference":"StructureDefinition/molicavc-alcoholamount-extension"},"name":"Extension of Alcohol intake amount","description":"One standard drink is equal to 12.5ml of pure alcohol, or roughly 1 small glass of wine/25cl of regular beer (5% alcohol).","isExample":false,"groupingId":"-str-extension"},{"extension":[{"url":"http://hl7.org/fhir/tools/StructureDefinition/resource-sort","valueInteger":999999999},{"url":"http://hl7.org/fhir/StructureDefinition/implementationguide-page","valueUri":"StructureDefinition-molicavc-consciousness-extension.html"}],"reference":{"reference":"StructureDefinition/molicavc-consciousness-extension"},"name":"Extension of Consciousness","description":"Stroke severity: consciousness. Indicate the patient’s level of consciousness measured on hospitalar arrival.","isExample":false,"groupingId":"-str-extension"},{"extension":[{"url":"http://hl7.org/fhir/tools/StructureDefinition/resource-sort","valueInteger":999999999},{"url":"http://hl7.org/fhir/StructureDefinition/implementationguide-page","valueUri":"StructureDefinition-molicavc-nihsscategory-extension.html"}],"reference":{"reference":"StructureDefinition/molicavc-nihsscategory-extension"},"name":"Extension of Estimated Stroke Severity Category based on NIHSS","description":"Estimated Stroke Severity: Category. Indicate the estimated stroke severity category \r\nby the NIH Stroke Scale (NIHSS).","isExample":false,"groupingId":"-str-extension"},{"extension":[{"url":"http://hl7.org/fhir/tools/StructureDefinition/resource-sort","valueInteger":999999999},{"url":"http://hl7.org/fhir/StructureDefinition/implementationguide-page","valueUri":"StructureDefinition-live-alone-pre-stroke-extension.html"}],"reference":{"reference":"StructureDefinition/live-alone-pre-stroke-extension"},"name":"Extension of Live Alone Pre-Stroke","description":"Extension indicating whether a patient lived alone prior to a stroke event based on ICHOM terminology.","isExample":false,"groupingId":"-str-extension"},{"extension":[{"url":"http://hl7.org/fhir/tools/StructureDefinition/resource-sort","valueInteger":999999999},{"url":"http://hl7.org/fhir/StructureDefinition/implementationguide-page","valueUri":"StructureDefinition-molicavc-ethnicity-extension.html"}],"reference":{"reference":"StructureDefinition/molicavc-ethnicity-extension"},"name":"Extension of Patient Ethnicity","description":"Extension to capture the patient's ethnicity which represents their cultural background or heritage. Although optional, ICHOM strongly encourages collecting this inclusive information.","isExample":false,"groupingId":"-str-extension"},{"extension":[{"url":"http://hl7.org/fhir/tools/StructureDefinition/resource-sort","valueInteger":999999999},{"url":"http://hl7.org/fhir/StructureDefinition/implementationguide-page","valueUri":"StructureDefinition-molicavc-genderidentity-extension.html"}],"reference":{"reference":"StructureDefinition/molicavc-genderidentity-extension"},"name":"Extension of Patient Gender Identity","description":"The patient's gender.","isExample":false,"groupingId":"-str-extension"},{"extension":[{"url":"http://hl7.org/fhir/tools/StructureDefinition/resource-sort","valueInteger":999999999},{"url":"http://hl7.org/fhir/StructureDefinition/implementationguide-page","valueUri":"StructureDefinition-molicavc-race-extension.html"}],"reference":{"reference":"StructureDefinition/molicavc-race-extension"},"name":"Extension of Patient Race","description":"Extension to capture the patient's race, as recommended by ICHOM.","isExample":false,"groupingId":"-str-extension"},{"extension":[{"url":"http://hl7.org/fhir/tools/StructureDefinition/resource-sort","valueInteger":999999999},{"url":"http://hl7.org/fhir/StructureDefinition/implementationguide-page","valueUri":"StructureDefinition-molicavc-sex-extension.html"}],"reference":{"reference":"StructureDefinition/molicavc-sex-extension"},"name":"Extension of Patient Sex","description":"The patient's sex at birth.","isExample":false,"groupingId":"-str-extension"},{"extension":[{"url":"http://hl7.org/fhir/tools/StructureDefinition/resource-sort","valueInteger":999999999},{"url":"http://hl7.org/fhir/StructureDefinition/implementationguide-page","valueUri":"StructureDefinition-living-location-pre-stroke-extension.html"}],"reference":{"reference":"StructureDefinition/living-location-pre-stroke-extension"},"name":"Extension of Patient's Residence Prior to a Stroke","description":"An extension to capture the patient's residence prior to a stroke event, based on the ICHOM code.","isExample":false,"groupingId":"-str-extension"},{"extension":[{"url":"http://hl7.org/fhir/tools/StructureDefinition/resource-sort","valueInteger":999999999},{"url":"http://hl7.org/fhir/StructureDefinition/implementationguide-page","valueUri":"StructureDefinition-molicavc-smokingstatus-extension.html"}],"reference":{"reference":"StructureDefinition/molicavc-smokingstatus-extension"},"name":"Extension of Smoking Status","description":"Extension to capture the patient's smoking status, as recommended by ICHOM.","isExample":false,"groupingId":"-str-extension"},{"extension":[{"url":"http://hl7.org/fhir/tools/StructureDefinition/resource-sort","valueInteger":999999999},{"url":"http://hl7.org/fhir/StructureDefinition/implementationguide-page","valueUri":"StructureDefinition-molicavc-nihss-extension.html"}],"reference":{"reference":"StructureDefinition/molicavc-nihss-extension"},"name":"Extension of Stroke Severity Score based on NIHSS","description":"Stroke severity score. Stroke severity as measured by the NIH Stroke Scale (NIHSS). Report the raw (uncategorized) NIHSS score.","isExample":false,"groupingId":"-str-extension"},{"extension":[{"url":"http://hl7.org/fhir/tools/StructureDefinition/resource-sort","valueInteger":999999999},{"url":"http://hl7.org/fhir/StructureDefinition/implementationguide-page","valueUri":"StructureDefinition-molicavc-strokewindow-extension.html"}],"reference":{"reference":"StructureDefinition/molicavc-strokewindow-extension"},"name":"Extension of Stroke Window","description":"Brief hours post-symptom onset when prompt intervention reduces brain damage, lasting up to 4.5-12 hours.","isExample":false,"groupingId":"-str-extension"},{"extension":[{"url":"http://hl7.org/fhir/tools/StructureDefinition/resource-sort","valueInteger":999999999},{"url":"http://hl7.org/fhir/StructureDefinition/implementationguide-page","valueUri":"StructureDefinition-molicavc-symptomduration-extension.html"}],"reference":{"reference":"StructureDefinition/molicavc-symptomduration-extension"},"name":"Extension of Stroke's Symptom Duration","description":"Duration of symptoms. Indicate the duration of the stroke symptoms measured on hospital arrival.","isExample":false,"groupingId":"-str-extension"},{"extension":[{"url":"http://hl7.org/fhir/tools/StructureDefinition/resource-sort","valueInteger":999999999},{"url":"http://hl7.org/fhir/StructureDefinition/implementationguide-page","valueUri":"ValueSet-molicavc-consciousness-valueset.html"}],"reference":{"reference":"ValueSet/molicavc-consciousness-valueset"},"name":"ValueSet of Consciousness","description":"This ValueSet indicates the patient’s level of consciousness measured on hospitalar arrival.","isExample":false,"groupingId":"-term-valueset"},{"extension":[{"url":"http://hl7.org/fhir/tools/StructureDefinition/resource-sort","valueInteger":999999999},{"url":"http://hl7.org/fhir/StructureDefinition/implementationguide-page","valueUri":"ValueSet-molicavc-eq5d3l-valueset.html"}],"reference":{"reference":"ValueSet/molicavc-eq5d3l-valueset"},"name":"ValueSet of EQ-5D-3L Response Questionnaire","description":"This ValueSet defines the response values for the EQ-5D-3L Questionnaire.","isExample":false,"groupingId":"-term-valueset"},{"extension":[{"url":"http://hl7.org/fhir/tools/StructureDefinition/resource-sort","valueInteger":999999999},{"url":"http://hl7.org/fhir/StructureDefinition/implementationguide-page","valueUri":"ValueSet-molicavc-nihsscategory-valueset.html"}],"reference":{"reference":"ValueSet/molicavc-nihsscategory-valueset"},"name":"ValueSet of Estimated Stroke Severity Category by the NIHSS","description":"ValueSet for Estimated Stroke Severity Category by the NIHSS based on ICHOM.","isExample":false,"groupingId":"-term-valueset"},{"extension":[{"url":"http://hl7.org/fhir/tools/StructureDefinition/resource-sort","valueInteger":999999999},{"url":"http://hl7.org/fhir/StructureDefinition/implementationguide-page","valueUri":"ValueSet-molicavc-functionalstatus-valueset.html"}],"reference":{"reference":"ValueSet/molicavc-functionalstatus-valueset"},"name":"ValueSet of Functional Aspects and Rehabilitation: Feeding, Communication, and Stroke Rehabilitation","description":"This ValueSet defines the response values for the Functional Aspects and Rehabilitation: Feeding, Communication, \r\nand Stroke Rehabilitation.","isExample":false,"groupingId":"-term-valueset"},{"extension":[{"url":"http://hl7.org/fhir/tools/StructureDefinition/resource-sort","valueInteger":999999999},{"url":"http://hl7.org/fhir/StructureDefinition/implementationguide-page","valueUri":"ValueSet-molicavc-gender-valueset.html"}],"reference":{"reference":"ValueSet/molicavc-gender-valueset"},"name":"ValueSet of Gender Identity","description":"ValueSet for Gender identity based on LOINC.","isExample":false,"groupingId":"-term-valueset"},{"extension":[{"url":"http://hl7.org/fhir/tools/StructureDefinition/resource-sort","valueInteger":999999999},{"url":"http://hl7.org/fhir/StructureDefinition/implementationguide-page","valueUri":"ValueSet-molicavc-hrhsqol-valueset.html"}],"reference":{"reference":"ValueSet/molicavc-hrhsqol-valueset"},"name":"ValueSet of Health-related Quality of Life Response Question","description":"This ValueSet defines the response values for the Health-related Quality of Life Response Question.","isExample":false,"groupingId":"-term-valueset"},{"extension":[{"url":"http://hl7.org/fhir/tools/StructureDefinition/resource-sort","valueInteger":999999999},{"url":"http://hl7.org/fhir/StructureDefinition/implementationguide-page","valueUri":"ValueSet-molicavc-code-healthcare-unit-valueset.html"}],"reference":{"reference":"ValueSet/molicavc-code-healthcare-unit-valueset"},"name":"ValueSet of Healthcare Unit Code","description":"This ValueSet details codes for healthcare units serving stroke patients in Brazil.","isExample":false,"groupingId":"-term-valueset"},{"extension":[{"url":"http://hl7.org/fhir/tools/StructureDefinition/resource-sort","valueInteger":999999999},{"url":"http://hl7.org/fhir/StructureDefinition/implementationguide-page","valueUri":"ValueSet-live-alone-pre-stroke.html"}],"reference":{"reference":"ValueSet/live-alone-pre-stroke"},"name":"ValueSet of Live Alone Pre-Stroke","description":"ValueSet indicating whether a patient lived alone prior to a stroke event based on ICHOM terminology.","isExample":false,"groupingId":"-term-valueset"},{"extension":[{"url":"http://hl7.org/fhir/tools/StructureDefinition/resource-sort","valueInteger":999999999},{"url":"http://hl7.org/fhir/StructureDefinition/implementationguide-page","valueUri":"ValueSet-molicavc-promis10-valueset.html"}],"reference":{"reference":"ValueSet/molicavc-promis10-valueset"},"name":"ValueSet of PROMIS-10 Response Questionnaire","description":"This ValueSet defines the response values for the PROMIS-10 (Patient-Reported Outcomes Measurement Information System 10-item short form) Questionnaire.","isExample":false,"groupingId":"-term-valueset"},{"extension":[{"url":"http://hl7.org/fhir/tools/StructureDefinition/resource-sort","valueInteger":999999999},{"url":"http://hl7.org/fhir/StructureDefinition/implementationguide-page","valueUri":"ValueSet-molicavc-ethnicity-valueset.html"}],"reference":{"reference":"ValueSet/molicavc-ethnicity-valueset"},"name":"ValueSet of Patient Ethnicity","description":"Patient's Ethnicity captures the cultural background or heritage individuals identify with most closely. It is recorded based on local standards in the geographic region and self-reported by the patient. Although optional, ICHOM strongly encourages collecting this inclusive information to address health disparities while ensuring confidentiality. . Responses are coded using LOINC standards.","isExample":false,"groupingId":"-term-valueset"},{"extension":[{"url":"http://hl7.org/fhir/tools/StructureDefinition/resource-sort","valueInteger":999999999},{"url":"http://hl7.org/fhir/StructureDefinition/implementationguide-page","valueUri":"ValueSet-molicavc-race.html"}],"reference":{"reference":"ValueSet/molicavc-race"},"name":"ValueSet of Patient Race","description":"Value set for capturing the patient's race based on LOINC standards, as recommended by ICHOM.","isExample":false,"groupingId":"-term-valueset"},{"extension":[{"url":"http://hl7.org/fhir/tools/StructureDefinition/resource-sort","valueInteger":999999999},{"url":"http://hl7.org/fhir/StructureDefinition/implementationguide-page","valueUri":"ValueSet-living-location-pre-stroke-valueset.html"}],"reference":{"reference":"ValueSet/living-location-pre-stroke-valueset"},"name":"ValueSet of Patient's Residence Prior to a Stroke","description":"Represents the patient's most recent place of residence before the occurrence of a stroke based on ICHOM code.","isExample":false,"groupingId":"-term-valueset"},{"extension":[{"url":"http://hl7.org/fhir/tools/StructureDefinition/resource-sort","valueInteger":999999999},{"url":"http://hl7.org/fhir/StructureDefinition/implementationguide-page","valueUri":"ValueSet-molicavc-functionalaspectsrehabilitation-valueset.html"}],"reference":{"reference":"ValueSet/molicavc-functionalaspectsrehabilitation-valueset"},"name":"ValueSet of Prestroke and Poststroke Functional Status questionnaire","description":"This ValueSet defines the response values for the Prestroke and Poststroke Functional Status questionnaire.","isExample":false,"groupingId":"-term-valueset"},{"extension":[{"url":"http://hl7.org/fhir/tools/StructureDefinition/resource-sort","valueInteger":999999999},{"url":"http://hl7.org/fhir/StructureDefinition/implementationguide-page","valueUri":"ValueSet-molicavc-code-professional-valueset.html"}],"reference":{"reference":"ValueSet/molicavc-code-professional-valueset"},"name":"ValueSet of Professional Code","description":"This ValueSet is integral to the Molic-AVC project and details codes for professionals serving stroke patients in Brazil.","isExample":false,"groupingId":"-term-valueset"},{"extension":[{"url":"http://hl7.org/fhir/tools/StructureDefinition/resource-sort","valueInteger":999999999},{"url":"http://hl7.org/fhir/StructureDefinition/implementationguide-page","valueUri":"ValueSet-molicavc-sex-valueset.html"}],"reference":{"reference":"ValueSet/molicavc-sex-valueset"},"name":"ValueSet of Sex based on ICHOM standard","description":"ValueSet for the patient's sex at birth according to the ICHOM standard.","isExample":false,"groupingId":"-term-valueset"},{"extension":[{"url":"http://hl7.org/fhir/tools/StructureDefinition/resource-sort","valueInteger":999999999},{"url":"http://hl7.org/fhir/StructureDefinition/implementationguide-page","valueUri":"ValueSet-molicavc-smokingstatus-valueset.html"}],"reference":{"reference":"ValueSet/molicavc-smokingstatus-valueset"},"name":"ValueSet of Smoking Status","description":"ValueSet for Smoking Status. A person's current and past smoking behavior.","isExample":false,"groupingId":"-term-valueset"},{"extension":[{"url":"http://hl7.org/fhir/tools/StructureDefinition/resource-sort","valueInteger":999999999},{"url":"http://hl7.org/fhir/StructureDefinition/implementationguide-page","valueUri":"ValueSet-molicavc-symptomduration-valueset.html"}],"reference":{"reference":"ValueSet/molicavc-symptomduration-valueset"},"name":"ValueSet of Symptom Duration","description":"ValueSet for Symptom Duration based on ICHOM.","isExample":false,"groupingId":"-term-valueset"},{"extension":[{"url":"http://hl7.org/fhir/tools/StructureDefinition/resource-sort","valueInteger":999999999},{"url":"http://hl7.org/fhir/StructureDefinition/implementationguide-page","valueUri":"ValueSet-molicavc-vr12-valueset.html"}],"reference":{"reference":"ValueSet/molicavc-vr12-valueset"},"name":"ValueSet of VR-12 Response Questionnaire","description":"This ValueSet defines the response values for the VR-12 (Veterans RAND 12 Item Health Survey).","isExample":false,"groupingId":"-term-valueset"},{"extension":[{"url":"http://hl7.org/fhir/tools/StructureDefinition/resource-sort","valueInteger":999999999},{"url":"http://hl7.org/fhir/StructureDefinition/implementationguide-page","valueUri":"ValueSet-molicavc-whodas-valueset.html"}],"reference":{"reference":"ValueSet/molicavc-whodas-valueset"},"name":"ValueSet of WHODAS Response Questionnaire","description":"This ValueSet defines the response values for the WHODAS (World Health Organization Disability Assessment Schedule) Questionnaire.","isExample":false,"groupingId":"-term-valueset"},{"extension":[{"url":"http://hl7.org/fhir/tools/StructureDefinition/resource-sort","valueInteger":999999999},{"url":"http://hl7.org/fhir/StructureDefinition/implementationguide-page","valueUri":"ValueSet-molicavc-smrsq-valueset.html"}],"reference":{"reference":"ValueSet/molicavc-smrsq-valueset"},"name":"ValueSet of simplified modified Ranking Scale questionnaire (SMRSq)","description":"This ValueSet defines the response values for the simplified modified Ranking Scale questionnaire.","isExample":false,"groupingId":"-term-valueset"},{"extension":[{"url":"http://hl7.org/fhir/tools/StructureDefinition/resource-sort","valueInteger":999999999},{"url":"http://hl7.org/fhir/StructureDefinition/implementationguide-page","valueUri":"Questionnaire-MolicAVC-WHODASQuestionnaire.html"}],"reference":{"reference":"Questionnaire/MolicAVC-WHODASQuestionnaire"},"name":"Use case of Molic-AVC WHODAS Questionnaire","description":"Example of WHODAS Questionnaire for a patient admitted due to a stroke.","profile":["https://molic-avc.gabriellesantosleandro.com/StructureDefinition/molicavc-questionnaire-profile"],"groupingId":"-ex-example"},{"extension":[{"url":"http://hl7.org/fhir/tools/StructureDefinition/resource-sort","valueInteger":999999999},{"url":"http://hl7.org/fhir/StructureDefinition/implementationguide-page","valueUri":"Questionnaire-MolicAVC-EQ5D3LQuestionnaire.html"}],"reference":{"reference":"Questionnaire/MolicAVC-EQ5D3LQuestionnaire"},"name":"Use case of Molic-AVC's EQ-5D-3L Questionnaire","description":"Example of EQ-5D-3L Questionnaire for a patient admitted due to a stroke.","profile":["https://molic-avc.gabriellesantosleandro.com/StructureDefinition/molicavc-questionnaire-profile"],"groupingId":"-ex-example"},{"extension":[{"url":"http://hl7.org/fhir/tools/StructureDefinition/resource-sort","valueInteger":999999999},{"url":"http://hl7.org/fhir/StructureDefinition/implementationguide-page","valueUri":"Encounter-MolicAVC-EncouterExample.html"}],"reference":{"reference":"Encounter/MolicAVC-EncouterExample"},"name":"Use case of Molic-AVC's Encounter","description":"Example instance of an encounter for a patient admitted due to a stroke.","profile":["https://molic-avc.gabriellesantosleandro.com/StructureDefinition/molicavc-encounter-profile"],"groupingId":"-ex-example"},{"extension":[{"url":"http://hl7.org/fhir/tools/StructureDefinition/resource-sort","valueInteger":999999999},{"url":"http://hl7.org/fhir/StructureDefinition/implementationguide-page","valueUri":"Questionnaire-MolicAVC-FunctionalAspectsRehabilitation.html"}],"reference":{"reference":"Questionnaire/MolicAVC-FunctionalAspectsRehabilitation"},"name":"Use case of Molic-AVC's Functional Aspects and Rehabilitation: Feeding, Communication, and Stroke Rehabilitation","description":"Example of Functional Aspects and Rehabilitation: Feeding, Communication, and Stroke Rehabilitation.","profile":["https://molic-avc.gabriellesantosleandro.com/StructureDefinition/molicavc-questionnaire-profile"],"groupingId":"-ex-example"},{"extension":[{"url":"http://hl7.org/fhir/tools/StructureDefinition/resource-sort","valueInteger":999999999},{"url":"http://hl7.org/fhir/StructureDefinition/implementationguide-page","valueUri":"Questionnaire-MolicAVC-HRHSQoL.html"}],"reference":{"reference":"Questionnaire/MolicAVC-HRHSQoL"},"name":"Use case of Molic-AVC's Health-Related Quality of Life/Self-Reported Health Status Question.","description":"Example of Health-related Quality of Life/Self-Reported Health Status Question.","profile":["https://molic-avc.gabriellesantosleandro.com/StructureDefinition/molicavc-questionnaire-profile"],"groupingId":"-ex-example"},{"extension":[{"url":"http://hl7.org/fhir/tools/StructureDefinition/resource-sort","valueInteger":999999999},{"url":"http://hl7.org/fhir/StructureDefinition/implementationguide-page","valueUri":"Organization-MolicAVC-OrganizationExample.html"}],"reference":{"reference":"Organization/MolicAVC-OrganizationExample"},"name":"Use case of Molic-AVC's Organization","description":"Example instance of an Organization in the Molic-AVC project.","profile":["https://molic-avc.gabriellesantosleandro.com/StructureDefinition/molicavc-organization-profile"],"groupingId":"-ex-example"},{"extension":[{"url":"http://hl7.org/fhir/tools/StructureDefinition/resource-sort","valueInteger":999999999},{"url":"http://hl7.org/fhir/StructureDefinition/implementationguide-page","valueUri":"Questionnaire-MolicAVC-PROMIS10Questionnaire.html"}],"reference":{"reference":"Questionnaire/MolicAVC-PROMIS10Questionnaire"},"name":"Use case of Molic-AVC's PROMIS-10 Questionnaire","description":"Example of PROMIS-10 Questionnaire for a patient admitted due to a stroke.","profile":["https://molic-avc.gabriellesantosleandro.com/StructureDefinition/molicavc-questionnaire-profile"],"groupingId":"-ex-example"},{"extension":[{"url":"http://hl7.org/fhir/tools/StructureDefinition/resource-sort","valueInteger":999999999},{"url":"http://hl7.org/fhir/StructureDefinition/implementationguide-page","valueUri":"Patient-123.456.789-00.html"}],"reference":{"reference":"Patient/123.456.789-00"},"name":"Use case of Molic-AVC's Patient","description":"This case study presents a patient profile tailored for the Molic-AVC project, an initiative \nfocused on optimizing care for Acute Ischemic Stroke patients. The profile extends the FHIR Patient \nresource with specialized extensions to capture essential data.","profile":["https://molic-avc.gabriellesantosleandro.com/StructureDefinition/molicavc-patient-profile"],"groupingId":"-ex-example"},{"extension":[{"url":"http://hl7.org/fhir/tools/StructureDefinition/resource-sort","valueInteger":999999999},{"url":"http://hl7.org/fhir/StructureDefinition/implementationguide-page","valueUri":"Practitioner-MolicAVC-DoctorExample.html"}],"reference":{"reference":"Practitioner/MolicAVC-DoctorExample"},"name":"Use case of Molic-AVC's Practitioner","description":"Example instance of a doctor in the Molic-AVC project.","profile":["https://molic-avc.gabriellesantosleandro.com/StructureDefinition/molicavc-practitioner-profile"],"groupingId":"-ex-example"},{"extension":[{"url":"http://hl7.org/fhir/tools/StructureDefinition/resource-sort","valueInteger":999999999},{"url":"http://hl7.org/fhir/StructureDefinition/implementationguide-page","valueUri":"Questionnaire-MolicAVC-FunctionalStatus-Questionnaire.html"}],"reference":{"reference":"Questionnaire/MolicAVC-FunctionalStatus-Questionnaire"},"name":"Use case of Molic-AVC's Prestroke and Poststroke Functional Status","description":"Example of Prestroke and Poststroke Functional Status Questionnaire for the patient admitted due to a stroke.","profile":["https://molic-avc.gabriellesantosleandro.com/StructureDefinition/molicavc-questionnaire-profile"],"groupingId":"-ex-example"},{"extension":[{"url":"http://hl7.org/fhir/tools/StructureDefinition/resource-sort","valueInteger":999999999},{"url":"http://hl7.org/fhir/StructureDefinition/implementationguide-page","valueUri":"Questionnaire-MolicAVC-VR12Questionnaire.html"}],"reference":{"reference":"Questionnaire/MolicAVC-VR12Questionnaire"},"name":"Use case of Molic-AVC's VR-12 Survey","description":"Example of VR-12 for a patient admitted due to a stroke.","profile":["https://molic-avc.gabriellesantosleandro.com/StructureDefinition/molicavc-questionnaire-profile"],"groupingId":"-ex-example"},{"extension":[{"url":"http://hl7.org/fhir/tools/StructureDefinition/resource-sort","valueInteger":999999999},{"url":"http://hl7.org/fhir/StructureDefinition/implementationguide-page","valueUri":"Questionnaire-MolicAVC-smRSqQuestionnaire.html"}],"reference":{"reference":"Questionnaire/MolicAVC-smRSqQuestionnaire"},"name":"Use case of Molic-AVC's simplified modified Rankin Scale Questionnaire (smRSq)","description":"Example of simplified modified Rankin Scale Questionnaire for a patient admitted due to a stroke.","profile":["https://molic-avc.gabriellesantosleandro.com/StructureDefinition/molicavc-questionnaire-profile"],"groupingId":"-ex-example"},{"extension":[{"url":"http://hl7.org/fhir/tools/StructureDefinition/resource-sort","valueInteger":999999999},{"url":"http://hl7.org/fhir/StructureDefinition/implementationguide-page","valueUri":"QuestionnaireResponse-MolicAVC-WHODAS-QuestionnaireResponse.html"}],"reference":{"reference":"QuestionnaireResponse/MolicAVC-WHODAS-QuestionnaireResponse"},"name":"Use case of QuestionnaireResponse of Molic-AVC WHODAS questionnaire","description":"Example of WHODAS QuestionnaireResponse for a patient admitted due to a stroke.","profile":["https://molic-avc.gabriellesantosleandro.com/StructureDefinition/molicavc-questionnaireresponse-profile"],"groupingId":"-ex-example"},{"extension":[{"url":"http://hl7.org/fhir/tools/StructureDefinition/resource-sort","valueInteger":999999999},{"url":"http://hl7.org/fhir/StructureDefinition/implementationguide-page","valueUri":"QuestionnaireResponse-MolicAVC-EQ5D3L-QuestionnaireResponse.html"}],"reference":{"reference":"QuestionnaireResponse/MolicAVC-EQ5D3L-QuestionnaireResponse"},"name":"Use case of QuestionnaireResponse of Molic-AVC's EQ-5D-3L questionnaire","description":"Example of EQ-5D-3L QuestionnaireResponse for a patient admitted due to a stroke.","profile":["https://molic-avc.gabriellesantosleandro.com/StructureDefinition/molicavc-questionnaireresponse-profile"],"groupingId":"-ex-example"},{"extension":[{"url":"http://hl7.org/fhir/tools/StructureDefinition/resource-sort","valueInteger":999999999},{"url":"http://hl7.org/fhir/StructureDefinition/implementationguide-page","valueUri":"QuestionnaireResponse-MolicAVC-FunctionalAspectsRehabilitation-QuestionnaireResponse.html"}],"reference":{"reference":"QuestionnaireResponse/MolicAVC-FunctionalAspectsRehabilitation-QuestionnaireResponse"},"name":"Use case of QuestionnaireResponse of Molic-AVC's Functional Aspects and Rehabilitation: Feeding, Communication, and Stroke Rehabilitation.","description":"Example of QuestionnaireResponse of Functional Aspects and Rehabilitation: Feeding, Communication, and Stroke Rehabilitation.","profile":["https://molic-avc.gabriellesantosleandro.com/StructureDefinition/molicavc-questionnaireresponse-profile"],"groupingId":"-ex-example"},{"extension":[{"url":"http://hl7.org/fhir/tools/StructureDefinition/resource-sort","valueInteger":999999999},{"url":"http://hl7.org/fhir/StructureDefinition/implementationguide-page","valueUri":"QuestionnaireResponse-MolicAVC-HRHSQoL-QuestionnaireResponse.html"}],"reference":{"reference":"QuestionnaireResponse/MolicAVC-HRHSQoL-QuestionnaireResponse"},"name":"Use case of QuestionnaireResponse of Molic-AVC's Health-Related Quality of Life/Self-Reported Health Status Question.","description":"Example of Health-related Quality of Life/Self-Reported Health Status QuestionnaireResponse.","profile":["https://molic-avc.gabriellesantosleandro.com/StructureDefinition/molicavc-questionnaireresponse-profile"],"groupingId":"-ex-example"},{"extension":[{"url":"http://hl7.org/fhir/tools/StructureDefinition/resource-sort","valueInteger":999999999},{"url":"http://hl7.org/fhir/StructureDefinition/implementationguide-page","valueUri":"QuestionnaireResponse-MolicAVC-PROMIS10-QuestionnaireResponse.html"}],"reference":{"reference":"QuestionnaireResponse/MolicAVC-PROMIS10-QuestionnaireResponse"},"name":"Use case of QuestionnaireResponse of Molic-AVC's PROMIS-10","description":"Example of PROMIS-10 QuestionnaireResponse for a patient admitted due to a stroke.","profile":["https://molic-avc.gabriellesantosleandro.com/StructureDefinition/molicavc-questionnaireresponse-profile"],"groupingId":"-ex-example"},{"extension":[{"url":"http://hl7.org/fhir/tools/StructureDefinition/resource-sort","valueInteger":999999999},{"url":"http://hl7.org/fhir/StructureDefinition/implementationguide-page","valueUri":"QuestionnaireResponse-MolicAVC-FunctionalStatus-QuestionnaireResponse.html"}],"reference":{"reference":"QuestionnaireResponse/MolicAVC-FunctionalStatus-QuestionnaireResponse"},"name":"Use case of QuestionnaireResponse of Molic-AVC's Prestroke and Poststroke Functional Status","description":"Example of Prestroke and Poststroke Functional Status QuestionnaireResponse for the patient admitted due to a stroke.","profile":["https://molic-avc.gabriellesantosleandro.com/StructureDefinition/molicavc-questionnaireresponse-profile"],"groupingId":"-ex-example"},{"extension":[{"url":"http://hl7.org/fhir/tools/StructureDefinition/resource-sort","valueInteger":999999999},{"url":"http://hl7.org/fhir/StructureDefinition/implementationguide-page","valueUri":"QuestionnaireResponse-MolicAVC-VR12-QuestionnaireResponse.html"}],"reference":{"reference":"QuestionnaireResponse/MolicAVC-VR12-QuestionnaireResponse"},"name":"Use case of QuestionnaireResponse of Molic-AVC's VR-12 Survey","description":"Example of VR-12 QuestionnaireResponse for a patient admitted due to a stroke.","profile":["https://molic-avc.gabriellesantosleandro.com/StructureDefinition/molicavc-questionnaireresponse-profile"],"groupingId":"-ex-example"},{"extension":[{"url":"http://hl7.org/fhir/tools/StructureDefinition/resource-sort","valueInteger":999999999},{"url":"http://hl7.org/fhir/StructureDefinition/implementationguide-page","valueUri":"QuestionnaireResponse-MolicAVC-smRSq-QuestionnaireResponse.html"}],"reference":{"reference":"QuestionnaireResponse/MolicAVC-smRSq-QuestionnaireResponse"},"name":"Use case of QuestionnaireResponse of Molic-AVC's simplified modified Rankin Scale questionnaire","description":"Example of simplified modified Rankin Scale QuestionnaireResponse for a patient admitted due to a stroke.","profile":["https://molic-avc.gabriellesantosleandro.com/StructureDefinition/molicavc-questionnaireresponse-profile"],"groupingId":"-ex-example"}],"page":{"sourceUrl":"toc.html","name":"toc.html","title":"Table of Contents","generation":"html","page":[{"sourceUrl":"index.html","name":"index.html","title":"Home","generation":"markdown"},{"sourceUrl":"artifacts.html","name":"artifacts.html","title":"Artifacts Summary","generation":"html","page":[{"sourceUrl":"StructureDefinition-molicavc-encounter-profile.html","name":"StructureDefinition-molicavc-encounter-profile.html","title":"Profile of Molic-AVC's Encounter","generation":"generated"},{"sourceUrl":"StructureDefinition-molicavc-observation-profile.html","name":"StructureDefinition-molicavc-observation-profile.html","title":"Profile of Molic-AVC's Observation","generation":"generated"},{"sourceUrl":"StructureDefinition-molicavc-organization-profile.html","name":"StructureDefinition-molicavc-organization-profile.html","title":"Profile of Molic-AVC's Organization","generation":"generated"},{"sourceUrl":"StructureDefinition-molicavc-patient-profile.html","name":"StructureDefinition-molicavc-patient-profile.html","title":"Profile of Molic-AVC's Patient","generation":"generated"},{"sourceUrl":"StructureDefinition-molicavc-practitioner-profile.html","name":"StructureDefinition-molicavc-practitioner-profile.html","title":"Profile of Molic-AVC's Practitioner","generation":"generated"},{"sourceUrl":"StructureDefinition-molicavc-questionnaire-profile.html","name":"StructureDefinition-molicavc-questionnaire-profile.html","title":"Profile of Molic-AVC's Questionnaire","generation":"generated"},{"sourceUrl":"StructureDefinition-molicavc-questionnaireresponse-profile.html","name":"StructureDefinition-molicavc-questionnaireresponse-profile.html","title":"Profile of Molic-AVC's QuestionnaireResponse","generation":"generated"},{"sourceUrl":"StructureDefinition-molicavc-alcoholamount-extension.html","name":"StructureDefinition-molicavc-alcoholamount-extension.html","title":"Extension of Alcohol intake amount","generation":"generated"},{"sourceUrl":"StructureDefinition-molicavc-consciousness-extension.html","name":"StructureDefinition-molicavc-consciousness-extension.html","title":"Extension of Consciousness","generation":"generated"},{"sourceUrl":"StructureDefinition-molicavc-nihsscategory-extension.html","name":"StructureDefinition-molicavc-nihsscategory-extension.html","title":"Extension of Estimated Stroke Severity Category based on NIHSS","generation":"generated"},{"sourceUrl":"StructureDefinition-live-alone-pre-stroke-extension.html","name":"StructureDefinition-live-alone-pre-stroke-extension.html","title":"Extension of Live Alone Pre-Stroke","generation":"generated"},{"sourceUrl":"StructureDefinition-molicavc-ethnicity-extension.html","name":"StructureDefinition-molicavc-ethnicity-extension.html","title":"Extension of Patient Ethnicity","generation":"generated"},{"sourceUrl":"StructureDefinition-molicavc-genderidentity-extension.html","name":"StructureDefinition-molicavc-genderidentity-extension.html","title":"Extension of Patient Gender Identity","generation":"generated"},{"sourceUrl":"StructureDefinition-molicavc-race-extension.html","name":"StructureDefinition-molicavc-race-extension.html","title":"Extension of Patient Race","generation":"generated"},{"sourceUrl":"StructureDefinition-molicavc-sex-extension.html","name":"StructureDefinition-molicavc-sex-extension.html","title":"Extension of Patient Sex","generation":"generated"},{"sourceUrl":"StructureDefinition-living-location-pre-stroke-extension.html","name":"StructureDefinition-living-location-pre-stroke-extension.html","title":"Extension of Patient's Residence Prior to a Stroke","generation":"generated"},{"sourceUrl":"StructureDefinition-molicavc-smokingstatus-extension.html","name":"StructureDefinition-molicavc-smokingstatus-extension.html","title":"Extension of Smoking Status","generation":"generated"},{"sourceUrl":"StructureDefinition-molicavc-nihss-extension.html","name":"StructureDefinition-molicavc-nihss-extension.html","title":"Extension of Stroke Severity Score based on NIHSS","generation":"generated"},{"sourceUrl":"StructureDefinition-molicavc-strokewindow-extension.html","name":"StructureDefinition-molicavc-strokewindow-extension.html","title":"Extension of Stroke Window","generation":"generated"},{"sourceUrl":"StructureDefinition-molicavc-symptomduration-extension.html","name":"StructureDefinition-molicavc-symptomduration-extension.html","title":"Extension of Stroke's Symptom Duration","generation":"generated"},{"sourceUrl":"ValueSet-molicavc-consciousness-valueset.html","name":"ValueSet-molicavc-consciousness-valueset.html","title":"ValueSet of Consciousness","generation":"generated"},{"sourceUrl":"ValueSet-molicavc-eq5d3l-valueset.html","name":"ValueSet-molicavc-eq5d3l-valueset.html","title":"ValueSet of EQ-5D-3L Response Questionnaire","generation":"generated"},{"sourceUrl":"ValueSet-molicavc-nihsscategory-valueset.html","name":"ValueSet-molicavc-nihsscategory-valueset.html","title":"ValueSet of Estimated Stroke Severity Category by the NIHSS","generation":"generated"},{"sourceUrl":"ValueSet-molicavc-functionalstatus-valueset.html","name":"ValueSet-molicavc-functionalstatus-valueset.html","title":"ValueSet of Functional Aspects and Rehabilitation: Feeding, Communication, and Stroke Rehabilitation","generation":"generated"},{"sourceUrl":"ValueSet-molicavc-gender-valueset.html","name":"ValueSet-molicavc-gender-valueset.html","title":"ValueSet of Gender Identity","generation":"generated"},{"sourceUrl":"ValueSet-molicavc-hrhsqol-valueset.html","name":"ValueSet-molicavc-hrhsqol-valueset.html","title":"ValueSet of Health-related Quality of Life Response Question","generation":"generated"},{"sourceUrl":"ValueSet-molicavc-code-healthcare-unit-valueset.html","name":"ValueSet-molicavc-code-healthcare-unit-valueset.html","title":"ValueSet of Healthcare Unit Code","generation":"generated"},{"sourceUrl":"ValueSet-live-alone-pre-stroke.html","name":"ValueSet-live-alone-pre-stroke.html","title":"ValueSet of Live Alone Pre-Stroke","generation":"generated"},{"sourceUrl":"ValueSet-molicavc-ethnicity-valueset.html","name":"ValueSet-molicavc-ethnicity-valueset.html","title":"ValueSet of Patient Ethnicity","generation":"generated"},{"sourceUrl":"ValueSet-molicavc-race.html","name":"ValueSet-molicavc-race.html","title":"ValueSet of Patient Race","generation":"generated"},{"sourceUrl":"ValueSet-living-location-pre-stroke-valueset.html","name":"ValueSet-living-location-pre-stroke-valueset.html","title":"ValueSet of Patient's Residence Prior to a Stroke","generation":"generated"},{"sourceUrl":"ValueSet-molicavc-functionalaspectsrehabilitation-valueset.html","name":"ValueSet-molicavc-functionalaspectsrehabilitation-valueset.html","title":"ValueSet of Prestroke and Poststroke Functional Status questionnaire","generation":"generated"},{"sourceUrl":"ValueSet-molicavc-code-professional-valueset.html","name":"ValueSet-molicavc-code-professional-valueset.html","title":"ValueSet of Professional Code","generation":"generated"},{"sourceUrl":"ValueSet-molicavc-promis10-valueset.html","name":"ValueSet-molicavc-promis10-valueset.html","title":"ValueSet of PROMIS-10 Response Questionnaire","generation":"generated"},{"sourceUrl":"ValueSet-molicavc-sex-valueset.html","name":"ValueSet-molicavc-sex-valueset.html","title":"ValueSet of Sex based on ICHOM standard","generation":"generated"},{"sourceUrl":"ValueSet-molicavc-smrsq-valueset.html","name":"ValueSet-molicavc-smrsq-valueset.html","title":"ValueSet of simplified modified Ranking Scale questionnaire (SMRSq)","generation":"generated"},{"sourceUrl":"ValueSet-molicavc-smokingstatus-valueset.html","name":"ValueSet-molicavc-smokingstatus-valueset.html","title":"ValueSet of Smoking Status","generation":"generated"},{"sourceUrl":"ValueSet-molicavc-symptomduration-valueset.html","name":"ValueSet-molicavc-symptomduration-valueset.html","title":"ValueSet of Symptom Duration","generation":"generated"},{"sourceUrl":"ValueSet-molicavc-vr12-valueset.html","name":"ValueSet-molicavc-vr12-valueset.html","title":"ValueSet of VR-12 Response Questionnaire","generation":"generated"},{"sourceUrl":"ValueSet-molicavc-whodas-valueset.html","name":"ValueSet-molicavc-whodas-valueset.html","title":"ValueSet of WHODAS Response Questionnaire","generation":"generated"},{"sourceUrl":"Questionnaire-MolicAVC-WHODASQuestionnaire.html","name":"Questionnaire-MolicAVC-WHODASQuestionnaire.html","title":"Use case of Molic-AVC WHODAS Questionnaire","generation":"generated"},{"sourceUrl":"Encounter-MolicAVC-EncouterExample.html","name":"Encounter-MolicAVC-EncouterExample.html","title":"Use case of Molic-AVC's Encounter","generation":"generated"},{"sourceUrl":"Questionnaire-MolicAVC-EQ5D3LQuestionnaire.html","name":"Questionnaire-MolicAVC-EQ5D3LQuestionnaire.html","title":"Use case of Molic-AVC's EQ-5D-3L Questionnaire","generation":"generated"},{"sourceUrl":"Questionnaire-MolicAVC-FunctionalAspectsRehabilitation.html","name":"Questionnaire-MolicAVC-FunctionalAspectsRehabilitation.html","title":"Use case of Molic-AVC's Functional Aspects and Rehabilitation: Feeding, Communication, and Stroke Rehabilitation","generation":"generated"},{"sourceUrl":"Questionnaire-MolicAVC-HRHSQoL.html","name":"Questionnaire-MolicAVC-HRHSQoL.html","title":"Use case of Molic-AVC's Health-Related Quality of Life/Self-Reported Health Status Question.","generation":"generated"},{"sourceUrl":"Organization-MolicAVC-OrganizationExample.html","name":"Organization-MolicAVC-OrganizationExample.html","title":"Use case of Molic-AVC's Organization","generation":"generated"},{"sourceUrl":"Patient-123.456.789-00.html","name":"Patient-123.456.789-00.html","title":"Use case of Molic-AVC's Patient","generation":"generated"},{"sourceUrl":"Practitioner-MolicAVC-DoctorExample.html","name":"Practitioner-MolicAVC-DoctorExample.html","title":"Use case of Molic-AVC's Practitioner","generation":"generated"},{"sourceUrl":"Questionnaire-MolicAVC-FunctionalStatus-Questionnaire.html","name":"Questionnaire-MolicAVC-FunctionalStatus-Questionnaire.html","title":"Use case of Molic-AVC's Prestroke and Poststroke Functional Status","generation":"generated"},{"sourceUrl":"Questionnaire-MolicAVC-PROMIS10Questionnaire.html","name":"Questionnaire-MolicAVC-PROMIS10Questionnaire.html","title":"Use case of Molic-AVC's PROMIS-10 Questionnaire","generation":"generated"},{"sourceUrl":"Questionnaire-MolicAVC-smRSqQuestionnaire.html","name":"Questionnaire-MolicAVC-smRSqQuestionnaire.html","title":"Use case of Molic-AVC's simplified modified Rankin Scale Questionnaire (smRSq)","generation":"generated"},{"sourceUrl":"Questionnaire-MolicAVC-VR12Questionnaire.html","name":"Questionnaire-MolicAVC-VR12Questionnaire.html","title":"Use case of Molic-AVC's VR-12 Survey","generation":"generated"},{"sourceUrl":"QuestionnaireResponse-MolicAVC-WHODAS-QuestionnaireResponse.html","name":"QuestionnaireResponse-MolicAVC-WHODAS-QuestionnaireResponse.html","title":"Use case of QuestionnaireResponse of Molic-AVC WHODAS questionnaire","generation":"generated"},{"sourceUrl":"QuestionnaireResponse-MolicAVC-EQ5D3L-QuestionnaireResponse.html","name":"QuestionnaireResponse-MolicAVC-EQ5D3L-QuestionnaireResponse.html","title":"Use case of QuestionnaireResponse of Molic-AVC's EQ-5D-3L questionnaire","generation":"generated"},{"sourceUrl":"QuestionnaireResponse-MolicAVC-FunctionalAspectsRehabilitation-QuestionnaireResponse.html","name":"QuestionnaireResponse-MolicAVC-FunctionalAspectsRehabilitation-QuestionnaireResponse.html","title":"Use case of QuestionnaireResponse of Molic-AVC's Functional Aspects and Rehabilitation: Feeding, Communication, and Stroke Rehabilitation.","generation":"generated"},{"sourceUrl":"QuestionnaireResponse-MolicAVC-HRHSQoL-QuestionnaireResponse.html","name":"QuestionnaireResponse-MolicAVC-HRHSQoL-QuestionnaireResponse.html","title":"Use case of QuestionnaireResponse of Molic-AVC's Health-Related Quality of Life/Self-Reported Health Status Question.","generation":"generated"},{"sourceUrl":"QuestionnaireResponse-MolicAVC-FunctionalStatus-QuestionnaireResponse.html","name":"QuestionnaireResponse-MolicAVC-FunctionalStatus-QuestionnaireResponse.html","title":"Use case of QuestionnaireResponse of Molic-AVC's Prestroke and Poststroke Functional Status","generation":"generated"},{"sourceUrl":"QuestionnaireResponse-MolicAVC-PROMIS10-QuestionnaireResponse.html","name":"QuestionnaireResponse-MolicAVC-PROMIS10-QuestionnaireResponse.html","title":"Use case of QuestionnaireResponse of Molic-AVC's PROMIS-10","generation":"generated"},{"sourceUrl":"QuestionnaireResponse-MolicAVC-smRSq-QuestionnaireResponse.html","name":"QuestionnaireResponse-MolicAVC-smRSq-QuestionnaireResponse.html","title":"Use case of QuestionnaireResponse of Molic-AVC's simplified modified Rankin Scale questionnaire","generation":"generated"},{"sourceUrl":"QuestionnaireResponse-MolicAVC-VR12-QuestionnaireResponse.html","name":"QuestionnaireResponse-MolicAVC-VR12-QuestionnaireResponse.html","title":"Use case of QuestionnaireResponse of Molic-AVC's VR-12 Survey","generation":"generated"}]}]},"parameter":[{"code":{"system":"http://hl7.org/fhir/guide-parameter-code","code":"path-resource"},"value":"input/capabilities"},{"code":{"system":"http://hl7.org/fhir/guide-parameter-code","code":"path-resource"},"value":"input/examples"},{"code":{"system":"http://hl7.org/fhir/guide-parameter-code","code":"path-resource"},"value":"input/extensions"},{"code":{"system":"http://hl7.org/fhir/guide-parameter-code","code":"path-resource"},"value":"input/models"},{"code":{"system":"http://hl7.org/fhir/guide-parameter-code","code":"path-resource"},"value":"input/operations"},{"code":{"system":"http://hl7.org/fhir/guide-parameter-code","code":"path-resource"},"value":"input/profiles"},{"code":{"system":"http://hl7.org/fhir/guide-parameter-code","code":"path-resource"},"value":"input/resources"},{"code":{"system":"http://hl7.org/fhir/guide-parameter-code","code":"path-resource"},"value":"input/vocabulary"},{"code":{"system":"http://hl7.org/fhir/guide-parameter-code","code":"path-resource"},"value":"input/maps"},{"code":{"system":"http://hl7.org/fhir/guide-parameter-code","code":"path-resource"},"value":"input/testing"},{"code":{"system":"http://hl7.org/fhir/guide-parameter-code","code":"path-resource"},"value":"input/history"},{"code":{"system":"http://hl7.org/fhir/guide-parameter-code","code":"path-resource"},"value":"fsh-generated/resources"},{"code":{"system":"http://hl7.org/fhir/guide-parameter-code","code":"path-pages"},"value":"template/config"},{"code":{"system":"http://hl7.org/fhir/guide-parameter-code","code":"path-pages"},"value":"input/images"},{"code":{"system":"http://hl7.org/fhir/guide-parameter-code","code":"path-tx-cache"},"value":"input-cache/txcache"},{"code":{"system":"http://hl7.org/fhir/tools/CodeSystem/ig-parameters","code":"copyrightyear"},"value":"2023+"},{"code":{"system":"http://hl7.org/fhir/tools/CodeSystem/ig-parameters","code":"releaselabel"},"value":"ci-build"},{"code":{"system":"http://hl7.org/fhir/tools/CodeSystem/ig-parameters","code":"autoload-resources"},"value":"true"},{"code":{"system":"http://hl7.org/fhir/tools/CodeSystem/ig-parameters","code":"path-liquid"},"value":"template/liquid"},{"code":{"system":"http://hl7.org/fhir/tools/CodeSystem/ig-parameters","code":"path-liquid"},"value":"input/liquid"},{"code":{"system":"http://hl7.org/fhir/tools/CodeSystem/ig-parameters","code":"path-qa"},"value":"temp/qa"},{"code":{"system":"http://hl7.org/fhir/tools/CodeSystem/ig-parameters","code":"path-temp"},"value":"temp/pages"},{"code":{"system":"http://hl7.org/fhir/tools/CodeSystem/ig-parameters","code":"path-output"},"value":"output"},{"code":{"system":"http://hl7.org/fhir/tools/CodeSystem/ig-parameters","code":"path-suppressed-warnings"},"value":"input/ignoreWarnings.txt"},{"code":{"system":"http://hl7.org/fhir/tools/CodeSystem/ig-parameters","code":"path-history"},"value":"https://molic-avc.gabriellesantosleandro.com/history.html"},{"code":{"system":"http://hl7.org/fhir/tools/CodeSystem/ig-parameters","code":"template-html"},"value":"template-page.html"},{"code":{"system":"http://hl7.org/fhir/tools/CodeSystem/ig-parameters","code":"template-md"},"value":"template-page-md.html"},{"code":{"system":"http://hl7.org/fhir/tools/CodeSystem/ig-parameters","code":"apply-contact"},"value":"true"},{"code":{"system":"http://hl7.org/fhir/tools/CodeSystem/ig-parameters","code":"apply-context"},"value":"true"},{"code":{"system":"http://hl7.org/fhir/tools/CodeSystem/ig-parameters","code":"apply-copyright"},"value":"true"},{"code":{"system":"http://hl7.org/fhir/tools/CodeSystem/ig-parameters","code":"apply-jurisdiction"},"value":"true"},{"code":{"system":"http://hl7.org/fhir/tools/CodeSystem/ig-parameters","code":"apply-license"},"value":"true"},{"code":{"system":"http://hl7.org/fhir/tools/CodeSystem/ig-parameters","code":"apply-publisher"},"value":"true"},{"code":{"system":"http://hl7.org/fhir/tools/CodeSystem/ig-parameters","code":"apply-version"},"value":"true"},{"code":{"system":"http://hl7.org/fhir/tools/CodeSystem/ig-parameters","code":"active-tables"},"value":"true"},{"code":{"system":"http://hl7.org/fhir/tools/CodeSystem/ig-parameters","code":"fmm-definition"},"value":"http://hl7.org/fhir/versions.html#maturity"},{"code":{"system":"http://hl7.org/fhir/tools/CodeSystem/ig-parameters","code":"propagate-status"},"value":"true"},{"code":{"system":"http://hl7.org/fhir/tools/CodeSystem/ig-parameters","code":"excludelogbinaryformat"},"value":"true"},{"code":{"system":"http://hl7.org/fhir/tools/CodeSystem/ig-parameters","code":"tabbed-snapshots"},"value":"true"},{"code":{"system":"http://hl7.org/fhir/tools/CodeSystem/ig-parameters","code":"copyrightyear"},"value":"2023+"},{"code":{"system":"http://hl7.org/fhir/tools/CodeSystem/ig-parameters","code":"releaselabel"},"value":"ci-build"},{"code":{"system":"http://hl7.org/fhir/tools/CodeSystem/ig-parameters","code":"autoload-resources"},"value":"true"},{"code":{"system":"http://hl7.org/fhir/tools/CodeSystem/ig-parameters","code":"path-liquid"},"value":"template/liquid"},{"code":{"system":"http://hl7.org/fhir/tools/CodeSystem/ig-parameters","code":"path-liquid"},"value":"input/liquid"},{"code":{"system":"http://hl7.org/fhir/tools/CodeSystem/ig-parameters","code":"path-qa"},"value":"temp/qa"},{"code":{"system":"http://hl7.org/fhir/tools/CodeSystem/ig-parameters","code":"path-temp"},"value":"temp/pages"},{"code":{"system":"http://hl7.org/fhir/tools/CodeSystem/ig-parameters","code":"path-output"},"value":"output"},{"code":{"system":"http://hl7.org/fhir/tools/CodeSystem/ig-parameters","code":"path-suppressed-warnings"},"value":"input/ignoreWarnings.txt"},{"code":{"system":"http://hl7.org/fhir/tools/CodeSystem/ig-parameters","code":"path-history"},"value":"https://molic-avc.gabriellesantosleandro.com/history.html"},{"code":{"system":"http://hl7.org/fhir/tools/CodeSystem/ig-parameters","code":"template-html"},"value":"template-page.html"},{"code":{"system":"http://hl7.org/fhir/tools/CodeSystem/ig-parameters","code":"template-md"},"value":"template-page-md.html"},{"code":{"system":"http://hl7.org/fhir/tools/CodeSystem/ig-parameters","code":"apply-contact"},"value":"true"},{"code":{"system":"http://hl7.org/fhir/tools/CodeSystem/ig-parameters","code":"apply-context"},"value":"true"},{"code":{"system":"http://hl7.org/fhir/tools/CodeSystem/ig-parameters","code":"apply-copyright"},"value":"true"},{"code":{"system":"http://hl7.org/fhir/tools/CodeSystem/ig-parameters","code":"apply-jurisdiction"},"value":"true"},{"code":{"system":"http://hl7.org/fhir/tools/CodeSystem/ig-parameters","code":"apply-license"},"value":"true"},{"code":{"system":"http://hl7.org/fhir/tools/CodeSystem/ig-parameters","code":"apply-publisher"},"value":"true"},{"code":{"system":"http://hl7.org/fhir/tools/CodeSystem/ig-parameters","code":"apply-version"},"value":"true"},{"code":{"system":"http://hl7.org/fhir/tools/CodeSystem/ig-parameters","code":"active-tables"},"value":"true"},{"code":{"system":"http://hl7.org/fhir/tools/CodeSystem/ig-parameters","code":"fmm-definition"},"value":"http://hl7.org/fhir/versions.html#maturity"},{"code":{"system":"http://hl7.org/fhir/tools/CodeSystem/ig-parameters","code":"propagate-status"},"value":"true"},{"code":{"system":"http://hl7.org/fhir/tools/CodeSystem/ig-parameters","code":"excludelogbinaryformat"},"value":"true"},{"code":{"system":"http://hl7.org/fhir/tools/CodeSystem/ig-parameters","code":"tabbed-snapshots"},"value":"true"}]}}