{"resourceType":"ImplementationGuide","id":"guide","text":{"status":"extensions","div":"<div xmlns=\"http://www.w3.org/1999/xhtml\"><h2>MolicAVC</h2><p>The official URL for this implementation guide is: </p><pre>https://molic-avc.gabriellesantosleandro.com/ImplementationGuide/guide</pre><div><p>FHIR Implementation Guide for Stroke: A Dual Focus on the Patient's Journey and Outcome Measures</p>\n</div></div>"},"url":"https://molic-avc.gabriellesantosleandro.com/ImplementationGuide/guide","version":"0.0.0","name":"MolicAVC","title":"FHIR Implementation Guide for Stroke","status":"draft","date":"2024-01-17T07:29:27-03:00","publisher":"Gabrielle dos Santos Leandro","contact":[{"name":"Gabrielle dos Santos Leandro","telecom":[{"system":"url","value":"https://gabriellesantosleandro.com"},{"system":"email","value":"gabrielle.santos.leandro@gmail.com"}]},{"name":"Gabrielle dos Santos Leandro","telecom":[{"system":"url","value":"https://gabriellesantosleandro.com.br","use":"work"},{"system":"email","value":"gabrielle.santos.leandro@gmail.com","use":"work"}]}],"description":"FHIR Implementation Guide for Stroke: A Dual Focus on the Patient's Journey and Outcome Measures","packageId":"guide","license":"CC0-1.0","fhirVersion":["5.0.0"],"dependsOn":[{"id":"hl7tx","extension":[{"url":"http://hl7.org/fhir/tools/StructureDefinition/implementationguide-dependency-comment","valueMarkdown":"Automatically added as a dependency - all IGs depend on HL7 Terminology"}],"uri":"http://terminology.hl7.org/ImplementationGuide/hl7.terminology","packageId":"hl7.terminology.r5","version":"5.3.0"},{"id":"hl7ext","extension":[{"url":"http://hl7.org/fhir/tools/StructureDefinition/implementationguide-dependency-comment","valueMarkdown":"Automatically added as a dependency - all IGs depend on the HL7 Extension Pack"}],"uri":"http://hl7.org/fhir/extensions/ImplementationGuide/hl7.fhir.uv.extensions","packageId":"hl7.fhir.uv.extensions.r5","version":"1.0.0"}],"definition":{"extension":[{"url":"http://hl7.org/fhir/tools/StructureDefinition/ig-internal-dependency","valueCode":"hl7.fhir.uv.tools#0.1.0"}],"grouping":[{"id":"-str-questionnaire","name":"Structures: Questionnaires","description":"These define forms used by systems conforming to this implementation guide to capture or expose data to end users."},{"id":"-str-profile","name":"Structures: Resource Profiles","description":"These define constraints on FHIR resources for systems conforming to this implementation guide."},{"id":"-str-extension","name":"Structures: Extension Definitions","description":"These define constraints on FHIR data types for systems conforming to this implementation guide."},{"id":"-term-valueset","name":"Terminology: Value Sets","description":"These define sets of codes used by systems conforming to this implementation guide."},{"id":"-term-codesystem","name":"Terminology: Code Systems","description":"These define new code systems used by systems conforming to this implementation guide."},{"id":"-ex-example","name":"Example: Example Instances","description":"These are example instances that show what data produced and consumed by systems conforming with this implementation guide might look like."}],"resource":[{"extension":[{"url":"http://hl7.org/fhir/tools/StructureDefinition/resource-sort","valueInteger":999999999},{"url":"http://hl7.org/fhir/StructureDefinition/implementationguide-page","valueUri":"Questionnaire-ClinicalResponseBaseline.html"}],"reference":{"reference":"Questionnaire/ClinicalResponseBaseline"},"name":"Clinical Response Questionnaire 01 - Baseline","description":"This questionnaire is meant to assess the clinical response in stroke patients at the initial point of assessment, which would be the first doctor's visit.","isExample":false,"groupingId":"-str-questionnaire"},{"extension":[{"url":"http://hl7.org/fhir/tools/StructureDefinition/resource-sort","valueInteger":999999999},{"url":"http://hl7.org/fhir/StructureDefinition/implementationguide-page","valueUri":"Questionnaire-ClinicalResponseDischargeOrSevenDays.html"}],"reference":{"reference":"Questionnaire/ClinicalResponseDischargeOrSevenDays"},"name":"Clinical Response Questionnaire 02 - Discharge or 7 days post admission","description":"This questionnaire is meant to assess the clinical response in stroke patients at the patient discharge or 7 days post admission, whichever comes first.","isExample":false,"groupingId":"-str-questionnaire"},{"extension":[{"url":"http://hl7.org/fhir/tools/StructureDefinition/resource-sort","valueInteger":999999999},{"url":"http://hl7.org/fhir/StructureDefinition/implementationguide-page","valueUri":"Questionnaire-ClinicalResponseNinetyDays.html"}],"reference":{"reference":"Questionnaire/ClinicalResponseNinetyDays"},"name":"Clinical Response Questionnaire 03 - 90 days post admission","description":"This questionnaire is meant to assess the clinical response in stroke patients at 90 days post admission.","isExample":false,"groupingId":"-str-questionnaire"},{"extension":[{"url":"http://hl7.org/fhir/tools/StructureDefinition/resource-sort","valueInteger":999999999},{"url":"http://hl7.org/fhir/StructureDefinition/implementationguide-page","valueUri":"Questionnaire-ClinicalResponseAnnualUpdate.html"}],"reference":{"reference":"Questionnaire/ClinicalResponseAnnualUpdate"},"name":"Clinical Response Questionnaire 04 - Annual Follow-up","description":"This questionnaire is meant to assess the clinical response in stroke patients at annual follow-up, from 1 year to 5 years post admission.","isExample":false,"groupingId":"-str-questionnaire"},{"extension":[{"url":"http://hl7.org/fhir/tools/StructureDefinition/resource-sort","valueInteger":999999999},{"url":"http://hl7.org/fhir/StructureDefinition/implementationguide-page","valueUri":"Questionnaire-PatientReportedBaseline.html"}],"reference":{"reference":"Questionnaire/PatientReportedBaseline"},"name":"Patient Reported Questionnaire 01 - Baseline","description":"This questionnaire is designed to assess the patient-reported response in stroke patients at the initial point of assessment.","isExample":false,"groupingId":"-str-questionnaire"},{"extension":[{"url":"http://hl7.org/fhir/tools/StructureDefinition/resource-sort","valueInteger":999999999},{"url":"http://hl7.org/fhir/StructureDefinition/implementationguide-page","valueUri":"Questionnaire-PatientReportedDischargeOrSevenDays.html"}],"reference":{"reference":"Questionnaire/PatientReportedDischargeOrSevenDays"},"name":"Patient Reported Questionnaire 02 - Discharge or 7 days post admission","description":"This questionnaire is designed to assess the patient-reported response in stroke at the patient discharge or 7 days post admission, whichever comes first.","isExample":false,"groupingId":"-str-questionnaire"},{"extension":[{"url":"http://hl7.org/fhir/tools/StructureDefinition/resource-sort","valueInteger":999999999},{"url":"http://hl7.org/fhir/StructureDefinition/implementationguide-page","valueUri":"Questionnaire-PatientReportedNinetyDays.html"}],"reference":{"reference":"Questionnaire/PatientReportedNinetyDays"},"name":"Patient Reported Questionnaire 03 - 90 days post admission","description":"This questionnaire is designed to assess the patient-reported response in stroke at 90 days post admission.","isExample":false,"groupingId":"-str-questionnaire"},{"extension":[{"url":"http://hl7.org/fhir/tools/StructureDefinition/resource-sort","valueInteger":999999999},{"url":"http://hl7.org/fhir/StructureDefinition/implementationguide-page","valueUri":"StructureDefinition-CVDComorbidities.html"}],"reference":{"reference":"StructureDefinition/CVDComorbidities"},"name":"Cardiovascular Comorbidities","description":"Indicate which comorbidities the patient is living with.","isExample":false,"groupingId":"-str-profile"},{"extension":[{"url":"http://hl7.org/fhir/tools/StructureDefinition/resource-sort","valueInteger":999999999},{"url":"http://hl7.org/fhir/StructureDefinition/implementationguide-page","valueUri":"StructureDefinition-DiagnosisEvidence.html"}],"reference":{"reference":"StructureDefinition/DiagnosisEvidence"},"name":"Diagnosis Evidence Base","description":"Indicate how the diagnosis was made.","isExample":false,"groupingId":"-str-profile"},{"extension":[{"url":"http://hl7.org/fhir/tools/StructureDefinition/resource-sort","valueInteger":999999999},{"url":"http://hl7.org/fhir/StructureDefinition/implementationguide-page","valueUri":"StructureDefinition-DischDest.html"}],"reference":{"reference":"StructureDefinition/DischDest"},"name":"Discharge Destination Following Acute Care Hospitalization","description":"Indicate the patient’s discharge destination from acute care hospital.","isExample":false,"groupingId":"-str-profile"},{"extension":[{"url":"http://hl7.org/fhir/tools/StructureDefinition/resource-sort","valueInteger":999999999},{"url":"http://hl7.org/fhir/StructureDefinition/implementationguide-page","valueUri":"StructureDefinition-SymtDur.html"}],"reference":{"reference":"StructureDefinition/SymtDur"},"name":"Duration of Stroke Symptoms","description":"Indicate the duration of the stroke symptoms measured on hospital arrival.","isExample":false,"groupingId":"-str-profile"},{"extension":[{"url":"http://hl7.org/fhir/tools/StructureDefinition/resource-sort","valueInteger":999999999},{"url":"http://hl7.org/fhir/StructureDefinition/implementationguide-page","valueUri":"StructureDefinition-EstStrokeSevNIHSSCat.html"}],"reference":{"reference":"StructureDefinition/EstStrokeSevNIHSSCat"},"name":"Estimated Stroke Severity: based on NIHSS Category","description":"Indicate the estimated stroke severity category by the NIH Stroke Scale (NIHSS).","isExample":false,"groupingId":"-str-profile"},{"extension":[{"url":"http://hl7.org/fhir/tools/StructureDefinition/resource-sort","valueInteger":999999999},{"url":"http://hl7.org/fhir/StructureDefinition/implementationguide-page","valueUri":"StructureDefinition-StrokeOrganization.html"}],"reference":{"reference":"StructureDefinition/StrokeOrganization"},"name":"Healthcare Facility based on the Brazilian RNDS","description":"The Organization Profile encompasses all healthcare institutions related to stroke care, based on the \r\nBrazilian National Data Network (RNDS).","isExample":false,"groupingId":"-str-profile"},{"extension":[{"url":"http://hl7.org/fhir/tools/StructureDefinition/resource-sort","valueInteger":999999999},{"url":"http://hl7.org/fhir/StructureDefinition/implementationguide-page","valueUri":"StructureDefinition-Hemicraniectomy.html"}],"reference":{"reference":"StructureDefinition/Hemicraniectomy"},"name":"Hemicraniectomy","description":"Indicate if the patient underwent hemicraniectomy.","isExample":false,"groupingId":"-str-profile"},{"extension":[{"url":"http://hl7.org/fhir/tools/StructureDefinition/resource-sort","valueInteger":999999999},{"url":"http://hl7.org/fhir/StructureDefinition/implementationguide-page","valueUri":"StructureDefinition-RehabIN.html"}],"reference":{"reference":"StructureDefinition/RehabIN"},"name":"Inpatient Acute Care Rehabilitation","description":"Indicate whether there is dedicated stroke rehabilitation during acute care.","isExample":false,"groupingId":"-str-profile"},{"extension":[{"url":"http://hl7.org/fhir/tools/StructureDefinition/resource-sort","valueInteger":999999999},{"url":"http://hl7.org/fhir/StructureDefinition/implementationguide-page","valueUri":"StructureDefinition-RehabOUT.html"}],"reference":{"reference":"StructureDefinition/RehabOUT"},"name":"Post Acute Care Rehabilitation","description":"Indicate whether there is dedicated stroke rehabilitation during post-acute care, either hospital based or out patient/home based.","isExample":false,"groupingId":"-str-profile"},{"extension":[{"url":"http://hl7.org/fhir/tools/StructureDefinition/resource-sort","valueInteger":999999999},{"url":"http://hl7.org/fhir/StructureDefinition/implementationguide-page","valueUri":"StructureDefinition-PriorAtrialFibrillation.html"}],"reference":{"reference":"StructureDefinition/PriorAtrialFibrillation"},"name":"Prior Atrial Fibrillation and Flutter","description":"Indicate whether the person has ever been diagnosed with atrial fibrillation and flutter.","isExample":false,"groupingId":"-str-profile"},{"extension":[{"url":"http://hl7.org/fhir/tools/StructureDefinition/resource-sort","valueInteger":999999999},{"url":"http://hl7.org/fhir/StructureDefinition/implementationguide-page","valueUri":"StructureDefinition-PriorDiabetesMellitus.html"}],"reference":{"reference":"StructureDefinition/PriorDiabetesMellitus"},"name":"Prior Diabetes Mellitus","description":"Indicate if the patient has a documented history of diabetes mellitus (regardless of duration of disease or need for anti-diabetic agents).","isExample":false,"groupingId":"-str-profile"},{"extension":[{"url":"http://hl7.org/fhir/tools/StructureDefinition/resource-sort","valueInteger":999999999},{"url":"http://hl7.org/fhir/StructureDefinition/implementationguide-page","valueUri":"StructureDefinition-PriorHyperlipidemia.html"}],"reference":{"reference":"StructureDefinition/PriorHyperlipidemia"},"name":"Prior Hyperlipidemia","description":"Indicate whether the patient has ever been diagnosed with hyperlipidemia.","isExample":false,"groupingId":"-str-profile"},{"extension":[{"url":"http://hl7.org/fhir/tools/StructureDefinition/resource-sort","valueInteger":999999999},{"url":"http://hl7.org/fhir/StructureDefinition/implementationguide-page","valueUri":"StructureDefinition-PriorHypertension.html"}],"reference":{"reference":"StructureDefinition/PriorHypertension"},"name":"Prior Hypertension","description":"Indicate whether the patient has a documented history of hypertension, diagnosed and treated with medication and/or diet and/or exercise.","isExample":false,"groupingId":"-str-profile"},{"extension":[{"url":"http://hl7.org/fhir/tools/StructureDefinition/resource-sort","valueInteger":999999999},{"url":"http://hl7.org/fhir/StructureDefinition/implementationguide-page","valueUri":"StructureDefinition-PriorIschemicHeartDisease.html"}],"reference":{"reference":"StructureDefinition/PriorIschemicHeartDisease"},"name":"Prior Ischemic Heart Disease","description":"Indicate whether the patient has ever been diagnosed with ischemic heart disease (including myocardial infarction).","isExample":false,"groupingId":"-str-profile"},{"extension":[{"url":"http://hl7.org/fhir/tools/StructureDefinition/resource-sort","valueInteger":999999999},{"url":"http://hl7.org/fhir/StructureDefinition/implementationguide-page","valueUri":"StructureDefinition-PriorMyocardialInfarction.html"}],"reference":{"reference":"StructureDefinition/PriorMyocardialInfarction"},"name":"Prior Myocardial Infarction","description":"Indicate whether the patient has a documented history of myocardial infarction.","isExample":false,"groupingId":"-str-profile"},{"extension":[{"url":"http://hl7.org/fhir/tools/StructureDefinition/resource-sort","valueInteger":999999999},{"url":"http://hl7.org/fhir/StructureDefinition/implementationguide-page","valueUri":"StructureDefinition-PriorStrokeExclTIA.html"}],"reference":{"reference":"StructureDefinition/PriorStrokeExclTIA"},"name":"Prior Stroke excluding Transient Ischemic Attacks","description":"Indicate whether the patient was ever diagnosed with a stroke (excluding transient ischemic attacks).","isExample":false,"groupingId":"-str-profile"},{"extension":[{"url":"http://hl7.org/fhir/tools/StructureDefinition/resource-sort","valueInteger":999999999},{"url":"http://hl7.org/fhir/StructureDefinition/implementationguide-page","valueUri":"StructureDefinition-PriorTIA.html"}],"reference":{"reference":"StructureDefinition/PriorTIA"},"name":"Prior Transient Ischemic Attacks","description":"Indicate whether the patient was ever diagnosed with a Transient Ischemic Attacks.","isExample":false,"groupingId":"-str-profile"},{"extension":[{"url":"http://hl7.org/fhir/tools/StructureDefinition/resource-sort","valueInteger":999999999},{"url":"http://hl7.org/fhir/StructureDefinition/implementationguide-page","valueUri":"StructureDefinition-ProcoagulantReversal.html"}],"reference":{"reference":"StructureDefinition/ProcoagulantReversal"},"name":"Procoagulant Reversal Therapy","description":"Indicate if the patient received procoagulant reversal therapy.","isExample":false,"groupingId":"-str-profile"},{"extension":[{"url":"http://hl7.org/fhir/tools/StructureDefinition/resource-sort","valueInteger":999999999},{"url":"http://hl7.org/fhir/StructureDefinition/implementationguide-page","valueUri":"StructureDefinition-StrokePatient.html"}],"reference":{"reference":"StructureDefinition/StrokePatient"},"name":"Stroke Patient based on the Brazilian RNDS","description":"This profile stores demographics and other administrative information about a patient with stroke, based on the Brazilian National Data Network (RNDS).","isExample":false,"groupingId":"-str-profile"},{"extension":[{"url":"http://hl7.org/fhir/tools/StructureDefinition/resource-sort","valueInteger":999999999},{"url":"http://hl7.org/fhir/StructureDefinition/implementationguide-page","valueUri":"StructureDefinition-StrokePractitioner.html"}],"reference":{"reference":"StructureDefinition/StrokePractitioner"},"name":"Stroke Practitioner based on Brazilian RNDS","description":"This profile encompasses all health professionals involved in the healthcare process and related health services \r\nas part of their formal responsibilities, conforming to the standards of the Brazilian National Data Network (RNDS).","isExample":false,"groupingId":"-str-profile"},{"extension":[{"url":"http://hl7.org/fhir/tools/StructureDefinition/resource-sort","valueInteger":999999999},{"url":"http://hl7.org/fhir/StructureDefinition/implementationguide-page","valueUri":"StructureDefinition-StrokeRecur.html"}],"reference":{"reference":"StructureDefinition/StrokeRecur"},"name":"Stroke Recurrence.","description":"Indicate if the patient had a new stroke within 90 days of their first stroke occurrence.","isExample":false,"groupingId":"-str-profile"},{"extension":[{"url":"http://hl7.org/fhir/tools/StructureDefinition/resource-sort","valueInteger":999999999},{"url":"http://hl7.org/fhir/StructureDefinition/implementationguide-page","valueUri":"StructureDefinition-Consciousness.html"}],"reference":{"reference":"StructureDefinition/Consciousness"},"name":"Stroke Severity: Consciousness","description":"Indicate the patient’s level of consciousness measured on hospital arrival.","isExample":false,"groupingId":"-str-profile"},{"extension":[{"url":"http://hl7.org/fhir/tools/StructureDefinition/resource-sort","valueInteger":999999999},{"url":"http://hl7.org/fhir/StructureDefinition/implementationguide-page","valueUri":"StructureDefinition-StrokeSevNIHSS.html"}],"reference":{"reference":"StructureDefinition/StrokeSevNIHSS"},"name":"Stroke Severity: NIHSS Score","description":"Indicate the stroke severity as measured by the NIH Stroke Scale (NIHSS). Report the raw (uncategorized) NIHSS score.","isExample":false,"groupingId":"-str-profile"},{"extension":[{"url":"http://hl7.org/fhir/tools/StructureDefinition/resource-sort","valueInteger":999999999},{"url":"http://hl7.org/fhir/StructureDefinition/implementationguide-page","valueUri":"StructureDefinition-StrokeType.html"}],"reference":{"reference":"StructureDefinition/StrokeType"},"name":"Stroke Type","description":"Indicate Stroke Type.","isExample":false,"groupingId":"-str-profile"},{"extension":[{"url":"http://hl7.org/fhir/tools/StructureDefinition/resource-sort","valueInteger":999999999},{"url":"http://hl7.org/fhir/StructureDefinition/implementationguide-page","valueUri":"StructureDefinition-SympIntracranialHemorrhage.html"}],"reference":{"reference":"StructureDefinition/SympIntracranialHemorrhage"},"name":"Symptomatic Intracranial Hemorrhage","description":"Indicate if the patient developed symptomatic intracerebral hemorrhage after treatment of ischemic stroke with intravenous thrombolysis and/or thrombectomy.","isExample":false,"groupingId":"-str-profile"},{"extension":[{"url":"http://hl7.org/fhir/tools/StructureDefinition/resource-sort","valueInteger":999999999},{"url":"http://hl7.org/fhir/StructureDefinition/implementationguide-page","valueUri":"StructureDefinition-Thrombectomy.html"}],"reference":{"reference":"StructureDefinition/Thrombectomy"},"name":"Thrombectomy","description":"Indicate if the patient underwent thrombectomy.","isExample":false,"groupingId":"-str-profile"},{"extension":[{"url":"http://hl7.org/fhir/tools/StructureDefinition/resource-sort","valueInteger":999999999},{"url":"http://hl7.org/fhir/StructureDefinition/implementationguide-page","valueUri":"StructureDefinition-Thrombolytic.html"}],"reference":{"reference":"StructureDefinition/Thrombolytic"},"name":"Thrombolytic Therapy","description":"Indicate if the patient received intravenous thrombolytic therapy.","isExample":false,"groupingId":"-str-profile"},{"extension":[{"url":"http://hl7.org/fhir/tools/StructureDefinition/resource-sort","valueInteger":999999999},{"url":"http://hl7.org/fhir/StructureDefinition/implementationguide-page","valueUri":"StructureDefinition-EthnicityExtension.html"}],"reference":{"reference":"StructureDefinition/EthnicityExtension"},"name":"Ethnicity","description":"Extension to capture the patient's ethnicity which represents their cultural background or heritage.","isExample":false,"groupingId":"-str-extension"},{"extension":[{"url":"http://hl7.org/fhir/tools/StructureDefinition/resource-sort","valueInteger":999999999},{"url":"http://hl7.org/fhir/StructureDefinition/implementationguide-page","valueUri":"StructureDefinition-GenderIdentityExtension.html"}],"reference":{"reference":"StructureDefinition/GenderIdentityExtension"},"name":"Gender Identity","description":"Extension of the patient's gender.","isExample":false,"groupingId":"-str-extension"},{"extension":[{"url":"http://hl7.org/fhir/tools/StructureDefinition/resource-sort","valueInteger":999999999},{"url":"http://hl7.org/fhir/StructureDefinition/implementationguide-page","valueUri":"StructureDefinition-RaceExtension.html"}],"reference":{"reference":"StructureDefinition/RaceExtension"},"name":"Race","description":"Extension that represents the race of a patient.","isExample":false,"groupingId":"-str-extension"},{"extension":[{"url":"http://hl7.org/fhir/tools/StructureDefinition/resource-sort","valueInteger":999999999},{"url":"http://hl7.org/fhir/StructureDefinition/implementationguide-page","valueUri":"ValueSet-CVDComorbiditiesVS.html"}],"reference":{"reference":"ValueSet/CVDComorbiditiesVS"},"name":"Cardiovascular Comorbidities","description":"Valueset that indicate which comorbidities the patient is living with. Select all conditions that apply.","isExample":false,"groupingId":"-term-valueset"},{"extension":[{"url":"http://hl7.org/fhir/tools/StructureDefinition/resource-sort","valueInteger":999999999},{"url":"http://hl7.org/fhir/StructureDefinition/implementationguide-page","valueUri":"ValueSet-DiagnosisVS.html"}],"reference":{"reference":"ValueSet/DiagnosisVS"},"name":"Diagnostic Evidence Base","description":"ValueSet that indicates which diagnostic evidence base was used for its realization","isExample":false,"groupingId":"-term-valueset"},{"extension":[{"url":"http://hl7.org/fhir/tools/StructureDefinition/resource-sort","valueInteger":999999999},{"url":"http://hl7.org/fhir/StructureDefinition/implementationguide-page","valueUri":"ValueSet-DischDestVS.html"}],"reference":{"reference":"ValueSet/DischDestVS"},"name":"Discharge Location","description":"ValueSet about discharge destination following acute care hospitalization. What type of place was the patient discharged to?","isExample":false,"groupingId":"-term-valueset"},{"extension":[{"url":"http://hl7.org/fhir/tools/StructureDefinition/resource-sort","valueInteger":999999999},{"url":"http://hl7.org/fhir/StructureDefinition/implementationguide-page","valueUri":"ValueSet-SymtDurVS.html"}],"reference":{"reference":"ValueSet/SymtDurVS"},"name":"Duration of Stroke Symptoms","description":"ValueSet that categorizes the duration of stroke symptoms, considering the time from symptom onset to admission at the reference hospital.","isExample":false,"groupingId":"-term-valueset"},{"extension":[{"url":"http://hl7.org/fhir/tools/StructureDefinition/resource-sort","valueInteger":999999999},{"url":"http://hl7.org/fhir/StructureDefinition/implementationguide-page","valueUri":"ValueSet-EstStrokeSevNIHSSCatVS.html"}],"reference":{"reference":"ValueSet/EstStrokeSevNIHSSCatVS"},"name":"Estimated stroke severity using the NIHSS.","description":"ValueSet that intended to categorize the severity of the stroke based on the National Institutes of Health Stroke Scale (NIHSS).","isExample":false,"groupingId":"-term-valueset"},{"extension":[{"url":"http://hl7.org/fhir/tools/StructureDefinition/resource-sort","valueInteger":999999999},{"url":"http://hl7.org/fhir/StructureDefinition/implementationguide-page","valueUri":"ValueSet-GenderIdentityVS.html"}],"reference":{"reference":"ValueSet/GenderIdentityVS"},"name":"Gender Identity","description":"ValueSet for Gender Identity based on LOINC.","isExample":false,"groupingId":"-term-valueset"},{"extension":[{"url":"http://hl7.org/fhir/tools/StructureDefinition/resource-sort","valueInteger":999999999},{"url":"http://hl7.org/fhir/StructureDefinition/implementationguide-page","valueUri":"ValueSet-LiveAloneVS.html"}],"reference":{"reference":"ValueSet/LiveAloneVS"},"name":"Live Alone Pre-Stroke","description":"ValueSet indicating whether a patient lived alone prior to a stroke event based on ICHOM terminology.","isExample":false,"groupingId":"-term-valueset"},{"extension":[{"url":"http://hl7.org/fhir/tools/StructureDefinition/resource-sort","valueInteger":999999999},{"url":"http://hl7.org/fhir/StructureDefinition/implementationguide-page","valueUri":"ValueSet-PROMIS10VS.html"}],"reference":{"reference":"ValueSet/PROMIS10VS"},"name":"PROMIS-10 Response Questionnaire","description":"ValueSet that defines the response values for the PROMIS-10 (Patient-Reported Outcomes Measurement Information System 10-item short form) Questionnaire.","isExample":false,"groupingId":"-term-valueset"},{"extension":[{"url":"http://hl7.org/fhir/tools/StructureDefinition/resource-sort","valueInteger":999999999},{"url":"http://hl7.org/fhir/StructureDefinition/implementationguide-page","valueUri":"ValueSet-LivingLocPostVS.html"}],"reference":{"reference":"ValueSet/LivingLocPostVS"},"name":"Patient's Residence Post to a Stroke","description":"ValueSet that represents the patient's most recent place of residence after the occurrence of a stroke based on ICHOM code.","isExample":false,"groupingId":"-term-valueset"},{"extension":[{"url":"http://hl7.org/fhir/tools/StructureDefinition/resource-sort","valueInteger":999999999},{"url":"http://hl7.org/fhir/StructureDefinition/implementationguide-page","valueUri":"ValueSet-LivingLocPreVS.html"}],"reference":{"reference":"ValueSet/LivingLocPreVS"},"name":"Patient's Residence Prior to a Stroke","description":"ValueSet that represents the patient's most recent place of residence before the occurrence of a stroke based on ICHOM code.","isExample":false,"groupingId":"-term-valueset"},{"extension":[{"url":"http://hl7.org/fhir/tools/StructureDefinition/resource-sort","valueInteger":999999999},{"url":"http://hl7.org/fhir/StructureDefinition/implementationguide-page","valueUri":"ValueSet-StrokeAmbVS.html"}],"reference":{"reference":"ValueSet/StrokeAmbVS"},"name":"Prestroke and Poststroke Functional Status: Ambulation","description":"ValueSet that defines the response values for the Prestroke and Poststroke Functional Status: Ambulation.","isExample":false,"groupingId":"-term-valueset"},{"extension":[{"url":"http://hl7.org/fhir/tools/StructureDefinition/resource-sort","valueInteger":999999999},{"url":"http://hl7.org/fhir/StructureDefinition/implementationguide-page","valueUri":"ValueSet-StrokeDressingVS.html"}],"reference":{"reference":"ValueSet/StrokeDressingVS"},"name":"Prestroke and Poststroke Functional Status: Dressing","description":"ValueSet that defines the response values for the Prestroke and Poststroke Functional Status: Dressing.","isExample":false,"groupingId":"-term-valueset"},{"extension":[{"url":"http://hl7.org/fhir/tools/StructureDefinition/resource-sort","valueInteger":999999999},{"url":"http://hl7.org/fhir/StructureDefinition/implementationguide-page","valueUri":"ValueSet-StrokeToiletingVS.html"}],"reference":{"reference":"ValueSet/StrokeToiletingVS"},"name":"Prestroke and Poststroke Functional Status: Toileting","description":"ValueSet that defines the response values for the Prestroke and Poststroke Functional Status: Toileting.","isExample":false,"groupingId":"-term-valueset"},{"extension":[{"url":"http://hl7.org/fhir/tools/StructureDefinition/resource-sort","valueInteger":999999999},{"url":"http://hl7.org/fhir/StructureDefinition/implementationguide-page","valueUri":"ValueSet-SMRSqVS.html"}],"reference":{"reference":"ValueSet/SMRSqVS"},"name":"Simplified modified Ranking Scale questionnaire (SMRSq)","description":"ValueSet that defines the response values for the simplified modified Ranking Scale questionnaire.","isExample":false,"groupingId":"-term-valueset"},{"extension":[{"url":"http://hl7.org/fhir/tools/StructureDefinition/resource-sort","valueInteger":999999999},{"url":"http://hl7.org/fhir/StructureDefinition/implementationguide-page","valueUri":"ValueSet-SmokingStatusVS.html"}],"reference":{"reference":"ValueSet/SmokingStatusVS"},"name":"Smoking Status","description":"ValueSet for Smoking Status. A person's current and past smoking behavior.","isExample":false,"groupingId":"-term-valueset"},{"extension":[{"url":"http://hl7.org/fhir/tools/StructureDefinition/resource-sort","valueInteger":999999999},{"url":"http://hl7.org/fhir/StructureDefinition/implementationguide-page","valueUri":"ValueSet-ConsciousnessVS.html"}],"reference":{"reference":"ValueSet/ConsciousnessVS"},"name":"State of Consciousness.","description":"ValueSet based on the ICHOM standard that indicates the patient's state of consciousness as measured upon arrival at the reference hospital.","isExample":false,"groupingId":"-term-valueset"},{"extension":[{"url":"http://hl7.org/fhir/tools/StructureDefinition/resource-sort","valueInteger":999999999},{"url":"http://hl7.org/fhir/StructureDefinition/implementationguide-page","valueUri":"ValueSet-StrokeTypeVS.html"}],"reference":{"reference":"ValueSet/StrokeTypeVS"},"name":"Stroke type based on ICHOM","description":"ValueSet that aims to categorize the stroke type according to the ICHOM standard.","isExample":false,"groupingId":"-term-valueset"},{"extension":[{"url":"http://hl7.org/fhir/tools/StructureDefinition/resource-sort","valueInteger":999999999},{"url":"http://hl7.org/fhir/StructureDefinition/implementationguide-page","valueUri":"ValueSet-NoYesUnknownVS.html"}],"reference":{"reference":"ValueSet/NoYesUnknownVS"},"name":"Yes, No and Unknown","description":"ValueSet with responses Yes, No, and Unknown","isExample":false,"groupingId":"-term-valueset"},{"extension":[{"url":"http://hl7.org/fhir/tools/StructureDefinition/resource-sort","valueInteger":999999999},{"url":"http://hl7.org/fhir/StructureDefinition/implementationguide-page","valueUri":"CodeSystem-CVDComorbiditiesCS.html"}],"reference":{"reference":"CodeSystem/CVDComorbiditiesCS"},"name":"Cardiovascular Comorbidities","description":"CodeSystem that indicate which comorbidities the patient is living with. Select all conditions that apply.","isExample":false,"groupingId":"-term-codesystem"},{"extension":[{"url":"http://hl7.org/fhir/tools/StructureDefinition/resource-sort","valueInteger":999999999},{"url":"http://hl7.org/fhir/StructureDefinition/implementationguide-page","valueUri":"CodeSystem-DiagnosisCS.html"}],"reference":{"reference":"CodeSystem/DiagnosisCS"},"name":"Diagnostic Evidence Base","description":"CodeSystem that indicates which diagnostic evidence base was used for its realization","isExample":false,"groupingId":"-term-codesystem"},{"extension":[{"url":"http://hl7.org/fhir/tools/StructureDefinition/resource-sort","valueInteger":999999999},{"url":"http://hl7.org/fhir/StructureDefinition/implementationguide-page","valueUri":"CodeSystem-DischDestCS.html"}],"reference":{"reference":"CodeSystem/DischDestCS"},"name":"Discharge Location","description":"CodeSystem about Discharge destination following acute care hospitalization. What type of place was the patient discharged to?","isExample":false,"groupingId":"-term-codesystem"},{"extension":[{"url":"http://hl7.org/fhir/tools/StructureDefinition/resource-sort","valueInteger":999999999},{"url":"http://hl7.org/fhir/StructureDefinition/implementationguide-page","valueUri":"CodeSystem-SymtDurCS.html"}],"reference":{"reference":"CodeSystem/SymtDurCS"},"name":"Duration of Stroke Symptoms","description":"CodeSystem that categorizes the duration of stroke symptoms, considering the time from symptom onset to admission at the reference hospital.","isExample":false,"groupingId":"-term-codesystem"},{"extension":[{"url":"http://hl7.org/fhir/tools/StructureDefinition/resource-sort","valueInteger":999999999},{"url":"http://hl7.org/fhir/StructureDefinition/implementationguide-page","valueUri":"CodeSystem-EstStrokeSevNIHSSCatCS.html"}],"reference":{"reference":"CodeSystem/EstStrokeSevNIHSSCatCS"},"name":"Estimated stroke severity using the NIHSS.","description":"CodeSystem that intends to categorize the severity of the stroke based on the National Institutes of Health Stroke Scale (NIHSS).","isExample":false,"groupingId":"-term-codesystem"},{"extension":[{"url":"http://hl7.org/fhir/tools/StructureDefinition/resource-sort","valueInteger":999999999},{"url":"http://hl7.org/fhir/StructureDefinition/implementationguide-page","valueUri":"CodeSystem-LiveAloneCS.html"}],"reference":{"reference":"CodeSystem/LiveAloneCS"},"name":"Live Alone Pre-Stroke","description":"CodeSystem indicating whether a patient lived alone prior to a stroke event based on ICHOM terminology.","isExample":false,"groupingId":"-term-codesystem"},{"extension":[{"url":"http://hl7.org/fhir/tools/StructureDefinition/resource-sort","valueInteger":999999999},{"url":"http://hl7.org/fhir/StructureDefinition/implementationguide-page","valueUri":"CodeSystem-PROMIS10VS.html"}],"reference":{"reference":"CodeSystem/PROMIS10VS"},"name":"PROMIS-10 Response Questionnaire","description":"CodeSystem that defines the response values for the PROMIS-10 (Patient-Reported Outcomes Measurement Information System 10-item short form) Questionnaire.","isExample":false,"groupingId":"-term-codesystem"},{"extension":[{"url":"http://hl7.org/fhir/tools/StructureDefinition/resource-sort","valueInteger":999999999},{"url":"http://hl7.org/fhir/StructureDefinition/implementationguide-page","valueUri":"CodeSystem-LivingLocPostCS.html"}],"reference":{"reference":"CodeSystem/LivingLocPostCS"},"name":"Patient's Residence Post to a Stroke","description":"CodeSystem that represents the patient's most recent place of residence after the occurrence of a stroke based on ICHOM code.","isExample":false,"groupingId":"-term-codesystem"},{"extension":[{"url":"http://hl7.org/fhir/tools/StructureDefinition/resource-sort","valueInteger":999999999},{"url":"http://hl7.org/fhir/StructureDefinition/implementationguide-page","valueUri":"CodeSystem-LivingLocPreCS.html"}],"reference":{"reference":"CodeSystem/LivingLocPreCS"},"name":"Patient's Residence Prior to a Stroke","description":"CodeSystem that represents the patient's most recent place of residence before the occurrence of a stroke based on ICHOM code.","isExample":false,"groupingId":"-term-codesystem"},{"extension":[{"url":"http://hl7.org/fhir/tools/StructureDefinition/resource-sort","valueInteger":999999999},{"url":"http://hl7.org/fhir/StructureDefinition/implementationguide-page","valueUri":"CodeSystem-StrokeFuncStatusCS.html"}],"reference":{"reference":"CodeSystem/StrokeFuncStatusCS"},"name":"Prestroke and Poststroke Functional Status","description":"CodeSystem that defines the response values for the Prestroke and Poststroke Functional Status.","isExample":false,"groupingId":"-term-codesystem"},{"extension":[{"url":"http://hl7.org/fhir/tools/StructureDefinition/resource-sort","valueInteger":999999999},{"url":"http://hl7.org/fhir/StructureDefinition/implementationguide-page","valueUri":"CodeSystem-SMRSqCS.html"}],"reference":{"reference":"CodeSystem/SMRSqCS"},"name":"Simplified Modified Ranking Scale questionnaire (sMRSq)","description":"CodeSystem that defines the response values for the simplified modified Ranking Scale questionnaire (sMRSq).","isExample":false,"groupingId":"-term-codesystem"},{"extension":[{"url":"http://hl7.org/fhir/tools/StructureDefinition/resource-sort","valueInteger":999999999},{"url":"http://hl7.org/fhir/StructureDefinition/implementationguide-page","valueUri":"CodeSystem-SmokingStatusCS.html"}],"reference":{"reference":"CodeSystem/SmokingStatusCS"},"name":"Smoking Status","description":"CodeSystem for Smoking Status. A person's current and past smoking behavior.","isExample":false,"groupingId":"-term-codesystem"},{"extension":[{"url":"http://hl7.org/fhir/tools/StructureDefinition/resource-sort","valueInteger":999999999},{"url":"http://hl7.org/fhir/StructureDefinition/implementationguide-page","valueUri":"CodeSystem-ConsciousnessCS.html"}],"reference":{"reference":"CodeSystem/ConsciousnessCS"},"name":"State of Consciousness according to the ICHOM standard","description":"CodeSystem based on the ICHOM standard that indicates the patient's state of consciousness as measured upon arrival at the reference hospital.","isExample":false,"groupingId":"-term-codesystem"},{"extension":[{"url":"http://hl7.org/fhir/tools/StructureDefinition/resource-sort","valueInteger":999999999},{"url":"http://hl7.org/fhir/StructureDefinition/implementationguide-page","valueUri":"CodeSystem-StrokeTypeCS.html"}],"reference":{"reference":"CodeSystem/StrokeTypeCS"},"name":"Stroke Type","description":"CodeSystem that aims to categorize the stroke type according to the ICHOM standard.","isExample":false,"groupingId":"-term-codesystem"},{"extension":[{"url":"http://hl7.org/fhir/tools/StructureDefinition/resource-sort","valueInteger":999999999},{"url":"http://hl7.org/fhir/StructureDefinition/implementationguide-page","valueUri":"Observation-ExampleCVDComorbidities.html"}],"reference":{"reference":"Observation/ExampleCVDComorbidities"},"name":"Cardiovascular Comorbidities","description":"Example of Cardiovascular Comorbidities. Indicate which comorbidities the patient is living with.","profile":["https://molic-avc.gabriellesantosleandro.com/StructureDefinition/CVDComorbidities"],"groupingId":"-ex-example"},{"extension":[{"url":"http://hl7.org/fhir/tools/StructureDefinition/resource-sort","valueInteger":999999999},{"url":"http://hl7.org/fhir/StructureDefinition/implementationguide-page","valueUri":"Observation-ExampleDiagnosisEvidence.html"}],"reference":{"reference":"Observation/ExampleDiagnosisEvidence"},"name":"Diagnosis Evidence Base","description":"Example of Diagnosis Evidence Base. Indicate how the diagnosis was made.","profile":["https://molic-avc.gabriellesantosleandro.com/StructureDefinition/DiagnosisEvidence"],"groupingId":"-ex-example"},{"extension":[{"url":"http://hl7.org/fhir/tools/StructureDefinition/resource-sort","valueInteger":999999999},{"url":"http://hl7.org/fhir/StructureDefinition/implementationguide-page","valueUri":"Observation-ExampleDischDest.html"}],"reference":{"reference":"Observation/ExampleDischDest"},"name":"Discharge Destination Following Acute Care Hospitalization","description":"Example of Discharge Destination Following Acute Care Hospitalization.  Indicate the patient’s discharge destination from acute care hospital.","profile":["https://molic-avc.gabriellesantosleandro.com/StructureDefinition/DischDest"],"groupingId":"-ex-example"},{"extension":[{"url":"http://hl7.org/fhir/tools/StructureDefinition/resource-sort","valueInteger":999999999},{"url":"http://hl7.org/fhir/StructureDefinition/implementationguide-page","valueUri":"Observation-ExampleSymtDur.html"}],"reference":{"reference":"Observation/ExampleSymtDur"},"name":"Duration of Stroke Symptoms","description":"Example of Duration of Stroke Symptoms. Indicate the duration of the stroke symptoms measured on hospital arrival.","profile":["https://molic-avc.gabriellesantosleandro.com/StructureDefinition/SymtDur"],"groupingId":"-ex-example"},{"extension":[{"url":"http://hl7.org/fhir/tools/StructureDefinition/resource-sort","valueInteger":999999999},{"url":"http://hl7.org/fhir/StructureDefinition/implementationguide-page","valueUri":"Observation-ExampleEstStrokeSevNIHSSCat.html"}],"reference":{"reference":"Observation/ExampleEstStrokeSevNIHSSCat"},"name":"Estimated Stroke Severity: based on NIHSS Category","description":"Example of Estimated Stroke Severity: based on NIHSS Category. Indicate the estimated stroke severity category by the NIH Stroke Scale (NIHSS).","profile":["https://molic-avc.gabriellesantosleandro.com/StructureDefinition/EstStrokeSevNIHSSCat"],"groupingId":"-ex-example"},{"extension":[{"url":"http://hl7.org/fhir/tools/StructureDefinition/resource-sort","valueInteger":999999999},{"url":"http://hl7.org/fhir/StructureDefinition/implementationguide-page","valueUri":"Organization-example-strokeorganization.html"}],"reference":{"reference":"Organization/example-strokeorganization"},"name":"Healthcare Facility","description":"Example of Healthcare Facility related to stroke care, based on the Brazilian National Data Network (RNDS).","profile":["https://molic-avc.gabriellesantosleandro.com/StructureDefinition/StrokeOrganization"],"groupingId":"-ex-example"},{"extension":[{"url":"http://hl7.org/fhir/tools/StructureDefinition/resource-sort","valueInteger":999999999},{"url":"http://hl7.org/fhir/StructureDefinition/implementationguide-page","valueUri":"Observation-ExampleHemicraniectomy.html"}],"reference":{"reference":"Observation/ExampleHemicraniectomy"},"name":"Hemicraniectomy","description":"Example of Hemicraniectomy. Indicate if the patient underwent hemicraniectomy.","profile":["https://molic-avc.gabriellesantosleandro.com/StructureDefinition/Hemicraniectomy"],"groupingId":"-ex-example"},{"extension":[{"url":"http://hl7.org/fhir/tools/StructureDefinition/resource-sort","valueInteger":999999999},{"url":"http://hl7.org/fhir/StructureDefinition/implementationguide-page","valueUri":"Observation-ExampleRehabIN.html"}],"reference":{"reference":"Observation/ExampleRehabIN"},"name":"Inpatient Acute Care Rehabilitation","description":"Example of Inpatient Acute Care Rehabilitation. Indicate whether there is dedicated stroke rehabilitation during acute care.","profile":["https://molic-avc.gabriellesantosleandro.com/StructureDefinition/RehabIN"],"groupingId":"-ex-example"},{"extension":[{"url":"http://hl7.org/fhir/tools/StructureDefinition/resource-sort","valueInteger":999999999},{"url":"http://hl7.org/fhir/StructureDefinition/implementationguide-page","valueUri":"Observation-ExampleRehabOUT.html"}],"reference":{"reference":"Observation/ExampleRehabOUT"},"name":"Post Acute Care Rehabilitation","description":"Example of Post Acute Care Rehabilitation. Indicate whether there is dedicated stroke rehabilitation during post-acute care, either hospital based or out patient/home based.","profile":["https://molic-avc.gabriellesantosleandro.com/StructureDefinition/RehabOUT"],"groupingId":"-ex-example"},{"extension":[{"url":"http://hl7.org/fhir/tools/StructureDefinition/resource-sort","valueInteger":999999999},{"url":"http://hl7.org/fhir/StructureDefinition/implementationguide-page","valueUri":"Observation-ExamplePriorAtrialFibrillation.html"}],"reference":{"reference":"Observation/ExamplePriorAtrialFibrillation"},"name":"Prior Atrial Fibrillation and Flutter","description":"Example of Prior Atrial Fibrillation and Flutter. Indicate whether the person has ever been diagnosed with atrial fibrillation and flutter.","profile":["https://molic-avc.gabriellesantosleandro.com/StructureDefinition/PriorAtrialFibrillation"],"groupingId":"-ex-example"},{"extension":[{"url":"http://hl7.org/fhir/tools/StructureDefinition/resource-sort","valueInteger":999999999},{"url":"http://hl7.org/fhir/StructureDefinition/implementationguide-page","valueUri":"Observation-ExamplePriorDiabetesMellitus.html"}],"reference":{"reference":"Observation/ExamplePriorDiabetesMellitus"},"name":"Prior Diabetes Mellitus","description":"Example of Prior Diabetes Mellitus. Indicate if the patient has a documented history of diabetes mellitus (regardless of duration of disease or need for anti-diabetic agents).","profile":["https://molic-avc.gabriellesantosleandro.com/StructureDefinition/PriorDiabetesMellitus"],"groupingId":"-ex-example"},{"extension":[{"url":"http://hl7.org/fhir/tools/StructureDefinition/resource-sort","valueInteger":999999999},{"url":"http://hl7.org/fhir/StructureDefinition/implementationguide-page","valueUri":"Observation-ExamplePriorHyperlipidemia.html"}],"reference":{"reference":"Observation/ExamplePriorHyperlipidemia"},"name":"Prior Hyperlipidemia","description":"Example of Prior Hyperlipidemia. Indicate whether the patient has ever been diagnosed with hyperlipidemia.","profile":["https://molic-avc.gabriellesantosleandro.com/StructureDefinition/PriorHyperlipidemia"],"groupingId":"-ex-example"},{"extension":[{"url":"http://hl7.org/fhir/tools/StructureDefinition/resource-sort","valueInteger":999999999},{"url":"http://hl7.org/fhir/StructureDefinition/implementationguide-page","valueUri":"Observation-ExamplePriorHypertension.html"}],"reference":{"reference":"Observation/ExamplePriorHypertension"},"name":"Prior Hypertension","description":"Example of Prior Hypertension. Indicate whether the patient has a documented history of hypertension, diagnosed and treated with medication and/or diet and/or exercise.","profile":["https://molic-avc.gabriellesantosleandro.com/StructureDefinition/PriorHypertension"],"groupingId":"-ex-example"},{"extension":[{"url":"http://hl7.org/fhir/tools/StructureDefinition/resource-sort","valueInteger":999999999},{"url":"http://hl7.org/fhir/StructureDefinition/implementationguide-page","valueUri":"Observation-ExamplePriorIschemicHeartDisease.html"}],"reference":{"reference":"Observation/ExamplePriorIschemicHeartDisease"},"name":"Prior Ischemic Heart Disease","description":"Example of Prior Ischemic Heart Disease. Indicate whether the patient has ever been diagnosed with ischemic heart disease (including myocardial infarction).","profile":["https://molic-avc.gabriellesantosleandro.com/StructureDefinition/PriorIschemicHeartDisease"],"groupingId":"-ex-example"},{"extension":[{"url":"http://hl7.org/fhir/tools/StructureDefinition/resource-sort","valueInteger":999999999},{"url":"http://hl7.org/fhir/StructureDefinition/implementationguide-page","valueUri":"Observation-ExamplePriorMyocardialInfarction.html"}],"reference":{"reference":"Observation/ExamplePriorMyocardialInfarction"},"name":"Prior Myocardial Infarction","description":"Example of Prior Myocardial Infarction. Indicate whether the patient has a documented history of myocardial infarction.","profile":["https://molic-avc.gabriellesantosleandro.com/StructureDefinition/PriorMyocardialInfarction"],"groupingId":"-ex-example"},{"extension":[{"url":"http://hl7.org/fhir/tools/StructureDefinition/resource-sort","valueInteger":999999999},{"url":"http://hl7.org/fhir/StructureDefinition/implementationguide-page","valueUri":"Observation-ExamplePriorStrokeExclTIA.html"}],"reference":{"reference":"Observation/ExamplePriorStrokeExclTIA"},"name":"Prior Stroke excluding Transient Ischemic Attacks","description":"Example of Prior Stroke excluding Transient Ischemic Attacks. Indicate whether the patient was ever diagnosed with a stroke (excluding transient ischemic attacks).","profile":["https://molic-avc.gabriellesantosleandro.com/StructureDefinition/PriorStrokeExclTIA"],"groupingId":"-ex-example"},{"extension":[{"url":"http://hl7.org/fhir/tools/StructureDefinition/resource-sort","valueInteger":999999999},{"url":"http://hl7.org/fhir/StructureDefinition/implementationguide-page","valueUri":"Observation-ExamplePriorTIA.html"}],"reference":{"reference":"Observation/ExamplePriorTIA"},"name":"Prior Transient Ischemic Attacks","description":"Example of Prior Transient Ischemic Attacks. Indicate whether the patient was ever diagnosed with a Transient Ischemic Attacks.","profile":["https://molic-avc.gabriellesantosleandro.com/StructureDefinition/PriorTIA"],"groupingId":"-ex-example"},{"extension":[{"url":"http://hl7.org/fhir/tools/StructureDefinition/resource-sort","valueInteger":999999999},{"url":"http://hl7.org/fhir/StructureDefinition/implementationguide-page","valueUri":"Observation-ExampleProcoagulantReversal.html"}],"reference":{"reference":"Observation/ExampleProcoagulantReversal"},"name":"Procoagulant Reversal Therapy","description":"Example of Procoagulant Reversal Therapy. Indicate if the patient received procoagulant reversal therapy.","profile":["https://molic-avc.gabriellesantosleandro.com/StructureDefinition/ProcoagulantReversal"],"groupingId":"-ex-example"},{"extension":[{"url":"http://hl7.org/fhir/tools/StructureDefinition/resource-sort","valueInteger":999999999},{"url":"http://hl7.org/fhir/StructureDefinition/implementationguide-page","valueUri":"Patient-example-strokepatient.html"}],"reference":{"reference":"Patient/example-strokepatient"},"name":"Stroke Patient","description":"Example of Stroke Patient. This example presents a profile for stroke patient based on Brazilian RNDS.","profile":["https://molic-avc.gabriellesantosleandro.com/StructureDefinition/StrokePatient"],"groupingId":"-ex-example"},{"extension":[{"url":"http://hl7.org/fhir/tools/StructureDefinition/resource-sort","valueInteger":999999999},{"url":"http://hl7.org/fhir/StructureDefinition/implementationguide-page","valueUri":"Practitioner-example-strokepractitioner.html"}],"reference":{"reference":"Practitioner/example-strokepractitioner"},"name":"Stroke Practitioner","description":"This example presents a practitioner profile for stroke attendance based on Brazilian National Data Network.","profile":["https://molic-avc.gabriellesantosleandro.com/StructureDefinition/StrokePractitioner"],"groupingId":"-ex-example"},{"extension":[{"url":"http://hl7.org/fhir/tools/StructureDefinition/resource-sort","valueInteger":999999999},{"url":"http://hl7.org/fhir/StructureDefinition/implementationguide-page","valueUri":"Observation-ExampleStrokeRecur.html"}],"reference":{"reference":"Observation/ExampleStrokeRecur"},"name":"Stroke Recurrence.","description":"Example of Stroke Recurrence. Indicate if the patient had a new stroke within 90 days of their first stroke occurrence.","profile":["https://molic-avc.gabriellesantosleandro.com/StructureDefinition/StrokeRecur"],"groupingId":"-ex-example"},{"extension":[{"url":"http://hl7.org/fhir/tools/StructureDefinition/resource-sort","valueInteger":999999999},{"url":"http://hl7.org/fhir/StructureDefinition/implementationguide-page","valueUri":"Observation-ExampleConsciousness.html"}],"reference":{"reference":"Observation/ExampleConsciousness"},"name":"Stroke Severity: Consciousness","description":"Example of Stroke Severity: Consciousness. Indicate the patient’s level of consciousness measured on hospital arrival.","profile":["https://molic-avc.gabriellesantosleandro.com/StructureDefinition/Consciousness"],"groupingId":"-ex-example"},{"extension":[{"url":"http://hl7.org/fhir/tools/StructureDefinition/resource-sort","valueInteger":999999999},{"url":"http://hl7.org/fhir/StructureDefinition/implementationguide-page","valueUri":"Observation-ExampleStrokeSevNIHSS.html"}],"reference":{"reference":"Observation/ExampleStrokeSevNIHSS"},"name":"Stroke Severity: NIHSS Score","description":"Example of Stroke Severity: NIHSS Score. Indicate the stroke severity as measured by the NIH Stroke Scale (NIHSS). Report the raw (uncategorized) NIHSS score.","profile":["https://molic-avc.gabriellesantosleandro.com/StructureDefinition/StrokeSevNIHSS"],"groupingId":"-ex-example"},{"extension":[{"url":"http://hl7.org/fhir/tools/StructureDefinition/resource-sort","valueInteger":999999999},{"url":"http://hl7.org/fhir/StructureDefinition/implementationguide-page","valueUri":"Observation-ExampleStrokeType.html"}],"reference":{"reference":"Observation/ExampleStrokeType"},"name":"Stroke Type","description":"Example of Stroke Type. Indicate Stroke Type.","profile":["https://molic-avc.gabriellesantosleandro.com/StructureDefinition/StrokeType"],"groupingId":"-ex-example"},{"extension":[{"url":"http://hl7.org/fhir/tools/StructureDefinition/resource-sort","valueInteger":999999999},{"url":"http://hl7.org/fhir/StructureDefinition/implementationguide-page","valueUri":"Observation-ExampleSympIntracranialHemorrhage.html"}],"reference":{"reference":"Observation/ExampleSympIntracranialHemorrhage"},"name":"Symptomatic Intracranial Hemorrhage","description":"Example of Symptomatic Intracranial Hemorrhage. Indicate if the patient developed symptomatic intracerebral hemorrhage after treatment of ischemic stroke with intravenous thrombolysis and/or thrombectomy.","profile":["https://molic-avc.gabriellesantosleandro.com/StructureDefinition/SympIntracranialHemorrhage"],"groupingId":"-ex-example"},{"extension":[{"url":"http://hl7.org/fhir/tools/StructureDefinition/resource-sort","valueInteger":999999999},{"url":"http://hl7.org/fhir/StructureDefinition/implementationguide-page","valueUri":"Observation-ExampleThrombectomy.html"}],"reference":{"reference":"Observation/ExampleThrombectomy"},"name":"Thrombectomy","description":"Example of Thrombectomy. Indicate if the patient underwent thrombectomy.","profile":["https://molic-avc.gabriellesantosleandro.com/StructureDefinition/Thrombectomy"],"groupingId":"-ex-example"},{"extension":[{"url":"http://hl7.org/fhir/tools/StructureDefinition/resource-sort","valueInteger":999999999},{"url":"http://hl7.org/fhir/StructureDefinition/implementationguide-page","valueUri":"Observation-ExampleThrombolytic.html"}],"reference":{"reference":"Observation/ExampleThrombolytic"},"name":"Thrombolytic Therapy","description":"Example of Thrombolytic Therapy. Indicate if the patient received intravenous thrombolytic therapy.","profile":["https://molic-avc.gabriellesantosleandro.com/StructureDefinition/Thrombolytic"],"groupingId":"-ex-example"}],"page":{"sourceUrl":"toc.html","name":"toc.html","title":"Table of Contents","generation":"html","page":[{"sourceUrl":"index.html","name":"index.html","title":"Home","generation":"markdown"},{"sourceUrl":"stroke-cp.html","name":"stroke-cp.html","title":"Stroke-CP","generation":"markdown"},{"sourceUrl":"data-dictionary.html","name":"data-dictionary.html","title":"Data-Dictionary","generation":"markdown"},{"sourceUrl":"fhir.html","name":"fhir.html","title":"FHIR","generation":"markdown"},{"sourceUrl":"ichom.html","name":"ichom.html","title":"ICHOM","generation":"markdown"},{"sourceUrl":"downloads.html","name":"downloads.html","title":"Downloads","generation":"markdown"},{"sourceUrl":"security.html","name":"security.html","title":"Security","generation":"markdown"},{"sourceUrl":"artifacts.html","name":"artifacts.html","title":"Artifacts Summary","generation":"html","page":[{"sourceUrl":"Questionnaire-ClinicalResponseAnnualUpdate.html","name":"Questionnaire-ClinicalResponseAnnualUpdate.html","title":"Clinical Response Questionnaire 04 - Annual Follow-up","generation":"generated"},{"sourceUrl":"Questionnaire-ClinicalResponseBaseline.html","name":"Questionnaire-ClinicalResponseBaseline.html","title":"Clinical Response Questionnaire 01 - Baseline","generation":"generated"},{"sourceUrl":"Questionnaire-ClinicalResponseDischargeOrSevenDays.html","name":"Questionnaire-ClinicalResponseDischargeOrSevenDays.html","title":"Clinical Response Questionnaire 02 - Discharge or 7 days post admission","generation":"generated"},{"sourceUrl":"Questionnaire-ClinicalResponseNinetyDays.html","name":"Questionnaire-ClinicalResponseNinetyDays.html","title":"Clinical Response Questionnaire 03 - 90 days post admission","generation":"generated"},{"sourceUrl":"Questionnaire-PatientReportedBaseline.html","name":"Questionnaire-PatientReportedBaseline.html","title":"Patient Reported Questionnaire 01 - Baseline","generation":"generated"},{"sourceUrl":"Questionnaire-PatientReportedDischargeOrSevenDays.html","name":"Questionnaire-PatientReportedDischargeOrSevenDays.html","title":"Patient Reported Questionnaire 02 - Discharge or 7 days post admission","generation":"generated"},{"sourceUrl":"Questionnaire-PatientReportedNinetyDays.html","name":"Questionnaire-PatientReportedNinetyDays.html","title":"Patient Reported Questionnaire 03 - 90 days post admission","generation":"generated"},{"sourceUrl":"StructureDefinition-CVDComorbidities.html","name":"StructureDefinition-CVDComorbidities.html","title":"Cardiovascular Comorbidities","generation":"generated"},{"sourceUrl":"StructureDefinition-Consciousness.html","name":"StructureDefinition-Consciousness.html","title":"Stroke Severity: Consciousness","generation":"generated"},{"sourceUrl":"StructureDefinition-DiagnosisEvidence.html","name":"StructureDefinition-DiagnosisEvidence.html","title":"Diagnosis Evidence Base","generation":"generated"},{"sourceUrl":"StructureDefinition-DischDest.html","name":"StructureDefinition-DischDest.html","title":"Discharge Destination Following Acute Care Hospitalization","generation":"generated"},{"sourceUrl":"StructureDefinition-EstStrokeSevNIHSSCat.html","name":"StructureDefinition-EstStrokeSevNIHSSCat.html","title":"Estimated Stroke Severity: based on NIHSS Category","generation":"generated"},{"sourceUrl":"StructureDefinition-Hemicraniectomy.html","name":"StructureDefinition-Hemicraniectomy.html","title":"Hemicraniectomy","generation":"generated"},{"sourceUrl":"StructureDefinition-PriorAtrialFibrillation.html","name":"StructureDefinition-PriorAtrialFibrillation.html","title":"Prior Atrial Fibrillation and Flutter","generation":"generated"},{"sourceUrl":"StructureDefinition-PriorDiabetesMellitus.html","name":"StructureDefinition-PriorDiabetesMellitus.html","title":"Prior Diabetes Mellitus","generation":"generated"},{"sourceUrl":"StructureDefinition-PriorHyperlipidemia.html","name":"StructureDefinition-PriorHyperlipidemia.html","title":"Prior Hyperlipidemia","generation":"generated"},{"sourceUrl":"StructureDefinition-PriorHypertension.html","name":"StructureDefinition-PriorHypertension.html","title":"Prior Hypertension","generation":"generated"},{"sourceUrl":"StructureDefinition-PriorIschemicHeartDisease.html","name":"StructureDefinition-PriorIschemicHeartDisease.html","title":"Prior Ischemic Heart Disease","generation":"generated"},{"sourceUrl":"StructureDefinition-PriorMyocardialInfarction.html","name":"StructureDefinition-PriorMyocardialInfarction.html","title":"Prior Myocardial Infarction","generation":"generated"},{"sourceUrl":"StructureDefinition-PriorStrokeExclTIA.html","name":"StructureDefinition-PriorStrokeExclTIA.html","title":"Prior Stroke excluding Transient Ischemic Attacks","generation":"generated"},{"sourceUrl":"StructureDefinition-PriorTIA.html","name":"StructureDefinition-PriorTIA.html","title":"Prior Transient Ischemic Attacks","generation":"generated"},{"sourceUrl":"StructureDefinition-ProcoagulantReversal.html","name":"StructureDefinition-ProcoagulantReversal.html","title":"Procoagulant Reversal Therapy","generation":"generated"},{"sourceUrl":"StructureDefinition-RehabIN.html","name":"StructureDefinition-RehabIN.html","title":"Inpatient Acute Care Rehabilitation","generation":"generated"},{"sourceUrl":"StructureDefinition-RehabOUT.html","name":"StructureDefinition-RehabOUT.html","title":"Post Acute Care Rehabilitation","generation":"generated"},{"sourceUrl":"StructureDefinition-StrokeOrganization.html","name":"StructureDefinition-StrokeOrganization.html","title":"Healthcare Facility based on the Brazilian RNDS","generation":"generated"},{"sourceUrl":"StructureDefinition-StrokePatient.html","name":"StructureDefinition-StrokePatient.html","title":"Stroke Patient based on the Brazilian RNDS","generation":"generated"},{"sourceUrl":"StructureDefinition-StrokePractitioner.html","name":"StructureDefinition-StrokePractitioner.html","title":"Stroke Practitioner based on Brazilian RNDS","generation":"generated"},{"sourceUrl":"StructureDefinition-StrokeRecur.html","name":"StructureDefinition-StrokeRecur.html","title":"Stroke Recurrence.","generation":"generated"},{"sourceUrl":"StructureDefinition-StrokeSevNIHSS.html","name":"StructureDefinition-StrokeSevNIHSS.html","title":"Stroke Severity: NIHSS Score","generation":"generated"},{"sourceUrl":"StructureDefinition-StrokeType.html","name":"StructureDefinition-StrokeType.html","title":"Stroke Type","generation":"generated"},{"sourceUrl":"StructureDefinition-SympIntracranialHemorrhage.html","name":"StructureDefinition-SympIntracranialHemorrhage.html","title":"Symptomatic Intracranial Hemorrhage","generation":"generated"},{"sourceUrl":"StructureDefinition-SymtDur.html","name":"StructureDefinition-SymtDur.html","title":"Duration of Stroke Symptoms","generation":"generated"},{"sourceUrl":"StructureDefinition-Thrombectomy.html","name":"StructureDefinition-Thrombectomy.html","title":"Thrombectomy","generation":"generated"},{"sourceUrl":"StructureDefinition-Thrombolytic.html","name":"StructureDefinition-Thrombolytic.html","title":"Thrombolytic Therapy","generation":"generated"},{"sourceUrl":"StructureDefinition-EthnicityExtension.html","name":"StructureDefinition-EthnicityExtension.html","title":"Ethnicity","generation":"generated"},{"sourceUrl":"StructureDefinition-GenderIdentityExtension.html","name":"StructureDefinition-GenderIdentityExtension.html","title":"Gender Identity","generation":"generated"},{"sourceUrl":"StructureDefinition-RaceExtension.html","name":"StructureDefinition-RaceExtension.html","title":"Race","generation":"generated"},{"sourceUrl":"ValueSet-CVDComorbiditiesVS.html","name":"ValueSet-CVDComorbiditiesVS.html","title":"Cardiovascular Comorbidities","generation":"generated"},{"sourceUrl":"ValueSet-ConsciousnessVS.html","name":"ValueSet-ConsciousnessVS.html","title":"State of Consciousness.","generation":"generated"},{"sourceUrl":"ValueSet-DiagnosisVS.html","name":"ValueSet-DiagnosisVS.html","title":"Diagnostic Evidence Base","generation":"generated"},{"sourceUrl":"ValueSet-DischDestVS.html","name":"ValueSet-DischDestVS.html","title":"Discharge Location","generation":"generated"},{"sourceUrl":"ValueSet-EstStrokeSevNIHSSCatVS.html","name":"ValueSet-EstStrokeSevNIHSSCatVS.html","title":"Estimated stroke severity using the NIHSS.","generation":"generated"},{"sourceUrl":"ValueSet-GenderIdentityVS.html","name":"ValueSet-GenderIdentityVS.html","title":"Gender Identity","generation":"generated"},{"sourceUrl":"ValueSet-LiveAloneVS.html","name":"ValueSet-LiveAloneVS.html","title":"Live Alone Pre-Stroke","generation":"generated"},{"sourceUrl":"ValueSet-LivingLocPostVS.html","name":"ValueSet-LivingLocPostVS.html","title":"Patient's Residence Post to a Stroke","generation":"generated"},{"sourceUrl":"ValueSet-LivingLocPreVS.html","name":"ValueSet-LivingLocPreVS.html","title":"Patient's Residence Prior to a Stroke","generation":"generated"},{"sourceUrl":"ValueSet-NoYesUnknownVS.html","name":"ValueSet-NoYesUnknownVS.html","title":"Yes, No and Unknown","generation":"generated"},{"sourceUrl":"ValueSet-PROMIS10VS.html","name":"ValueSet-PROMIS10VS.html","title":"PROMIS-10 Response Questionnaire","generation":"generated"},{"sourceUrl":"ValueSet-SMRSqVS.html","name":"ValueSet-SMRSqVS.html","title":"Simplified modified Ranking Scale questionnaire (SMRSq)","generation":"generated"},{"sourceUrl":"ValueSet-SmokingStatusVS.html","name":"ValueSet-SmokingStatusVS.html","title":"Smoking Status","generation":"generated"},{"sourceUrl":"ValueSet-StrokeAmbVS.html","name":"ValueSet-StrokeAmbVS.html","title":"Prestroke and Poststroke Functional Status: Ambulation","generation":"generated"},{"sourceUrl":"ValueSet-StrokeDressingVS.html","name":"ValueSet-StrokeDressingVS.html","title":"Prestroke and Poststroke Functional Status: Dressing","generation":"generated"},{"sourceUrl":"ValueSet-StrokeToiletingVS.html","name":"ValueSet-StrokeToiletingVS.html","title":"Prestroke and Poststroke Functional Status: Toileting","generation":"generated"},{"sourceUrl":"ValueSet-StrokeTypeVS.html","name":"ValueSet-StrokeTypeVS.html","title":"Stroke type based on ICHOM","generation":"generated"},{"sourceUrl":"ValueSet-SymtDurVS.html","name":"ValueSet-SymtDurVS.html","title":"Duration of Stroke Symptoms","generation":"generated"},{"sourceUrl":"CodeSystem-CVDComorbiditiesCS.html","name":"CodeSystem-CVDComorbiditiesCS.html","title":"Cardiovascular Comorbidities","generation":"generated"},{"sourceUrl":"CodeSystem-ConsciousnessCS.html","name":"CodeSystem-ConsciousnessCS.html","title":"State of Consciousness according to the ICHOM standard","generation":"generated"},{"sourceUrl":"CodeSystem-DiagnosisCS.html","name":"CodeSystem-DiagnosisCS.html","title":"Diagnostic Evidence Base","generation":"generated"},{"sourceUrl":"CodeSystem-DischDestCS.html","name":"CodeSystem-DischDestCS.html","title":"Discharge Location","generation":"generated"},{"sourceUrl":"CodeSystem-EstStrokeSevNIHSSCatCS.html","name":"CodeSystem-EstStrokeSevNIHSSCatCS.html","title":"Estimated stroke severity using the NIHSS.","generation":"generated"},{"sourceUrl":"CodeSystem-LiveAloneCS.html","name":"CodeSystem-LiveAloneCS.html","title":"Live Alone Pre-Stroke","generation":"generated"},{"sourceUrl":"CodeSystem-LivingLocPostCS.html","name":"CodeSystem-LivingLocPostCS.html","title":"Patient's Residence Post to a Stroke","generation":"generated"},{"sourceUrl":"CodeSystem-LivingLocPreCS.html","name":"CodeSystem-LivingLocPreCS.html","title":"Patient's Residence Prior to a Stroke","generation":"generated"},{"sourceUrl":"CodeSystem-PROMIS10VS.html","name":"CodeSystem-PROMIS10VS.html","title":"PROMIS-10 Response Questionnaire","generation":"generated"},{"sourceUrl":"CodeSystem-SMRSqCS.html","name":"CodeSystem-SMRSqCS.html","title":"Simplified Modified Ranking Scale questionnaire (sMRSq)","generation":"generated"},{"sourceUrl":"CodeSystem-SmokingStatusCS.html","name":"CodeSystem-SmokingStatusCS.html","title":"Smoking Status","generation":"generated"},{"sourceUrl":"CodeSystem-StrokeFuncStatusCS.html","name":"CodeSystem-StrokeFuncStatusCS.html","title":"Prestroke and Poststroke Functional Status","generation":"generated"},{"sourceUrl":"CodeSystem-StrokeTypeCS.html","name":"CodeSystem-StrokeTypeCS.html","title":"Stroke Type","generation":"generated"},{"sourceUrl":"CodeSystem-SymtDurCS.html","name":"CodeSystem-SymtDurCS.html","title":"Duration of Stroke Symptoms","generation":"generated"},{"sourceUrl":"Observation-ExampleCVDComorbidities.html","name":"Observation-ExampleCVDComorbidities.html","title":"Cardiovascular Comorbidities","generation":"generated"},{"sourceUrl":"Observation-ExampleConsciousness.html","name":"Observation-ExampleConsciousness.html","title":"Stroke Severity: Consciousness","generation":"generated"},{"sourceUrl":"Observation-ExampleDiagnosisEvidence.html","name":"Observation-ExampleDiagnosisEvidence.html","title":"Diagnosis Evidence Base","generation":"generated"},{"sourceUrl":"Observation-ExampleDischDest.html","name":"Observation-ExampleDischDest.html","title":"Discharge Destination Following Acute Care Hospitalization","generation":"generated"},{"sourceUrl":"Observation-ExampleEstStrokeSevNIHSSCat.html","name":"Observation-ExampleEstStrokeSevNIHSSCat.html","title":"Estimated Stroke Severity: based on NIHSS Category","generation":"generated"},{"sourceUrl":"Observation-ExampleHemicraniectomy.html","name":"Observation-ExampleHemicraniectomy.html","title":"Hemicraniectomy","generation":"generated"},{"sourceUrl":"Observation-ExamplePriorAtrialFibrillation.html","name":"Observation-ExamplePriorAtrialFibrillation.html","title":"Prior Atrial Fibrillation and Flutter","generation":"generated"},{"sourceUrl":"Observation-ExamplePriorDiabetesMellitus.html","name":"Observation-ExamplePriorDiabetesMellitus.html","title":"Prior Diabetes Mellitus","generation":"generated"},{"sourceUrl":"Observation-ExamplePriorHyperlipidemia.html","name":"Observation-ExamplePriorHyperlipidemia.html","title":"Prior Hyperlipidemia","generation":"generated"},{"sourceUrl":"Observation-ExamplePriorHypertension.html","name":"Observation-ExamplePriorHypertension.html","title":"Prior Hypertension","generation":"generated"},{"sourceUrl":"Observation-ExamplePriorIschemicHeartDisease.html","name":"Observation-ExamplePriorIschemicHeartDisease.html","title":"Prior Ischemic Heart Disease","generation":"generated"},{"sourceUrl":"Observation-ExamplePriorMyocardialInfarction.html","name":"Observation-ExamplePriorMyocardialInfarction.html","title":"Prior Myocardial Infarction","generation":"generated"},{"sourceUrl":"Observation-ExamplePriorStrokeExclTIA.html","name":"Observation-ExamplePriorStrokeExclTIA.html","title":"Prior Stroke excluding Transient Ischemic Attacks","generation":"generated"},{"sourceUrl":"Observation-ExamplePriorTIA.html","name":"Observation-ExamplePriorTIA.html","title":"Prior Transient Ischemic Attacks","generation":"generated"},{"sourceUrl":"Observation-ExampleProcoagulantReversal.html","name":"Observation-ExampleProcoagulantReversal.html","title":"Procoagulant Reversal Therapy","generation":"generated"},{"sourceUrl":"Observation-ExampleRehabIN.html","name":"Observation-ExampleRehabIN.html","title":"Inpatient Acute Care Rehabilitation","generation":"generated"},{"sourceUrl":"Observation-ExampleRehabOUT.html","name":"Observation-ExampleRehabOUT.html","title":"Post Acute Care Rehabilitation","generation":"generated"},{"sourceUrl":"Observation-ExampleStrokeRecur.html","name":"Observation-ExampleStrokeRecur.html","title":"Stroke Recurrence.","generation":"generated"},{"sourceUrl":"Observation-ExampleStrokeSevNIHSS.html","name":"Observation-ExampleStrokeSevNIHSS.html","title":"Stroke Severity: NIHSS Score","generation":"generated"},{"sourceUrl":"Observation-ExampleStrokeType.html","name":"Observation-ExampleStrokeType.html","title":"Stroke Type","generation":"generated"},{"sourceUrl":"Observation-ExampleSympIntracranialHemorrhage.html","name":"Observation-ExampleSympIntracranialHemorrhage.html","title":"Symptomatic Intracranial Hemorrhage","generation":"generated"},{"sourceUrl":"Observation-ExampleSymtDur.html","name":"Observation-ExampleSymtDur.html","title":"Duration of Stroke Symptoms","generation":"generated"},{"sourceUrl":"Observation-ExampleThrombectomy.html","name":"Observation-ExampleThrombectomy.html","title":"Thrombectomy","generation":"generated"},{"sourceUrl":"Observation-ExampleThrombolytic.html","name":"Observation-ExampleThrombolytic.html","title":"Thrombolytic Therapy","generation":"generated"},{"sourceUrl":"Organization-example-strokeorganization.html","name":"Organization-example-strokeorganization.html","title":"Healthcare Facility","generation":"generated"},{"sourceUrl":"Patient-example-strokepatient.html","name":"Patient-example-strokepatient.html","title":"Stroke Patient","generation":"generated"},{"sourceUrl":"Practitioner-example-strokepractitioner.html","name":"Practitioner-example-strokepractitioner.html","title":"Stroke Practitioner","generation":"generated"}]}]},"parameter":[{"code":{"system":"http://hl7.org/fhir/tools/CodeSystem/ig-parameters","code":"copyrightyear"},"value":"2023+"},{"code":{"system":"http://hl7.org/fhir/tools/CodeSystem/ig-parameters","code":"releaselabel"},"value":"ballot"},{"code":{"system":"http://hl7.org/fhir/tools/CodeSystem/ig-parameters","code":"usage-stats-opt-out"},"value":"true"},{"code":{"system":"http://hl7.org/fhir/tools/CodeSystem/ig-parameters","code":"show-inherited-invariants"},"value":"false"},{"code":{"system":"http://hl7.org/fhir/tools/CodeSystem/ig-parameters","code":"shownav"},"value":"true"},{"code":{"system":"http://hl7.org/fhir/tools/CodeSystem/ig-parameters","code":"autoload-resources"},"value":"true"},{"code":{"system":"http://hl7.org/fhir/guide-parameter-code","code":"path-resource"},"value":"input/capabilities"},{"code":{"system":"http://hl7.org/fhir/guide-parameter-code","code":"path-resource"},"value":"input/examples"},{"code":{"system":"http://hl7.org/fhir/guide-parameter-code","code":"path-resource"},"value":"input/extensions"},{"code":{"system":"http://hl7.org/fhir/guide-parameter-code","code":"path-resource"},"value":"input/models"},{"code":{"system":"http://hl7.org/fhir/guide-parameter-code","code":"path-resource"},"value":"input/operations"},{"code":{"system":"http://hl7.org/fhir/guide-parameter-code","code":"path-resource"},"value":"input/profiles"},{"code":{"system":"http://hl7.org/fhir/guide-parameter-code","code":"path-resource"},"value":"input/resources"},{"code":{"system":"http://hl7.org/fhir/guide-parameter-code","code":"path-resource"},"value":"input/vocabulary"},{"code":{"system":"http://hl7.org/fhir/guide-parameter-code","code":"path-resource"},"value":"input/maps"},{"code":{"system":"http://hl7.org/fhir/guide-parameter-code","code":"path-resource"},"value":"input/testing"},{"code":{"system":"http://hl7.org/fhir/guide-parameter-code","code":"path-resource"},"value":"input/history"},{"code":{"system":"http://hl7.org/fhir/guide-parameter-code","code":"path-resource"},"value":"fsh-generated/resources"},{"code":{"system":"http://hl7.org/fhir/guide-parameter-code","code":"path-pages"},"value":"template/config"},{"code":{"system":"http://hl7.org/fhir/guide-parameter-code","code":"path-pages"},"value":"input/images"},{"code":{"system":"http://hl7.org/fhir/tools/CodeSystem/ig-parameters","code":"path-liquid"},"value":"template/liquid"},{"code":{"system":"http://hl7.org/fhir/tools/CodeSystem/ig-parameters","code":"path-liquid"},"value":"input/liquid"},{"code":{"system":"http://hl7.org/fhir/tools/CodeSystem/ig-parameters","code":"path-qa"},"value":"temp/qa"},{"code":{"system":"http://hl7.org/fhir/tools/CodeSystem/ig-parameters","code":"path-temp"},"value":"temp/pages"},{"code":{"system":"http://hl7.org/fhir/tools/CodeSystem/ig-parameters","code":"path-output"},"value":"output"},{"code":{"system":"http://hl7.org/fhir/guide-parameter-code","code":"path-tx-cache"},"value":"input-cache/txcache"},{"code":{"system":"http://hl7.org/fhir/tools/CodeSystem/ig-parameters","code":"path-suppressed-warnings"},"value":"input/ignoreWarnings.txt"},{"code":{"system":"http://hl7.org/fhir/tools/CodeSystem/ig-parameters","code":"path-history"},"value":"https://molic-avc.gabriellesantosleandro.com/history.html"},{"code":{"system":"http://hl7.org/fhir/tools/CodeSystem/ig-parameters","code":"template-html"},"value":"template-page.html"},{"code":{"system":"http://hl7.org/fhir/tools/CodeSystem/ig-parameters","code":"template-md"},"value":"template-page-md.html"},{"code":{"system":"http://hl7.org/fhir/tools/CodeSystem/ig-parameters","code":"apply-contact"},"value":"true"},{"code":{"system":"http://hl7.org/fhir/tools/CodeSystem/ig-parameters","code":"apply-context"},"value":"true"},{"code":{"system":"http://hl7.org/fhir/tools/CodeSystem/ig-parameters","code":"apply-copyright"},"value":"true"},{"code":{"system":"http://hl7.org/fhir/tools/CodeSystem/ig-parameters","code":"apply-jurisdiction"},"value":"true"},{"code":{"system":"http://hl7.org/fhir/tools/CodeSystem/ig-parameters","code":"apply-license"},"value":"true"},{"code":{"system":"http://hl7.org/fhir/tools/CodeSystem/ig-parameters","code":"apply-publisher"},"value":"true"},{"code":{"system":"http://hl7.org/fhir/tools/CodeSystem/ig-parameters","code":"apply-version"},"value":"true"},{"code":{"system":"http://hl7.org/fhir/tools/CodeSystem/ig-parameters","code":"apply-wg"},"value":"true"},{"code":{"system":"http://hl7.org/fhir/tools/CodeSystem/ig-parameters","code":"active-tables"},"value":"true"},{"code":{"system":"http://hl7.org/fhir/tools/CodeSystem/ig-parameters","code":"fmm-definition"},"value":"http://hl7.org/fhir/versions.html#maturity"},{"code":{"system":"http://hl7.org/fhir/tools/CodeSystem/ig-parameters","code":"propagate-status"},"value":"true"},{"code":{"system":"http://hl7.org/fhir/tools/CodeSystem/ig-parameters","code":"excludelogbinaryformat"},"value":"true"},{"code":{"system":"http://hl7.org/fhir/tools/CodeSystem/ig-parameters","code":"tabbed-snapshots"},"value":"true"}]}}