{"resourceType":"ImplementationGuide","id":"guide","text":{"status":"extensions","div":"<div xmlns=\"http://www.w3.org/1999/xhtml\"><h2>MolicAVC</h2><p>The official URL for this implementation guide is: </p><pre>https://molic-avc.gabriellesantosleandro.com/ImplementationGuide/guide</pre></div>"},"url":"https://molic-avc.gabriellesantosleandro.com/ImplementationGuide/guide","version":"0.1.0","name":"MolicAVC","status":"draft","date":"2023-08-29T02:44:39-03:00","publisher":"Gabrielle dos Santos Leandro","contact":[{"name":"Gabrielle dos Santos Leandro","telecom":[{"system":"url","value":"https://molic-avc.gabriellesantosleandro.com"}]}],"packageId":"guide","license":"CC0-1.0","fhirVersion":["5.0.0"],"dependsOn":[{"id":"hl7tx","extension":[{"url":"http://hl7.org/fhir/tools/StructureDefinition/implementationguide-dependency-comment","valueMarkdown":"Automatically added as a dependency - all IGs depend on HL7 Terminology"}],"uri":"http://terminology.hl7.org/ImplementationGuide/hl7.terminology","packageId":"hl7.terminology.r5","version":"5.0.0"},{"id":"hl7ext","extension":[{"url":"http://hl7.org/fhir/tools/StructureDefinition/implementationguide-dependency-comment","valueMarkdown":"Automatically added as a dependency - all IGs depend on the HL7 Extension Pack"}],"uri":"http://hl7.org/fhir/extensions/ImplementationGuide/hl7.fhir.uv.extensions","packageId":"hl7.fhir.uv.extensions.r5","version":"1.0.0"}],"definition":{"extension":[{"extension":[{"url":"code","valueString":"copyrightyear"},{"url":"value","valueString":"2023+"}],"url":"http://hl7.org/fhir/tools/StructureDefinition/ig-parameter"},{"extension":[{"url":"code","valueString":"releaselabel"},{"url":"value","valueString":"ci-build"}],"url":"http://hl7.org/fhir/tools/StructureDefinition/ig-parameter"},{"extension":[{"url":"code","valueString":"autoload-resources"},{"url":"value","valueString":"true"}],"url":"http://hl7.org/fhir/tools/StructureDefinition/ig-parameter"},{"extension":[{"url":"code","valueString":"path-liquid"},{"url":"value","valueString":"template/liquid"}],"url":"http://hl7.org/fhir/tools/StructureDefinition/ig-parameter"},{"extension":[{"url":"code","valueString":"path-liquid"},{"url":"value","valueString":"input/liquid"}],"url":"http://hl7.org/fhir/tools/StructureDefinition/ig-parameter"},{"extension":[{"url":"code","valueString":"path-qa"},{"url":"value","valueString":"temp/qa"}],"url":"http://hl7.org/fhir/tools/StructureDefinition/ig-parameter"},{"extension":[{"url":"code","valueString":"path-temp"},{"url":"value","valueString":"temp/pages"}],"url":"http://hl7.org/fhir/tools/StructureDefinition/ig-parameter"},{"extension":[{"url":"code","valueString":"path-output"},{"url":"value","valueString":"output"}],"url":"http://hl7.org/fhir/tools/StructureDefinition/ig-parameter"},{"extension":[{"url":"code","valueString":"path-suppressed-warnings"},{"url":"value","valueString":"input/ignoreWarnings.txt"}],"url":"http://hl7.org/fhir/tools/StructureDefinition/ig-parameter"},{"extension":[{"url":"code","valueString":"path-history"},{"url":"value","valueString":"https://molic-avc.gabriellesantosleandro.com/history.html"}],"url":"http://hl7.org/fhir/tools/StructureDefinition/ig-parameter"},{"extension":[{"url":"code","valueString":"template-html"},{"url":"value","valueString":"template-page.html"}],"url":"http://hl7.org/fhir/tools/StructureDefinition/ig-parameter"},{"extension":[{"url":"code","valueString":"template-md"},{"url":"value","valueString":"template-page-md.html"}],"url":"http://hl7.org/fhir/tools/StructureDefinition/ig-parameter"},{"extension":[{"url":"code","valueString":"apply-contact"},{"url":"value","valueString":"true"}],"url":"http://hl7.org/fhir/tools/StructureDefinition/ig-parameter"},{"extension":[{"url":"code","valueString":"apply-context"},{"url":"value","valueString":"true"}],"url":"http://hl7.org/fhir/tools/StructureDefinition/ig-parameter"},{"extension":[{"url":"code","valueString":"apply-copyright"},{"url":"value","valueString":"true"}],"url":"http://hl7.org/fhir/tools/StructureDefinition/ig-parameter"},{"extension":[{"url":"code","valueString":"apply-jurisdiction"},{"url":"value","valueString":"true"}],"url":"http://hl7.org/fhir/tools/StructureDefinition/ig-parameter"},{"extension":[{"url":"code","valueString":"apply-license"},{"url":"value","valueString":"true"}],"url":"http://hl7.org/fhir/tools/StructureDefinition/ig-parameter"},{"extension":[{"url":"code","valueString":"apply-publisher"},{"url":"value","valueString":"true"}],"url":"http://hl7.org/fhir/tools/StructureDefinition/ig-parameter"},{"extension":[{"url":"code","valueString":"apply-version"},{"url":"value","valueString":"true"}],"url":"http://hl7.org/fhir/tools/StructureDefinition/ig-parameter"},{"extension":[{"url":"code","valueString":"active-tables"},{"url":"value","valueString":"true"}],"url":"http://hl7.org/fhir/tools/StructureDefinition/ig-parameter"},{"extension":[{"url":"code","valueString":"fmm-definition"},{"url":"value","valueString":"http://hl7.org/fhir/versions.html#maturity"}],"url":"http://hl7.org/fhir/tools/StructureDefinition/ig-parameter"},{"extension":[{"url":"code","valueString":"propagate-status"},{"url":"value","valueString":"true"}],"url":"http://hl7.org/fhir/tools/StructureDefinition/ig-parameter"},{"extension":[{"url":"code","valueString":"excludelogbinaryformat"},{"url":"value","valueString":"true"}],"url":"http://hl7.org/fhir/tools/StructureDefinition/ig-parameter"},{"extension":[{"url":"code","valueString":"tabbed-snapshots"},{"url":"value","valueString":"true"}],"url":"http://hl7.org/fhir/tools/StructureDefinition/ig-parameter"},{"url":"http://hl7.org/fhir/tools/StructureDefinition/ig-internal-dependency","valueCode":"hl7.fhir.uv.tools#current"}],"grouping":[{"id":"-str-profile","name":"Structures: Resource Profiles","description":"These define constraints on FHIR resources for systems conforming to this implementation guide."},{"id":"-str-extension","name":"Structures: Extension Definitions","description":"These define constraints on FHIR data types for systems conforming to this implementation guide."},{"id":"-term-valueset","name":"Terminology: Value Sets","description":"These define sets of codes used by systems conforming to this implementation guide."},{"id":"-ex-example","name":"Example: Example Instances","description":"These are example instances that show what data produced and consumed by systems conforming with this implementation guide might look like."}],"resource":[{"extension":[{"url":"http://hl7.org/fhir/tools/StructureDefinition/resource-sort","valueInteger":999999999},{"url":"http://hl7.org/fhir/StructureDefinition/implementationguide-page","valueUri":"StructureDefinition-molicavc-encounter-profile.html"}],"reference":{"reference":"StructureDefinition/molicavc-encounter-profile"},"name":"Encounter Profile","description":"The Encounter Resource in the MOLIC-AVC project represents the actual interaction between \r\na patient and their healthcare provider(s). It's designed to document delivered health services or assess\r\nthe patient's health status.","isExample":false,"groupingId":"-str-profile"},{"extension":[{"url":"http://hl7.org/fhir/tools/StructureDefinition/resource-sort","valueInteger":999999999},{"url":"http://hl7.org/fhir/StructureDefinition/implementationguide-page","valueUri":"StructureDefinition-molicavc-organization-profile.html"}],"reference":{"reference":"StructureDefinition/molicavc-organization-profile"},"name":"Organization Profile","description":"The Organization resource in the MOLIC-AVC project encompasses all entities or groups \r\ninvolved in the healthcare process and related health services as part of their formal responsibilities. \r\nExamples include: Primary Care Basic Health Units, Emergency Care Units, Reference Hospital for Stroke, \r\npublic ambulance transport (SAMU), private services, and others.","isExample":false,"groupingId":"-str-profile"},{"extension":[{"url":"http://hl7.org/fhir/tools/StructureDefinition/resource-sort","valueInteger":999999999},{"url":"http://hl7.org/fhir/StructureDefinition/implementationguide-page","valueUri":"StructureDefinition-molicavc-patient-profile.html"}],"reference":{"reference":"StructureDefinition/molicavc-patient-profile"},"name":"Patient Profile","description":"The Patient Resource of the Molic-AVC Project stores demographics and other administrative information about an individual or animal receiving care or other health-related services.","isExample":false,"groupingId":"-str-profile"},{"extension":[{"url":"http://hl7.org/fhir/tools/StructureDefinition/resource-sort","valueInteger":999999999},{"url":"http://hl7.org/fhir/StructureDefinition/implementationguide-page","valueUri":"StructureDefinition-molicavc-practitioner-profile.html"}],"reference":{"reference":"StructureDefinition/molicavc-practitioner-profile"},"name":"Practitioner Profile","description":"The Practitioner Resource in the MOLIC-AVC project encompasses all individuals involved in the healthcare process and related health services as part of their formal responsibilities. This Resource is utilized to assign activities and responsibilities to these individuals. Examples include: doctors, nurses, therapists, receptionists, and so on.","isExample":false,"groupingId":"-str-profile"},{"extension":[{"url":"http://hl7.org/fhir/tools/StructureDefinition/resource-sort","valueInteger":999999999},{"url":"http://hl7.org/fhir/StructureDefinition/implementationguide-page","valueUri":"StructureDefinition-molicavc-questionnaire-profile.html"}],"reference":{"reference":"StructureDefinition/molicavc-questionnaire-profile"},"name":"Questionnaire Profile","description":"A structured set of questions intended to guide the collection of answers from end-users. \r\nQuestionnaires provide detailed control over order, presentation, phraseology and grouping to allow coherent, \r\nconsistent data collection.","isExample":false,"groupingId":"-str-profile"},{"extension":[{"url":"http://hl7.org/fhir/tools/StructureDefinition/resource-sort","valueInteger":999999999},{"url":"http://hl7.org/fhir/StructureDefinition/implementationguide-page","valueUri":"StructureDefinition-live-alone-pre-stroke-extension.html"}],"reference":{"reference":"StructureDefinition/live-alone-pre-stroke-extension"},"name":"Live Alone Pre-Stroke Extension","description":"Extension indicating whether a patient lived alone prior to a stroke event based on ICHOM terminology.","isExample":false,"groupingId":"-str-extension"},{"extension":[{"url":"http://hl7.org/fhir/tools/StructureDefinition/resource-sort","valueInteger":999999999},{"url":"http://hl7.org/fhir/StructureDefinition/implementationguide-page","valueUri":"StructureDefinition-molicavc-ethnicity-extension.html"}],"reference":{"reference":"StructureDefinition/molicavc-ethnicity-extension"},"name":"Patient Ethnicity Extension","description":"Extension to capture the patient's ethnicity which represents their cultural background or heritage. Although optional, ICHOM strongly encourages collecting this inclusive information.","isExample":false,"groupingId":"-str-extension"},{"extension":[{"url":"http://hl7.org/fhir/tools/StructureDefinition/resource-sort","valueInteger":999999999},{"url":"http://hl7.org/fhir/StructureDefinition/implementationguide-page","valueUri":"StructureDefinition-molicavc-genderidentity-extension.html"}],"reference":{"reference":"StructureDefinition/molicavc-genderidentity-extension"},"name":"Patient Gender Extension","description":"The patient's gender.","isExample":false,"groupingId":"-str-extension"},{"extension":[{"url":"http://hl7.org/fhir/tools/StructureDefinition/resource-sort","valueInteger":999999999},{"url":"http://hl7.org/fhir/StructureDefinition/implementationguide-page","valueUri":"StructureDefinition-molicavc-race-extension.html"}],"reference":{"reference":"StructureDefinition/molicavc-race-extension"},"name":"Patient Race Extension","description":"Extension to capture the patient's race, as recommended by ICHOM.","isExample":false,"groupingId":"-str-extension"},{"extension":[{"url":"http://hl7.org/fhir/tools/StructureDefinition/resource-sort","valueInteger":999999999},{"url":"http://hl7.org/fhir/StructureDefinition/implementationguide-page","valueUri":"StructureDefinition-molicavc-sex-extension.html"}],"reference":{"reference":"StructureDefinition/molicavc-sex-extension"},"name":"Patient Sex Extension","description":"The patient's sex at birth.","isExample":false,"groupingId":"-str-extension"},{"extension":[{"url":"http://hl7.org/fhir/tools/StructureDefinition/resource-sort","valueInteger":999999999},{"url":"http://hl7.org/fhir/StructureDefinition/implementationguide-page","valueUri":"StructureDefinition-living-location-pre-stroke-extension.html"}],"reference":{"reference":"StructureDefinition/living-location-pre-stroke-extension"},"name":"Patient's Residence Prior to a Stroke Extension","description":"An extension to capture the patient's residence prior to a stroke event, based on the ICHOM code.","isExample":false,"groupingId":"-str-extension"},{"extension":[{"url":"http://hl7.org/fhir/tools/StructureDefinition/resource-sort","valueInteger":999999999},{"url":"http://hl7.org/fhir/StructureDefinition/implementationguide-page","valueUri":"ValueSet-molicavc-gender-valueset.html"}],"reference":{"reference":"ValueSet/molicavc-gender-valueset"},"name":"Gender Value Set","description":"Value set for Gender identity based on LOINC.","isExample":false,"groupingId":"-term-valueset"},{"extension":[{"url":"http://hl7.org/fhir/tools/StructureDefinition/resource-sort","valueInteger":999999999},{"url":"http://hl7.org/fhir/StructureDefinition/implementationguide-page","valueUri":"ValueSet-molicavc-code-healthcare-unit-valueset.html"}],"reference":{"reference":"ValueSet/molicavc-code-healthcare-unit-valueset"},"name":"Healthcare Unit Code ValueSet","description":"This ValueSet details codes for healthcare units serving stroke patients in Brazil. \r\nIt includes:\r\n- Public Primary Care: CNES (Cadastro Nacional de Estabelecimento Único)\r\n- Public Reference Hospital: CNES (Cadastro Nacional de Estabelecimento Único)\r\n- Public Non-Reference Hospital: CNES (Cadastro Nacional de Estabelecimento Único)\r\n- Public Emergency Unit: CNES (Cadastro Nacional de Estabelecimento Único)\r\n- Public Ambulance: CNES (Cadastro Nacional de Estabelecimento Único)\r\n- Public Rehabilitation Unit: CNES (Cadastro Nacional de Estabelecimento Único)\r\n- Private Healthcare Service: Other Code.","isExample":false,"groupingId":"-term-valueset"},{"extension":[{"url":"http://hl7.org/fhir/tools/StructureDefinition/resource-sort","valueInteger":999999999},{"url":"http://hl7.org/fhir/StructureDefinition/implementationguide-page","valueUri":"ValueSet-live-alone-pre-stroke.html"}],"reference":{"reference":"ValueSet/live-alone-pre-stroke"},"name":"Live Alone Pre-Stroke ValueSet","description":"ValueSet indicating whether a patient lived alone prior to a stroke event based on ICHOM terminology.","isExample":false,"groupingId":"-term-valueset"},{"extension":[{"url":"http://hl7.org/fhir/tools/StructureDefinition/resource-sort","valueInteger":999999999},{"url":"http://hl7.org/fhir/StructureDefinition/implementationguide-page","valueUri":"ValueSet-molicavc-promis10-valueset.html"}],"reference":{"reference":"ValueSet/molicavc-promis10-valueset"},"name":"PROMIS-10 Response Values","description":"This ValueSet defines the response values for the PROMIS-10 (Patient-Reported Outcomes Measurement Information System 10-item short form) Questionnaire.","isExample":false,"groupingId":"-term-valueset"},{"extension":[{"url":"http://hl7.org/fhir/tools/StructureDefinition/resource-sort","valueInteger":999999999},{"url":"http://hl7.org/fhir/StructureDefinition/implementationguide-page","valueUri":"ValueSet-molicavc-ethnicity-valueset.html"}],"reference":{"reference":"ValueSet/molicavc-ethnicity-valueset"},"name":"Patient Ethnicity ValueSet","description":"Patient's Ethnicity captures the cultural background or heritage individuals identify with most closely. It is recorded based on local standards in the geographic region and self-reported by the patient. Although optional, ICHOM strongly encourages collecting this inclusive information to address health disparities while ensuring confidentiality. . Responses are coded using LOINC standards.","isExample":false,"groupingId":"-term-valueset"},{"extension":[{"url":"http://hl7.org/fhir/tools/StructureDefinition/resource-sort","valueInteger":999999999},{"url":"http://hl7.org/fhir/StructureDefinition/implementationguide-page","valueUri":"ValueSet-molicavc-race.html"}],"reference":{"reference":"ValueSet/molicavc-race"},"name":"Patient Race Value Set","description":"Value set for capturing the patient's race based on LOINC standards, as recommended by ICHOM.","isExample":false,"groupingId":"-term-valueset"},{"extension":[{"url":"http://hl7.org/fhir/tools/StructureDefinition/resource-sort","valueInteger":999999999},{"url":"http://hl7.org/fhir/StructureDefinition/implementationguide-page","valueUri":"ValueSet-living-location-pre-stroke-valueset.html"}],"reference":{"reference":"ValueSet/living-location-pre-stroke-valueset"},"name":"Patient's Residence Prior to a Stroke ValueSet","description":"Represents the patient's most recent place of residence before the occurrence of a stroke based on ICHOM code.","isExample":false,"groupingId":"-term-valueset"},{"extension":[{"url":"http://hl7.org/fhir/tools/StructureDefinition/resource-sort","valueInteger":999999999},{"url":"http://hl7.org/fhir/StructureDefinition/implementationguide-page","valueUri":"ValueSet-molicavc-code-professional-valueset.html"}],"reference":{"reference":"ValueSet/molicavc-code-professional-valueset"},"name":"Professional Code ValueSet","description":"This ValueSet is integral to the Molic-AVC project and details codes for professionals serving stroke patients in Brazil. It includes:\r\n- Doctors: CRM (Conselho Regional de Medicina)\r\n- Nurses: COREN (Conselho Regional de Enfermagem)\r\n- Nutritionists: CRN (Conselho Regional de Nutrição)\r\n- Occupational therapists and Physiotherapists: COFFITO (Conselho Federal de Fisioterapia e Terapia Ocupacional)\r\n- Psychologists: CRP (Conselho Regional de Psicologia)\r\n- Receptionists: Locally provided code.\r\nEach profession is associated with its respective Brazilian registration or licensing entity.","isExample":false,"groupingId":"-term-valueset"},{"extension":[{"url":"http://hl7.org/fhir/tools/StructureDefinition/resource-sort","valueInteger":999999999},{"url":"http://hl7.org/fhir/StructureDefinition/implementationguide-page","valueUri":"ValueSet-molicavc-sex-valueset.html"}],"reference":{"reference":"ValueSet/molicavc-sex-valueset"},"name":"Sex ValueSet","description":"Value set for the patient's sex at birth according to the ICHOM standard.","isExample":false,"groupingId":"-term-valueset"},{"extension":[{"url":"http://hl7.org/fhir/tools/StructureDefinition/resource-sort","valueInteger":999999999},{"url":"http://hl7.org/fhir/StructureDefinition/implementationguide-page","valueUri":"ValueSet-molicavc-vr12-valueset.html"}],"reference":{"reference":"ValueSet/molicavc-vr12-valueset"},"name":"VR-12 Response Values","description":"This ValueSet defines the response values for the VR-12 (Veterans RAND 12 Item Health Survey).","isExample":false,"groupingId":"-term-valueset"},{"extension":[{"url":"http://hl7.org/fhir/tools/StructureDefinition/resource-sort","valueInteger":999999999},{"url":"http://hl7.org/fhir/StructureDefinition/implementationguide-page","valueUri":"ValueSet-molicavc-whodas-valueset.html"}],"reference":{"reference":"ValueSet/molicavc-whodas-valueset"},"name":"WHODAS Response Values","description":"This ValueSet defines the response values for the WHODAS (World Health Organization Disability Assessment Schedule) Questionnaire.","isExample":false,"groupingId":"-term-valueset"},{"extension":[{"url":"http://hl7.org/fhir/tools/StructureDefinition/resource-sort","valueInteger":999999999},{"url":"http://hl7.org/fhir/StructureDefinition/implementationguide-page","valueUri":"Questionnaire-MolicAVC-PROMIS10Questionnaire.html"}],"reference":{"reference":"Questionnaire/MolicAVC-PROMIS10Questionnaire"},"name":"Example of PROMIS-10 Questionnaire","description":"Example of PROMIS-10 (Patient-Reported Outcomes Measurement Information System 10-item short \r\nform) Questionnaire for a patient admitted due to a stroke.","profile":["https://molic-avc.gabriellesantosleandro.com/StructureDefinition/molicavc-questionnaire-profile"],"groupingId":"-ex-example"},{"extension":[{"url":"http://hl7.org/fhir/tools/StructureDefinition/resource-sort","valueInteger":999999999},{"url":"http://hl7.org/fhir/StructureDefinition/implementationguide-page","valueUri":"Questionnaire-MolicAVC-VR12Questionnaire.html"}],"reference":{"reference":"Questionnaire/MolicAVC-VR12Questionnaire"},"name":"Example of VR-12 (Veterans RAND 12 Item Health Survey)","description":"Example of VR-12 (Veterans RAND 12 Item Health Survey) for a patient admitted due to a stroke.","profile":["https://molic-avc.gabriellesantosleandro.com/StructureDefinition/molicavc-questionnaire-profile"],"groupingId":"-ex-example"},{"extension":[{"url":"http://hl7.org/fhir/tools/StructureDefinition/resource-sort","valueInteger":999999999},{"url":"http://hl7.org/fhir/StructureDefinition/implementationguide-page","valueUri":"Questionnaire-MolicAVC-WHODASQuestionnaire.html"}],"reference":{"reference":"Questionnaire/MolicAVC-WHODASQuestionnaire"},"name":"Example of WHODAS Questionnaire","description":"Example of WHODAS (World Health Organization Disability Assessment Schedule) Questionnaire \r\nfor a patient admitted due to a stroke.","profile":["https://molic-avc.gabriellesantosleandro.com/StructureDefinition/molicavc-questionnaire-profile"],"groupingId":"-ex-example"},{"extension":[{"url":"http://hl7.org/fhir/tools/StructureDefinition/resource-sort","valueInteger":999999999},{"url":"http://hl7.org/fhir/StructureDefinition/implementationguide-page","valueUri":"Practitioner-MolicAVC-DoctorExample.html"}],"reference":{"reference":"Practitioner/MolicAVC-DoctorExample"},"name":"MolicAVC-DoctorExample","description":"Example instance of a doctor in the Molic-AVC project","profile":["https://molic-avc.gabriellesantosleandro.com/StructureDefinition/molicavc-practitioner-profile"],"groupingId":"-ex-example"},{"extension":[{"url":"http://hl7.org/fhir/tools/StructureDefinition/resource-sort","valueInteger":999999999},{"url":"http://hl7.org/fhir/StructureDefinition/implementationguide-page","valueUri":"Encounter-MolicAVC-EncouterExample.html"}],"reference":{"reference":"Encounter/MolicAVC-EncouterExample"},"name":"MolicAVC-EncouterExample","description":"Example instance of an encounter for a patient admitted due to a stroke (AVC)","profile":["https://molic-avc.gabriellesantosleandro.com/StructureDefinition/molicavc-encounter-profile"],"groupingId":"-ex-example"},{"extension":[{"url":"http://hl7.org/fhir/tools/StructureDefinition/resource-sort","valueInteger":999999999},{"url":"http://hl7.org/fhir/StructureDefinition/implementationguide-page","valueUri":"Organization-MolicAVC-OrganizationExample.html"}],"reference":{"reference":"Organization/MolicAVC-OrganizationExample"},"name":"MolicAVC-OrganizationExample","description":"Example instance of an Organization in the Molic-AVC project.","profile":["https://molic-avc.gabriellesantosleandro.com/StructureDefinition/molicavc-organization-profile"],"groupingId":"-ex-example"},{"extension":[{"url":"http://hl7.org/fhir/tools/StructureDefinition/resource-sort","valueInteger":999999999},{"url":"http://hl7.org/fhir/StructureDefinition/implementationguide-page","valueUri":"Patient-123456789.html"}],"reference":{"reference":"Patient/123456789"},"name":"MolicAVC-PatientExample","description":"Exemplo de um paciente dentro do contexto Molic-AVC.","profile":["https://molic-avc.gabriellesantosleandro.com/StructureDefinition/molicavc-patient-profile"],"groupingId":"-ex-example"}],"page":{"sourceUrl":"toc.html","name":"toc.html","title":"Table of Contents","generation":"html","page":[{"sourceUrl":"index.html","name":"index.html","title":"Home","generation":"markdown"},{"sourceUrl":"artifacts.html","name":"artifacts.html","title":"Artifacts Summary","generation":"html","page":[{"sourceUrl":"StructureDefinition-molicavc-encounter-profile.html","name":"StructureDefinition-molicavc-encounter-profile.html","title":"Encounter Profile","generation":"generated"},{"sourceUrl":"StructureDefinition-molicavc-organization-profile.html","name":"StructureDefinition-molicavc-organization-profile.html","title":"Organization Profile","generation":"generated"},{"sourceUrl":"StructureDefinition-molicavc-patient-profile.html","name":"StructureDefinition-molicavc-patient-profile.html","title":"Patient Profile","generation":"generated"},{"sourceUrl":"StructureDefinition-molicavc-practitioner-profile.html","name":"StructureDefinition-molicavc-practitioner-profile.html","title":"Practitioner Profile","generation":"generated"},{"sourceUrl":"StructureDefinition-molicavc-questionnaire-profile.html","name":"StructureDefinition-molicavc-questionnaire-profile.html","title":"Questionnaire Profile","generation":"generated"},{"sourceUrl":"StructureDefinition-live-alone-pre-stroke-extension.html","name":"StructureDefinition-live-alone-pre-stroke-extension.html","title":"Live Alone Pre-Stroke Extension","generation":"generated"},{"sourceUrl":"StructureDefinition-molicavc-ethnicity-extension.html","name":"StructureDefinition-molicavc-ethnicity-extension.html","title":"Patient Ethnicity Extension","generation":"generated"},{"sourceUrl":"StructureDefinition-molicavc-genderidentity-extension.html","name":"StructureDefinition-molicavc-genderidentity-extension.html","title":"Patient Gender Extension","generation":"generated"},{"sourceUrl":"StructureDefinition-molicavc-race-extension.html","name":"StructureDefinition-molicavc-race-extension.html","title":"Patient Race Extension","generation":"generated"},{"sourceUrl":"StructureDefinition-molicavc-sex-extension.html","name":"StructureDefinition-molicavc-sex-extension.html","title":"Patient Sex Extension","generation":"generated"},{"sourceUrl":"StructureDefinition-living-location-pre-stroke-extension.html","name":"StructureDefinition-living-location-pre-stroke-extension.html","title":"Patient's Residence Prior to a Stroke Extension","generation":"generated"},{"sourceUrl":"ValueSet-molicavc-gender-valueset.html","name":"ValueSet-molicavc-gender-valueset.html","title":"Gender Value Set","generation":"generated"},{"sourceUrl":"ValueSet-molicavc-code-healthcare-unit-valueset.html","name":"ValueSet-molicavc-code-healthcare-unit-valueset.html","title":"Healthcare Unit Code ValueSet","generation":"generated"},{"sourceUrl":"ValueSet-live-alone-pre-stroke.html","name":"ValueSet-live-alone-pre-stroke.html","title":"Live Alone Pre-Stroke ValueSet","generation":"generated"},{"sourceUrl":"ValueSet-molicavc-ethnicity-valueset.html","name":"ValueSet-molicavc-ethnicity-valueset.html","title":"Patient Ethnicity ValueSet","generation":"generated"},{"sourceUrl":"ValueSet-molicavc-race.html","name":"ValueSet-molicavc-race.html","title":"Patient Race Value Set","generation":"generated"},{"sourceUrl":"ValueSet-living-location-pre-stroke-valueset.html","name":"ValueSet-living-location-pre-stroke-valueset.html","title":"Patient's Residence Prior to a Stroke ValueSet","generation":"generated"},{"sourceUrl":"ValueSet-molicavc-code-professional-valueset.html","name":"ValueSet-molicavc-code-professional-valueset.html","title":"Professional Code ValueSet","generation":"generated"},{"sourceUrl":"ValueSet-molicavc-promis10-valueset.html","name":"ValueSet-molicavc-promis10-valueset.html","title":"PROMIS-10 Response Values","generation":"generated"},{"sourceUrl":"ValueSet-molicavc-sex-valueset.html","name":"ValueSet-molicavc-sex-valueset.html","title":"Sex ValueSet","generation":"generated"},{"sourceUrl":"ValueSet-molicavc-vr12-valueset.html","name":"ValueSet-molicavc-vr12-valueset.html","title":"VR-12 Response Values","generation":"generated"},{"sourceUrl":"ValueSet-molicavc-whodas-valueset.html","name":"ValueSet-molicavc-whodas-valueset.html","title":"WHODAS Response Values","generation":"generated"},{"sourceUrl":"Questionnaire-MolicAVC-PROMIS10Questionnaire.html","name":"Questionnaire-MolicAVC-PROMIS10Questionnaire.html","title":"Example of PROMIS-10 Questionnaire","generation":"generated"},{"sourceUrl":"Questionnaire-MolicAVC-VR12Questionnaire.html","name":"Questionnaire-MolicAVC-VR12Questionnaire.html","title":"Example of VR-12 (Veterans RAND 12 Item Health Survey)","generation":"generated"},{"sourceUrl":"Questionnaire-MolicAVC-WHODASQuestionnaire.html","name":"Questionnaire-MolicAVC-WHODASQuestionnaire.html","title":"Example of WHODAS Questionnaire","generation":"generated"},{"sourceUrl":"Practitioner-MolicAVC-DoctorExample.html","name":"Practitioner-MolicAVC-DoctorExample.html","title":"MolicAVC-DoctorExample","generation":"generated"},{"sourceUrl":"Encounter-MolicAVC-EncouterExample.html","name":"Encounter-MolicAVC-EncouterExample.html","title":"MolicAVC-EncouterExample","generation":"generated"},{"sourceUrl":"Organization-MolicAVC-OrganizationExample.html","name":"Organization-MolicAVC-OrganizationExample.html","title":"MolicAVC-OrganizationExample","generation":"generated"},{"sourceUrl":"Patient-123456789.html","name":"Patient-123456789.html","title":"MolicAVC-PatientExample","generation":"generated"}]}]},"parameter":[{"code":{"system":"http://hl7.org/fhir/guide-parameter-code","code":"path-resource"},"value":"input/capabilities"},{"code":{"system":"http://hl7.org/fhir/guide-parameter-code","code":"path-resource"},"value":"input/examples"},{"code":{"system":"http://hl7.org/fhir/guide-parameter-code","code":"path-resource"},"value":"input/extensions"},{"code":{"system":"http://hl7.org/fhir/guide-parameter-code","code":"path-resource"},"value":"input/models"},{"code":{"system":"http://hl7.org/fhir/guide-parameter-code","code":"path-resource"},"value":"input/operations"},{"code":{"system":"http://hl7.org/fhir/guide-parameter-code","code":"path-resource"},"value":"input/profiles"},{"code":{"system":"http://hl7.org/fhir/guide-parameter-code","code":"path-resource"},"value":"input/resources"},{"code":{"system":"http://hl7.org/fhir/guide-parameter-code","code":"path-resource"},"value":"input/vocabulary"},{"code":{"system":"http://hl7.org/fhir/guide-parameter-code","code":"path-resource"},"value":"input/maps"},{"code":{"system":"http://hl7.org/fhir/guide-parameter-code","code":"path-resource"},"value":"input/testing"},{"code":{"system":"http://hl7.org/fhir/guide-parameter-code","code":"path-resource"},"value":"input/history"},{"code":{"system":"http://hl7.org/fhir/guide-parameter-code","code":"path-resource"},"value":"fsh-generated/resources"},{"code":{"system":"http://hl7.org/fhir/guide-parameter-code","code":"path-pages"},"value":"template/config"},{"code":{"system":"http://hl7.org/fhir/guide-parameter-code","code":"path-pages"},"value":"input/images"},{"code":{"system":"http://hl7.org/fhir/guide-parameter-code","code":"path-tx-cache"},"value":"input-cache/txcache"},{"code":{"system":"http://hl7.org/fhir/tools/CodeSystem/ig-parameters","code":"copyrightyear"},"value":"2023+"},{"code":{"system":"http://hl7.org/fhir/tools/CodeSystem/ig-parameters","code":"releaselabel"},"value":"ci-build"},{"code":{"system":"http://hl7.org/fhir/tools/CodeSystem/ig-parameters","code":"autoload-resources"},"value":"true"},{"code":{"system":"http://hl7.org/fhir/tools/CodeSystem/ig-parameters","code":"path-liquid"},"value":"template/liquid"},{"code":{"system":"http://hl7.org/fhir/tools/CodeSystem/ig-parameters","code":"path-liquid"},"value":"input/liquid"},{"code":{"system":"http://hl7.org/fhir/tools/CodeSystem/ig-parameters","code":"path-qa"},"value":"temp/qa"},{"code":{"system":"http://hl7.org/fhir/tools/CodeSystem/ig-parameters","code":"path-temp"},"value":"temp/pages"},{"code":{"system":"http://hl7.org/fhir/tools/CodeSystem/ig-parameters","code":"path-output"},"value":"output"},{"code":{"system":"http://hl7.org/fhir/tools/CodeSystem/ig-parameters","code":"path-suppressed-warnings"},"value":"input/ignoreWarnings.txt"},{"code":{"system":"http://hl7.org/fhir/tools/CodeSystem/ig-parameters","code":"path-history"},"value":"https://molic-avc.gabriellesantosleandro.com/history.html"},{"code":{"system":"http://hl7.org/fhir/tools/CodeSystem/ig-parameters","code":"template-html"},"value":"template-page.html"},{"code":{"system":"http://hl7.org/fhir/tools/CodeSystem/ig-parameters","code":"template-md"},"value":"template-page-md.html"},{"code":{"system":"http://hl7.org/fhir/tools/CodeSystem/ig-parameters","code":"apply-contact"},"value":"true"},{"code":{"system":"http://hl7.org/fhir/tools/CodeSystem/ig-parameters","code":"apply-context"},"value":"true"},{"code":{"system":"http://hl7.org/fhir/tools/CodeSystem/ig-parameters","code":"apply-copyright"},"value":"true"},{"code":{"system":"http://hl7.org/fhir/tools/CodeSystem/ig-parameters","code":"apply-jurisdiction"},"value":"true"},{"code":{"system":"http://hl7.org/fhir/tools/CodeSystem/ig-parameters","code":"apply-license"},"value":"true"},{"code":{"system":"http://hl7.org/fhir/tools/CodeSystem/ig-parameters","code":"apply-publisher"},"value":"true"},{"code":{"system":"http://hl7.org/fhir/tools/CodeSystem/ig-parameters","code":"apply-version"},"value":"true"},{"code":{"system":"http://hl7.org/fhir/tools/CodeSystem/ig-parameters","code":"active-tables"},"value":"true"},{"code":{"system":"http://hl7.org/fhir/tools/CodeSystem/ig-parameters","code":"fmm-definition"},"value":"http://hl7.org/fhir/versions.html#maturity"},{"code":{"system":"http://hl7.org/fhir/tools/CodeSystem/ig-parameters","code":"propagate-status"},"value":"true"},{"code":{"system":"http://hl7.org/fhir/tools/CodeSystem/ig-parameters","code":"excludelogbinaryformat"},"value":"true"},{"code":{"system":"http://hl7.org/fhir/tools/CodeSystem/ig-parameters","code":"tabbed-snapshots"},"value":"true"},{"code":{"system":"http://hl7.org/fhir/tools/CodeSystem/ig-parameters","code":"copyrightyear"},"value":"2023+"},{"code":{"system":"http://hl7.org/fhir/tools/CodeSystem/ig-parameters","code":"releaselabel"},"value":"ci-build"},{"code":{"system":"http://hl7.org/fhir/tools/CodeSystem/ig-parameters","code":"autoload-resources"},"value":"true"},{"code":{"system":"http://hl7.org/fhir/tools/CodeSystem/ig-parameters","code":"path-liquid"},"value":"template/liquid"},{"code":{"system":"http://hl7.org/fhir/tools/CodeSystem/ig-parameters","code":"path-liquid"},"value":"input/liquid"},{"code":{"system":"http://hl7.org/fhir/tools/CodeSystem/ig-parameters","code":"path-qa"},"value":"temp/qa"},{"code":{"system":"http://hl7.org/fhir/tools/CodeSystem/ig-parameters","code":"path-temp"},"value":"temp/pages"},{"code":{"system":"http://hl7.org/fhir/tools/CodeSystem/ig-parameters","code":"path-output"},"value":"output"},{"code":{"system":"http://hl7.org/fhir/tools/CodeSystem/ig-parameters","code":"path-suppressed-warnings"},"value":"input/ignoreWarnings.txt"},{"code":{"system":"http://hl7.org/fhir/tools/CodeSystem/ig-parameters","code":"path-history"},"value":"https://molic-avc.gabriellesantosleandro.com/history.html"},{"code":{"system":"http://hl7.org/fhir/tools/CodeSystem/ig-parameters","code":"template-html"},"value":"template-page.html"},{"code":{"system":"http://hl7.org/fhir/tools/CodeSystem/ig-parameters","code":"template-md"},"value":"template-page-md.html"},{"code":{"system":"http://hl7.org/fhir/tools/CodeSystem/ig-parameters","code":"apply-contact"},"value":"true"},{"code":{"system":"http://hl7.org/fhir/tools/CodeSystem/ig-parameters","code":"apply-context"},"value":"true"},{"code":{"system":"http://hl7.org/fhir/tools/CodeSystem/ig-parameters","code":"apply-copyright"},"value":"true"},{"code":{"system":"http://hl7.org/fhir/tools/CodeSystem/ig-parameters","code":"apply-jurisdiction"},"value":"true"},{"code":{"system":"http://hl7.org/fhir/tools/CodeSystem/ig-parameters","code":"apply-license"},"value":"true"},{"code":{"system":"http://hl7.org/fhir/tools/CodeSystem/ig-parameters","code":"apply-publisher"},"value":"true"},{"code":{"system":"http://hl7.org/fhir/tools/CodeSystem/ig-parameters","code":"apply-version"},"value":"true"},{"code":{"system":"http://hl7.org/fhir/tools/CodeSystem/ig-parameters","code":"active-tables"},"value":"true"},{"code":{"system":"http://hl7.org/fhir/tools/CodeSystem/ig-parameters","code":"fmm-definition"},"value":"http://hl7.org/fhir/versions.html#maturity"},{"code":{"system":"http://hl7.org/fhir/tools/CodeSystem/ig-parameters","code":"propagate-status"},"value":"true"},{"code":{"system":"http://hl7.org/fhir/tools/CodeSystem/ig-parameters","code":"excludelogbinaryformat"},"value":"true"},{"code":{"system":"http://hl7.org/fhir/tools/CodeSystem/ig-parameters","code":"tabbed-snapshots"},"value":"true"}]}}