{"resourceType":"ValueSet","id":"molicavc-functionalstatus-valueset","text":{"status":"generated","div":"<div xmlns=\"http://www.w3.org/1999/xhtml\"><ul><li>Include these codes as defined in <code>https://connect.ichom.org/patient-centered-outcome-measures/stroke/functionalstatus/</code><table class=\"none\"><tr><td style=\"white-space:nowrap\"><b>Code</b></td><td><b>Display</b></td></tr><tr><td>0</td><td>0 = No.</td></tr><tr><td>1</td><td>1 = Yes.</td></tr><tr><td>999</td><td>999 = Unknown.</td></tr></table></li></ul></div>"},"url":"https://molic-avc.gabriellesantosleandro.com/ValueSet/molicavc-functionalstatus-valueset","version":"0.1.0","name":"MolicAVC_FunctionalStatus_ValueSet","title":"ValueSet of Functional Aspects and Rehabilitation: Feeding, Communication, and Stroke Rehabilitation","status":"draft","date":"2023-09-08T18:23:11-03:00","publisher":"Gabrielle dos Santos Leandro","contact":[{"name":"Gabrielle dos Santos Leandro","telecom":[{"system":"url","value":"https://molic-avc.gabriellesantosleandro.com"}]}],"description":"This ValueSet defines the response values for the Functional Aspects and Rehabilitation: Feeding, Communication, \r\nand Stroke Rehabilitation.","compose":{"include":[{"system":"https://connect.ichom.org/patient-centered-outcome-measures/stroke/functionalstatus/","concept":[{"code":"0","display":"0 = No."},{"code":"1","display":"1 = Yes."},{"code":"999","display":"999 = Unknown."}]}]}}