{"resourceType":"ValueSet","id":"EstStrokeSevNIHSSCatVS","text":{"status":"generated","div":"<div xmlns=\"http://www.w3.org/1999/xhtml\"><ul><li>Include these codes as defined in <code>https://connect.ichom.org/patient-centered-outcome-measures/stroke/nihsscategory/</code><table class=\"none\"><tr><td style=\"white-space:nowrap\"><b>Code</b></td><td><b>Display</b></td></tr><tr><td>1</td><td>No stroke symptoms (NIHSS score = 0)</td></tr><tr><td>2</td><td>Minor (NIHSS score from 1 to 4)</td></tr><tr><td>3</td><td>Moderate (NIHSS score from 5 to 15)</td></tr><tr><td>4</td><td>Moderate to severe (NIHSS score from 16 to 20)</td></tr><tr><td>5</td><td>Severe (NIHSS score from 21 to 42)</td></tr><tr><td>999</td><td>Unknown</td></tr></table></li></ul></div>"},"url":"https://molic-avc.gabriellesantosleandro.com/ValueSet/EstStrokeSevNIHSSCatVS","version":"1.0.1","name":"EstStrokeSevNIHSSCatVS","title":"ValueSet that categorizes the estimated severity of the stroke using the NIHSS according to the ICHOM standard.","status":"active","date":"2023-11-21T19:08:35-03:00","publisher":"Gabrielle dos Santos Leandro","contact":[{"name":"Gabrielle dos Santos Leandro","telecom":[{"system":"url","value":"https://gabriellesantosleandro.com"},{"system":"email","value":"gabrielle.santos.leandro@gmail.com"}]},{"name":"Gabrielle dos Santos Leandro","telecom":[{"system":"url","value":"https://gabriellesantosleandro.com.br","use":"work"},{"system":"email","value":"gabrielle.santos.leandro@gmail.com","use":"work"}]}],"description":"This ValueSet is intended to categorize the severity of the stroke based on the National Institutes of Health Stroke Scale (NIHSS).","compose":{"include":[{"system":"https://connect.ichom.org/patient-centered-outcome-measures/stroke/nihsscategory/","concept":[{"code":"1","display":"No stroke symptoms (NIHSS score = 0)"},{"code":"2","display":"Minor (NIHSS score from 1 to 4)"},{"code":"3","display":"Moderate (NIHSS score from 5 to 15)"},{"code":"4","display":"Moderate to severe (NIHSS score from 16 to 20)"},{"code":"5","display":"Severe (NIHSS score from 21 to 42)"},{"code":"999","display":"Unknown"}]}]}}