{"resourceType":"ValueSet","id":"StrokeToiletingVS","text":{"status":"generated","div":"<div xmlns=\"http://www.w3.org/1999/xhtml\"><ul><li>Include these codes as defined in <a href=\"CodeSystem-StrokeFuncStatusCS.html\"><code>https://molic-avc.gabriellesantosleandro.com/CodeSystem/StrokeFuncStatusCS</code></a><table class=\"none\"><tr><td style=\"white-space:nowrap\"><b>Code</b></td><td><b>Display</b></td></tr><tr><td><a href=\"CodeSystem-StrokeFuncStatusCS.html#StrokeFuncStatusCS-4\">4</a></td><td>I could manage going to the toilet without assistance.</td></tr><tr><td><a href=\"CodeSystem-StrokeFuncStatusCS.html#StrokeFuncStatusCS-5\">5</a></td><td>I needed help to go to the toilet.</td></tr></table></li></ul></div>"},"url":"https://molic-avc.gabriellesantosleandro.com/ValueSet/StrokeToiletingVS","version":"0.0.0","name":"StrokeToiletingVS","title":"Prestroke and Poststroke Functional Status: Toileting","status":"active","experimental":false,"date":"2024-01-11T13:00:00-03:00","publisher":"Gabrielle dos Santos Leandro","contact":[{"name":"Gabrielle dos Santos Leandro","telecom":[{"system":"url","value":"https://gabriellesantosleandro.com"},{"system":"email","value":"gabrielle.santos.leandro@gmail.com"}]},{"name":"Gabrielle dos Santos Leandro","telecom":[{"system":"url","value":"https://gabriellesantosleandro.com.br","use":"work"},{"system":"email","value":"gabrielle.santos.leandro@gmail.com","use":"work"}]}],"description":"ValueSet that defines the response values for the Prestroke and Poststroke Functional Status: Toileting.","compose":{"include":[{"system":"https://molic-avc.gabriellesantosleandro.com/CodeSystem/StrokeFuncStatusCS","concept":[{"code":"4","display":"I could manage going to the toilet without assistance."},{"code":"5","display":"I needed help to go to the toilet."}]}]}}