{"resourceType":"ValueSet","id":"SymtDurVS","text":{"status":"generated","div":"<div xmlns=\"http://www.w3.org/1999/xhtml\"><ul><li>Include these codes as defined in <code>https://connect.ichom.org/patient-centered-outcome-measures/stroke/symptomduration/</code><table class=\"none\"><tr><td style=\"white-space:nowrap\"><b>Code</b></td><td><b>Display</b></td></tr><tr><td>0</td><td>Less than 4.5 hours</td></tr><tr><td>1</td><td>More than 4.5 hours</td></tr><tr><td>999</td><td>Unknown</td></tr></table></li></ul></div>"},"url":"https://molic-avc.gabriellesantosleandro.com/ValueSet/SymtDurVS","version":"1.0.1","name":"SymtDurVS","title":"ValueSet Categorizing the Duration of Stroke Symptoms","status":"active","date":"2023-11-21T18:47:54-03:00","publisher":"Gabrielle dos Santos Leandro","contact":[{"name":"Gabrielle dos Santos Leandro","telecom":[{"system":"url","value":"https://gabriellesantosleandro.com"},{"system":"email","value":"gabrielle.santos.leandro@gmail.com"}]},{"name":"Gabrielle dos Santos Leandro","telecom":[{"system":"url","value":"https://gabriellesantosleandro.com.br","use":"work"},{"system":"email","value":"gabrielle.santos.leandro@gmail.com","use":"work"}]}],"description":"ValueSet that categorizes the duration of stroke symptoms, considering the time from symptom onset to admission at the reference hospital.","compose":{"include":[{"system":"https://connect.ichom.org/patient-centered-outcome-measures/stroke/symptomduration/","concept":[{"code":"0","display":"Less than 4.5 hours"},{"code":"1","display":"More than 4.5 hours"},{"code":"999","display":"Unknown"}]}]}}