{"resourceType":"ValueSet","id":"StrokeSevLocVS","text":{"status":"generated","div":"<div xmlns=\"http://www.w3.org/1999/xhtml\"><ul><li>Include these codes as defined in <code>https://connect.ichom.org/patient-centered-outcome-measures/stroke/consciousness/</code><table class=\"none\"><tr><td style=\"white-space:nowrap\"><b>Code</b></td><td><b>Display</b></td></tr><tr><td>0</td><td>Fully awake</td></tr><tr><td>1</td><td>Somnolent</td></tr><tr><td>2</td><td>Coma</td></tr><tr><td>999</td><td>Unknown</td></tr></table></li></ul></div>"},"url":"https://molic-avc.gabriellesantosleandro.com/ValueSet/StrokeSevLocVS","version":"1.0.1","name":"StrokeSevLocVS","title":"ValueSet Categorizing the State of Consciousness according to the ICHOM standard.","status":"active","date":"2023-11-21T19:08:35-03:00","publisher":"Gabrielle dos Santos Leandro","contact":[{"name":"Gabrielle dos Santos Leandro","telecom":[{"system":"url","value":"https://gabriellesantosleandro.com"},{"system":"email","value":"gabrielle.santos.leandro@gmail.com"}]},{"name":"Gabrielle dos Santos Leandro","telecom":[{"system":"url","value":"https://gabriellesantosleandro.com.br","use":"work"},{"system":"email","value":"gabrielle.santos.leandro@gmail.com","use":"work"}]}],"description":"This ValueSet is based on the ICHOM standard and it indicates the patient's state of consciousness as measured upon arrival at the reference hospital.","compose":{"include":[{"system":"https://connect.ichom.org/patient-centered-outcome-measures/stroke/consciousness/","concept":[{"code":"0","display":"Fully awake"},{"code":"1","display":"Somnolent"},{"code":"2","display":"Coma"},{"code":"999","display":"Unknown"}]}]}}