{"resourceType":"ValueSet","id":"molicavc-functionalaspectsrehabilitation-valueset","text":{"status":"generated","div":"<div xmlns=\"http://www.w3.org/1999/xhtml\"><ul><li>Include these codes as defined in <code>https://connect.ichom.org/patient-centered-outcome-measures/stroke/functionalaspectsrehabilitation/</code><table class=\"none\"><tr><td style=\"white-space:nowrap\"><b>Code</b></td><td><b>Display</b></td></tr><tr><td>1</td><td>1 = Able to walk without help from another person with or without a device.</td></tr><tr><td>2</td><td>2 = Able to walk with help from another person.</td></tr><tr><td>3</td><td>3 = Unable to walk.</td></tr><tr><td>4</td><td>1 = I could manage going to the toilet without assistance.</td></tr><tr><td>5</td><td>2 = I needed help to go to the toilet.</td></tr><tr><td>6</td><td>1 = I could manage dressing/undressing without help.</td></tr><tr><td>7</td><td>2 = I needed help dressing/undressing.</td></tr></table></li></ul></div>"},"url":"https://molic-avc.gabriellesantosleandro.com/ValueSet/molicavc-functionalaspectsrehabilitation-valueset","version":"1.0.1","name":"MolicAVC_FunctionalAspectsRehabilitation_ValueSet","title":"ValueSet of Prestroke and Poststroke Functional Status questionnaire","status":"active","date":"2023-10-17T16:55:27-03:00","publisher":"Gabrielle dos Santos Leandro","contact":[{"name":"Gabrielle dos Santos Leandro","telecom":[{"system":"url","value":"https://gabriellesantosleandro.com"},{"system":"email","value":"gabrielle.santos.leandro@gmail.com"}]},{"name":"Gabrielle dos Santos Leandro","telecom":[{"system":"url","value":"https://gabriellesantosleandro.com.br","use":"work"},{"system":"email","value":"gabrielle.santos.leandro@gmail.com","use":"work"}]}],"description":"This ValueSet defines the response values for the Prestroke and Poststroke Functional Status questionnaire.","compose":{"include":[{"system":"https://connect.ichom.org/patient-centered-outcome-measures/stroke/functionalaspectsrehabilitation/","concept":[{"code":"1","display":"1 = Able to walk without help from another person with or without a device."},{"code":"2","display":"2 = Able to walk with help from another person."},{"code":"3","display":"3 = Unable to walk."},{"code":"4","display":"1 = I could manage going to the toilet without assistance."},{"code":"5","display":"2 = I needed help to go to the toilet."},{"code":"6","display":"1 = I could manage dressing/undressing without help."},{"code":"7","display":"2 = I needed help dressing/undressing."}]}]}}