{"resourceType":"ValueSet","id":"molicavc-eq5d3l-valueset","text":{"status":"generated","div":"<div xmlns=\"http://www.w3.org/1999/xhtml\"><ul><li>Include these codes as defined in <code>https://connect.ichom.org/patient-centered-outcome-measures/stroke/eq5d3l/</code><table class=\"none\"><tr><td style=\"white-space:nowrap\"><b>Code</b></td><td><b>Display</b></td></tr><tr><td>1</td><td>I have no problems in walking about.</td></tr><tr><td>2</td><td>I have some problems in walking about.</td></tr><tr><td>3</td><td>I am confined to bed.</td></tr><tr><td>4</td><td>I have no problems with self-care.</td></tr><tr><td>5</td><td>I have some problems washing or dressing myself.</td></tr><tr><td>6</td><td>I am unable to wash or dress myself.</td></tr><tr><td>7</td><td>I have no problems with performing my usual activities.</td></tr><tr><td>8</td><td>I have some problems with performing my usual activities.</td></tr><tr><td>9</td><td>I am unable to perform my usual activities.</td></tr><tr><td>10</td><td>I have no pain or discomfort.</td></tr><tr><td>11</td><td>I have moderate pain or discomfort.</td></tr><tr><td>12</td><td>I have extreme pain or discomfort.</td></tr><tr><td>13</td><td>I am not anxious or depressed.</td></tr><tr><td>14</td><td>I am moderately anxious or depressed.</td></tr><tr><td>15</td><td>I am extremely anxious or depressed.</td></tr><tr><td>16</td><td>From 0 to 10.</td></tr><tr><td>17</td><td>From 11 to 20.</td></tr><tr><td>18</td><td>From 21 to 30.</td></tr><tr><td>19</td><td>From 31 to 40.</td></tr><tr><td>20</td><td>From 41 to 50.</td></tr><tr><td>21</td><td>From 51 to 60.</td></tr><tr><td>22</td><td>From 61 to 70.</td></tr><tr><td>23</td><td>From 71 to 80.</td></tr><tr><td>24</td><td>From 81 to 90.</td></tr><tr><td>25</td><td>From 91 to 100.</td></tr></table></li></ul></div>"},"url":"https://molic-avc.gabriellesantosleandro.com/ValueSet/molicavc-eq5d3l-valueset","version":"1.0.1","name":"MolicAVC_EQ5D3L_ValueSet","title":"ValueSet of EQ-5D-3L Response Questionnaire","status":"active","date":"2023-10-17T16:55:27-03:00","publisher":"Gabrielle dos Santos Leandro","contact":[{"name":"Gabrielle dos Santos Leandro","telecom":[{"system":"url","value":"https://gabriellesantosleandro.com"},{"system":"email","value":"gabrielle.santos.leandro@gmail.com"}]},{"name":"Gabrielle dos Santos Leandro","telecom":[{"system":"url","value":"https://gabriellesantosleandro.com.br","use":"work"},{"system":"email","value":"gabrielle.santos.leandro@gmail.com","use":"work"}]}],"description":"This ValueSet defines the response values for the EQ-5D-3L Questionnaire.","compose":{"include":[{"system":"https://connect.ichom.org/patient-centered-outcome-measures/stroke/eq5d3l/","concept":[{"code":"1","display":"I have no problems in walking about."},{"code":"2","display":"I have some problems in walking about."},{"code":"3","display":"I am confined to bed."},{"code":"4","display":"I have no problems with self-care."},{"code":"5","display":"I have some problems washing or dressing myself."},{"code":"6","display":"I am unable to wash or dress myself."},{"code":"7","display":"I have no problems with performing my usual activities."},{"code":"8","display":"I have some problems with performing my usual activities."},{"code":"9","display":"I am unable to perform my usual activities."},{"code":"10","display":"I have no pain or discomfort."},{"code":"11","display":"I have moderate pain or discomfort."},{"code":"12","display":"I have extreme pain or discomfort."},{"code":"13","display":"I am not anxious or depressed."},{"code":"14","display":"I am moderately anxious or depressed."},{"code":"15","display":"I am extremely anxious or depressed."},{"code":"16","display":"From 0 to 10."},{"code":"17","display":"From 11 to 20."},{"code":"18","display":"From 21 to 30."},{"code":"19","display":"From 31 to 40."},{"code":"20","display":"From 41 to 50."},{"code":"21","display":"From 51 to 60."},{"code":"22","display":"From 61 to 70."},{"code":"23","display":"From 71 to 80."},{"code":"24","display":"From 81 to 90."},{"code":"25","display":"From 91 to 100."}]}]}}