{"resourceType":"ValueSet","id":"LiveAlonePreVS","text":{"status":"generated","div":"<div xmlns=\"http://www.w3.org/1999/xhtml\"><ul><li>Include these codes as defined in <code>https://connect.ichom.org/patient-centered-outcome-measures/stroke/livealoneprestroke/</code><table class=\"none\"><tr><td style=\"white-space:nowrap\"><b>Code</b></td><td><b>Display</b></td></tr><tr><td>1</td><td>Yes, I lived alone</td></tr><tr><td>2</td><td>No, I shared my household with a spouse/partner or another person (e.g. sibling, children, parents)</td></tr><tr><td>999</td><td>Unknown</td></tr></table></li></ul></div>"},"url":"https://molic-avc.gabriellesantosleandro.com/ValueSet/LiveAlonePreVS","version":"1.0.1","name":"LiveAlonePreVS","title":"ValueSet of Live Alone Pre-Stroke","status":"active","date":"2023-11-21T19:08:35-03:00","publisher":"Gabrielle dos Santos Leandro","contact":[{"name":"Gabrielle dos Santos Leandro","telecom":[{"system":"url","value":"https://gabriellesantosleandro.com"},{"system":"email","value":"gabrielle.santos.leandro@gmail.com"}]},{"name":"Gabrielle dos Santos Leandro","telecom":[{"system":"url","value":"https://gabriellesantosleandro.com.br","use":"work"},{"system":"email","value":"gabrielle.santos.leandro@gmail.com","use":"work"}]}],"description":"ValueSet indicating whether a patient lived alone prior to a stroke event based on ICHOM terminology.","compose":{"include":[{"system":"https://connect.ichom.org/patient-centered-outcome-measures/stroke/livealoneprestroke/","concept":[{"code":"1","display":"Yes, I lived alone"},{"code":"2","display":"No, I shared my household with a spouse/partner or another person (e.g. sibling, children, parents)"},{"code":"999","display":"Unknown"}]}]}}