{"resourceType":"ValueSet","id":"StrokeTypeVS","text":{"status":"generated","div":"<div xmlns=\"http://www.w3.org/1999/xhtml\"><ul><li>Include these codes as defined in <code>https://connect.ichom.org/patient-centered-outcome-measures/stroke/stroketype/</code><table class=\"none\"><tr><td style=\"white-space:nowrap\"><b>Code</b></td><td><b>Display</b></td></tr><tr><td>IS</td><td>Ischemic stroke (IS)</td></tr><tr><td>ICH</td><td>Intracerebral hemorrhage (ICH)</td></tr><tr><td>TIA</td><td>Transient ischemic attack (TIA)</td></tr><tr><td>UNK</td><td>Stroke of unknown type</td></tr></table></li></ul></div>"},"url":"https://molic-avc.gabriellesantosleandro.com/ValueSet/StrokeTypeVS","version":"1.0.1","name":"StrokeTypeVS","title":"ValueSet que categoriza o tipo de AVC","status":"active","date":"2023-10-17T16:55:27-03:00","publisher":"Gabrielle dos Santos Leandro","contact":[{"name":"Gabrielle dos Santos Leandro","telecom":[{"system":"url","value":"https://gabriellesantosleandro.com"},{"system":"email","value":"gabrielle.santos.leandro@gmail.com"}]},{"name":"Gabrielle dos Santos Leandro","telecom":[{"system":"url","value":"https://gabriellesantosleandro.com.br","use":"work"},{"system":"email","value":"gabrielle.santos.leandro@gmail.com","use":"work"}]}],"description":"Este ValueSet tem por finalidade categorizar o tipo do AVC","compose":{"include":[{"system":"https://connect.ichom.org/patient-centered-outcome-measures/stroke/stroketype/","concept":[{"code":"IS","display":"Ischemic stroke (IS)"},{"code":"ICH","display":"Intracerebral hemorrhage (ICH)"},{"code":"TIA","display":"Transient ischemic attack (TIA)"},{"code":"UNK","display":"Stroke of unknown type"}]}]}}