{
  "resourceType" : "ImplementationGuide",
  "id" : "guide",
  "text" : {
    "status" : "extensions",
    "div" : "<div xmlns=\"http://www.w3.org/1999/xhtml\"><h2>MolicAVC</h2><p>The official URL for this implementation guide is: </p><pre>https://molic-avc.gabriellesantosleandro.com/ImplementationGuide/guide</pre><div><p>FHIR Implementation Guide for Stroke: A Dual Focus on the Patient's Journey and Outcome Measures</p>\n</div></div>"
  },
  "url" : "https://molic-avc.gabriellesantosleandro.com/ImplementationGuide/guide",
  "version" : "1.0.1",
  "name" : "MolicAVC",
  "title" : "Projeto Molic-AVC: Monitoramento da Linha de Cuidado do AVC",
  "status" : "draft",
  "date" : "2023-10-25T16:05:12-03:00",
  "publisher" : "Gabrielle dos Santos Leandro",
  "contact" : [{
    "name" : "Gabrielle dos Santos Leandro",
    "telecom" : [{
      "system" : "url",
      "value" : "https://gabriellesantosleandro.com"
    },
    {
      "system" : "email",
      "value" : "gabrielle.santos.leandro@gmail.com"
    }]
  },
  {
    "name" : "Gabrielle dos Santos Leandro",
    "telecom" : [{
      "system" : "url",
      "value" : "https://gabriellesantosleandro.com.br",
      "use" : "work"
    },
    {
      "system" : "email",
      "value" : "gabrielle.santos.leandro@gmail.com",
      "use" : "work"
    }]
  }],
  "description" : "FHIR Implementation Guide for Stroke: A Dual Focus on the Patient's Journey and Outcome Measures",
  "packageId" : "guide",
  "license" : "CC0-1.0",
  "fhirVersion" : ["5.0.0"],
  "dependsOn" : [{
    "id" : "hl7tx",
    "extension" : [{
      "url" : "http://hl7.org/fhir/tools/StructureDefinition/implementationguide-dependency-comment",
      "valueMarkdown" : "Automatically added as a dependency - all IGs depend on HL7 Terminology"
    }],
    "uri" : "http://terminology.hl7.org/ImplementationGuide/hl7.terminology",
    "packageId" : "hl7.terminology.r5",
    "version" : "5.3.0"
  },
  {
    "id" : "hl7ext",
    "extension" : [{
      "url" : "http://hl7.org/fhir/tools/StructureDefinition/implementationguide-dependency-comment",
      "valueMarkdown" : "Automatically added as a dependency - all IGs depend on the HL7 Extension Pack"
    }],
    "uri" : "http://hl7.org/fhir/extensions/ImplementationGuide/hl7.fhir.uv.extensions",
    "packageId" : "hl7.fhir.uv.extensions.r5",
    "version" : "1.0.0"
  }],
  "definition" : {
    "extension" : [{
      "url" : "http://hl7.org/fhir/tools/StructureDefinition/ig-internal-dependency",
      "valueCode" : "hl7.fhir.uv.tools#current"
    }],
    "resource" : [{
      "extension" : [{
        "url" : "http://hl7.org/fhir/tools/StructureDefinition/resource-information",
        "valueString" : "StructureDefinition:resource"
      }],
      "reference" : {
        "reference" : "StructureDefinition/molicavc-encounter-profile"
      },
      "name" : "Profile of Molic-AVC's Encounter",
      "description" : "The Encounter Resource in the MOLIC-AVC project represents the actual interaction between \r\na patient and their healthcare provider(s). It's designed to document delivered health services or assess\r\nthe patient's health status.",
      "isExample" : false
    },
    {
      "extension" : [{
        "url" : "http://hl7.org/fhir/tools/StructureDefinition/resource-information",
        "valueString" : "StructureDefinition:resource"
      }],
      "reference" : {
        "reference" : "StructureDefinition/molicavc-observation-profile"
      },
      "name" : "Profile of Molic-AVC's Observation",
      "description" : "Observations are a central element in healthcare, used to support diagnosis, monitor progress, determine baselines \r\nand patterns and even capture demographic characteristics, as well as capture results of tests performed on products and substances. \r\nMost observations are simple name/value pair assertions with some metadata, but some observations group other observations together \r\nlogically, or even are multi-component observations.",
      "isExample" : false
    },
    {
      "extension" : [{
        "url" : "http://hl7.org/fhir/tools/StructureDefinition/resource-information",
        "valueString" : "StructureDefinition:resource"
      }],
      "reference" : {
        "reference" : "StructureDefinition/molicavc-organization-profile"
      },
      "name" : "Profile of Molic-AVC's Organization",
      "description" : "The Organization resource in the MOLIC-AVC project encompasses all entities or groups \r\ninvolved in the healthcare process and related health services as part of their formal responsibilities. \r\nExamples include: Primary Care Basic Health Units, Emergency Care Units, Reference Hospital for Stroke, \r\npublic ambulance transport (SAMU), private services, and others.",
      "isExample" : false
    },
    {
      "extension" : [{
        "url" : "http://hl7.org/fhir/tools/StructureDefinition/resource-information",
        "valueString" : "StructureDefinition:resource"
      }],
      "reference" : {
        "reference" : "StructureDefinition/molicavc-patient-profile"
      },
      "name" : "Profile of Molic-AVC's Patient",
      "description" : "The Patient Resource of the Molic-AVC Project stores demographics and other administrative information about an individual or animal receiving care or other health-related services.",
      "isExample" : false
    },
    {
      "extension" : [{
        "url" : "http://hl7.org/fhir/tools/StructureDefinition/resource-information",
        "valueString" : "StructureDefinition:resource"
      }],
      "reference" : {
        "reference" : "StructureDefinition/molicavc-practitioner-profile"
      },
      "name" : "Profile of Molic-AVC's Practitioner",
      "description" : "The Practitioner Resource in the MOLIC-AVC project encompasses all individuals involved in the healthcare process and related health services as part of their formal responsibilities. This Resource is utilized to assign activities and responsibilities to these individuals. Examples include: doctors, nurses, therapists, receptionists, and so on.",
      "isExample" : false
    },
    {
      "extension" : [{
        "url" : "http://hl7.org/fhir/tools/StructureDefinition/resource-information",
        "valueString" : "StructureDefinition:resource"
      }],
      "reference" : {
        "reference" : "StructureDefinition/molicavc-questionnaire-profile"
      },
      "name" : "Profile of Molic-AVC's Questionnaire",
      "description" : "A structured set of questions intended to guide the collection of answers from end-users. \r\nQuestionnaires provide detailed control over order, presentation, phraseology and grouping to allow coherent, \r\nconsistent data collection.",
      "isExample" : false
    },
    {
      "extension" : [{
        "url" : "http://hl7.org/fhir/tools/StructureDefinition/resource-information",
        "valueString" : "StructureDefinition:resource"
      }],
      "reference" : {
        "reference" : "StructureDefinition/molicavc-questionnaireresponse-profile"
      },
      "name" : "Profile of Molic-AVC's QuestionnaireResponse",
      "description" : "QuestionnaireResponse provides a complete or partial list of answers to a set of questions filled when responding\r\n to a questionnaire.",
      "isExample" : false
    },
    {
      "extension" : [{
        "url" : "http://hl7.org/fhir/tools/StructureDefinition/resource-information",
        "valueString" : "StructureDefinition:extension"
      }],
      "reference" : {
        "reference" : "StructureDefinition/molicavc-alcoholamount-extension"
      },
      "name" : "Extension of Alcohol intake amount",
      "description" : "One standard drink is equal to 12.5ml of pure alcohol, or roughly 1 small glass of wine/25cl of regular beer (5% alcohol).",
      "isExample" : false
    },
    {
      "extension" : [{
        "url" : "http://hl7.org/fhir/tools/StructureDefinition/resource-information",
        "valueString" : "StructureDefinition:extension"
      }],
      "reference" : {
        "reference" : "StructureDefinition/molicavc-consciousness-extension"
      },
      "name" : "Extension of Consciousness",
      "description" : "Stroke severity: consciousness. Indicate the patient’s level of consciousness measured on hospitalar arrival.",
      "isExample" : false
    },
    {
      "extension" : [{
        "url" : "http://hl7.org/fhir/tools/StructureDefinition/resource-information",
        "valueString" : "StructureDefinition:extension"
      }],
      "reference" : {
        "reference" : "StructureDefinition/molicavc-ethnicity-extension"
      },
      "name" : "Extension of Patient Ethnicity",
      "description" : "Extension to capture the patient's ethnicity which represents their cultural background or heritage. Although optional, ICHOM strongly encourages collecting this inclusive information.",
      "isExample" : false
    },
    {
      "extension" : [{
        "url" : "http://hl7.org/fhir/tools/StructureDefinition/resource-information",
        "valueString" : "StructureDefinition:extension"
      }],
      "reference" : {
        "reference" : "StructureDefinition/molicavc-genderidentity-extension"
      },
      "name" : "Extension of Patient Gender Identity",
      "description" : "The patient's gender.",
      "isExample" : false
    },
    {
      "extension" : [{
        "url" : "http://hl7.org/fhir/tools/StructureDefinition/resource-information",
        "valueString" : "StructureDefinition:extension"
      }],
      "reference" : {
        "reference" : "StructureDefinition/live-alone-pre-stroke-extension"
      },
      "name" : "Extension of Live Alone Pre-Stroke",
      "description" : "Extension indicating whether a patient lived alone prior to a stroke event based on ICHOM terminology.",
      "isExample" : false
    },
    {
      "extension" : [{
        "url" : "http://hl7.org/fhir/tools/StructureDefinition/resource-information",
        "valueString" : "StructureDefinition:extension"
      }],
      "reference" : {
        "reference" : "StructureDefinition/living-location-pre-stroke-extension"
      },
      "name" : "Extension of Patient's Residence Prior to a Stroke",
      "description" : "An extension to capture the patient's residence prior to a stroke event, based on the ICHOM code.",
      "isExample" : false
    },
    {
      "extension" : [{
        "url" : "http://hl7.org/fhir/tools/StructureDefinition/resource-information",
        "valueString" : "StructureDefinition:extension"
      }],
      "reference" : {
        "reference" : "StructureDefinition/molicavc-nihsscategory-extension"
      },
      "name" : "Extension of Estimated Stroke Severity Category based on NIHSS",
      "description" : "Estimated Stroke Severity: Category. Indicate the estimated stroke severity category \r\nby the NIH Stroke Scale (NIHSS).",
      "isExample" : false
    },
    {
      "extension" : [{
        "url" : "http://hl7.org/fhir/tools/StructureDefinition/resource-information",
        "valueString" : "StructureDefinition:extension"
      }],
      "reference" : {
        "reference" : "StructureDefinition/molicavc-nihss-extension"
      },
      "name" : "Extension of Stroke Severity Score based on NIHSS",
      "description" : "Stroke severity score. Stroke severity as measured by the NIH Stroke Scale (NIHSS). Report the raw (uncategorized) NIHSS score.",
      "isExample" : false
    },
    {
      "extension" : [{
        "url" : "http://hl7.org/fhir/tools/StructureDefinition/resource-information",
        "valueString" : "StructureDefinition:extension"
      }],
      "reference" : {
        "reference" : "StructureDefinition/molicavc-race-extension"
      },
      "name" : "Extension of Patient Race",
      "description" : "Extension to capture the patient's race, as recommended by ICHOM.",
      "isExample" : false
    },
    {
      "extension" : [{
        "url" : "http://hl7.org/fhir/tools/StructureDefinition/resource-information",
        "valueString" : "StructureDefinition:extension"
      }],
      "reference" : {
        "reference" : "StructureDefinition/molicavc-sex-extension"
      },
      "name" : "Extension of Patient Sex",
      "description" : "The patient's sex at birth.",
      "isExample" : false
    },
    {
      "extension" : [{
        "url" : "http://hl7.org/fhir/tools/StructureDefinition/resource-information",
        "valueString" : "StructureDefinition:extension"
      }],
      "reference" : {
        "reference" : "StructureDefinition/molicavc-smokingstatus-extension"
      },
      "name" : "Extension of Smoking Status",
      "description" : "Extension to capture the patient's smoking status, as recommended by ICHOM.",
      "isExample" : false
    },
    {
      "extension" : [{
        "url" : "http://hl7.org/fhir/tools/StructureDefinition/resource-information",
        "valueString" : "StructureDefinition:extension"
      }],
      "reference" : {
        "reference" : "StructureDefinition/molicavc-strokewindow-extension"
      },
      "name" : "Extension of Stroke Window",
      "description" : "Brief hours post-symptom onset when prompt intervention reduces brain damage, lasting up to 4.5-12 hours.",
      "isExample" : false
    },
    {
      "extension" : [{
        "url" : "http://hl7.org/fhir/tools/StructureDefinition/resource-information",
        "valueString" : "StructureDefinition:extension"
      }],
      "reference" : {
        "reference" : "StructureDefinition/molicavc-symptomduration-extension"
      },
      "name" : "Extension of Stroke's Symptom Duration",
      "description" : "Duration of symptoms. Indicate the duration of the stroke symptoms measured on hospital arrival.",
      "isExample" : false
    },
    {
      "extension" : [{
        "url" : "http://hl7.org/fhir/tools/StructureDefinition/resource-information",
        "valueString" : "ValueSet"
      }],
      "reference" : {
        "reference" : "ValueSet/cnes-valueset"
      },
      "name" : "ValueSet of National Registry of Health Establishments (CNES - Cadastro Nacional de Estabelecimentos de Saúde)",
      "description" : "This ValueSet details codes for Stroke Healthcare Units in Joinville based on National Registry of Health Establishments (CNES - Cadastro Nacional de Estabelecimentos de Saúde).",
      "isExample" : false
    },
    {
      "extension" : [{
        "url" : "http://hl7.org/fhir/tools/StructureDefinition/resource-information",
        "valueString" : "ValueSet"
      }],
      "reference" : {
        "reference" : "ValueSet/molicavc-cvdcomorbidities-valueset"
      },
      "name" : "ValueSet of Cardiovascular Comorbidities",
      "description" : " Indicate which comorbidities the patient is living with. Select all conditions that apply at every annual follow-up.",
      "isExample" : false
    },
    {
      "extension" : [{
        "url" : "http://hl7.org/fhir/tools/StructureDefinition/resource-information",
        "valueString" : "ValueSet"
      }],
      "reference" : {
        "reference" : "ValueSet/DiagnosisVS"
      },
      "name" : "ValueSet da Base de Evidência Diagnóstica",
      "description" : "Este ValueSet indica qual base de evidência diagnóstica foi utilizada para sua realização.",
      "isExample" : false
    },
    {
      "extension" : [{
        "url" : "http://hl7.org/fhir/tools/StructureDefinition/resource-information",
        "valueString" : "ValueSet"
      }],
      "reference" : {
        "reference" : "ValueSet/EstStrokeSevNIHSSCatVS"
      },
      "name" : "ValueSet que categoriza a gravidade estimada do AVC por meio do NIHSS",
      "description" : "Este ValueSet tem por finalidade categorizar a gravidade do AVC baseando-se no National Institute of Health Stroke Scale (NIHSS)",
      "isExample" : false
    },
    {
      "extension" : [{
        "url" : "http://hl7.org/fhir/tools/StructureDefinition/resource-information",
        "valueString" : "ValueSet"
      }],
      "reference" : {
        "reference" : "ValueSet/hospital-department-valueset"
      },
      "name" : "ValueSet for Hospital Department",
      "description" : "This ValueSet includes the hospital departments responsible for taking care of stroke patients.",
      "isExample" : false
    },
    {
      "extension" : [{
        "url" : "http://hl7.org/fhir/tools/StructureDefinition/resource-information",
        "valueString" : "ValueSet"
      }],
      "reference" : {
        "reference" : "ValueSet/type-healthcare-unit-valueset"
      },
      "name" : "Type of Healthcare Unit ValueSet",
      "description" : "This ValueSet details codes for healthcare units serving stroke patients in Brazil.",
      "isExample" : false
    },
    {
      "extension" : [{
        "url" : "http://hl7.org/fhir/tools/StructureDefinition/resource-information",
        "valueString" : "ValueSet"
      }],
      "reference" : {
        "reference" : "ValueSet/molicavc-dischargelocation-valueset"
      },
      "name" : "ValueSet of Discharge Location",
      "description" : "Discharge destination following acute care hospitalization. What type of place was the patient discharged to?",
      "isExample" : false
    },
    {
      "extension" : [{
        "url" : "http://hl7.org/fhir/tools/StructureDefinition/resource-information",
        "valueString" : "ValueSet"
      }],
      "reference" : {
        "reference" : "ValueSet/molicavc-eq5d3l-valueset"
      },
      "name" : "ValueSet of EQ-5D-3L Response Questionnaire",
      "description" : "This ValueSet defines the response values for the EQ-5D-3L Questionnaire.",
      "isExample" : false
    },
    {
      "extension" : [{
        "url" : "http://hl7.org/fhir/tools/StructureDefinition/resource-information",
        "valueString" : "ValueSet"
      }],
      "reference" : {
        "reference" : "ValueSet/molicavc-ethnicity-valueset"
      },
      "name" : "ValueSet of Patient Ethnicity",
      "description" : "Patient's Ethnicity captures the cultural background or heritage individuals identify with most closely. It is recorded based on local standards in the geographic region and self-reported by the patient. Although optional, ICHOM strongly encourages collecting this inclusive information to address health disparities while ensuring confidentiality. . Responses are coded using LOINC standards.",
      "isExample" : false
    },
    {
      "extension" : [{
        "url" : "http://hl7.org/fhir/tools/StructureDefinition/resource-information",
        "valueString" : "ValueSet"
      }],
      "reference" : {
        "reference" : "ValueSet/molicavc-functionalaspectsrehabilitation-valueset"
      },
      "name" : "ValueSet of Prestroke and Poststroke Functional Status questionnaire",
      "description" : "This ValueSet defines the response values for the Prestroke and Poststroke Functional Status questionnaire.",
      "isExample" : false
    },
    {
      "extension" : [{
        "url" : "http://hl7.org/fhir/tools/StructureDefinition/resource-information",
        "valueString" : "ValueSet"
      }],
      "reference" : {
        "reference" : "ValueSet/molicavc-gender-valueset"
      },
      "name" : "ValueSet of Gender Identity",
      "description" : "ValueSet for Gender identity based on LOINC.",
      "isExample" : false
    },
    {
      "extension" : [{
        "url" : "http://hl7.org/fhir/tools/StructureDefinition/resource-information",
        "valueString" : "ValueSet"
      }],
      "reference" : {
        "reference" : "ValueSet/molicavc-hrhsqol-valueset"
      },
      "name" : "ValueSet of Health-related Quality of Life Response Question",
      "description" : "This ValueSet defines the response values for the Health-related Quality of Life Response Question.",
      "isExample" : false
    },
    {
      "extension" : [{
        "url" : "http://hl7.org/fhir/tools/StructureDefinition/resource-information",
        "valueString" : "ValueSet"
      }],
      "reference" : {
        "reference" : "ValueSet/live-alone-pre-stroke"
      },
      "name" : "ValueSet of Live Alone Pre-Stroke",
      "description" : "ValueSet indicating whether a patient lived alone prior to a stroke event based on ICHOM terminology.",
      "isExample" : false
    },
    {
      "extension" : [{
        "url" : "http://hl7.org/fhir/tools/StructureDefinition/resource-information",
        "valueString" : "ValueSet"
      }],
      "reference" : {
        "reference" : "ValueSet/living-location-pre-stroke-valueset"
      },
      "name" : "ValueSet of Patient's Residence Prior to a Stroke",
      "description" : "Represents the patient's most recent place of residence before the occurrence of a stroke based on ICHOM code.",
      "isExample" : false
    },
    {
      "extension" : [{
        "url" : "http://hl7.org/fhir/tools/StructureDefinition/resource-information",
        "valueString" : "ValueSet"
      }],
      "reference" : {
        "reference" : "ValueSet/molicavc-promis10-valueset"
      },
      "name" : "ValueSet of PROMIS-10 Response Questionnaire",
      "description" : "This ValueSet defines the response values for the PROMIS-10 (Patient-Reported Outcomes Measurement Information System 10-item short form) Questionnaire.",
      "isExample" : false
    },
    {
      "extension" : [{
        "url" : "http://hl7.org/fhir/tools/StructureDefinition/resource-information",
        "valueString" : "ValueSet"
      }],
      "reference" : {
        "reference" : "ValueSet/molicavc-race"
      },
      "name" : "ValueSet of Patient Race",
      "description" : "Value set for capturing the patient's race based on LOINC standards, as recommended by ICHOM.",
      "isExample" : false
    },
    {
      "extension" : [{
        "url" : "http://hl7.org/fhir/tools/StructureDefinition/resource-information",
        "valueString" : "ValueSet"
      }],
      "reference" : {
        "reference" : "ValueSet/molicavc-referencelocation-valueset"
      },
      "name" : "ValueSet of Reference Location",
      "description" : "Indicate and classify where the patient was referred.",
      "isExample" : false
    },
    {
      "extension" : [{
        "url" : "http://hl7.org/fhir/tools/StructureDefinition/resource-information",
        "valueString" : "ValueSet"
      }],
      "reference" : {
        "reference" : "ValueSet/molicavc-smokingstatus-valueset"
      },
      "name" : "ValueSet of Smoking Status",
      "description" : "ValueSet for Smoking Status. A person's current and past smoking behavior.",
      "isExample" : false
    },
    {
      "extension" : [{
        "url" : "http://hl7.org/fhir/tools/StructureDefinition/resource-information",
        "valueString" : "ValueSet"
      }],
      "reference" : {
        "reference" : "ValueSet/molicavc-vr12-valueset"
      },
      "name" : "ValueSet of VR-12 Response Questionnaire",
      "description" : "This ValueSet defines the response values for the VR-12 (Veterans RAND 12 Item Health Survey).",
      "isExample" : false
    },
    {
      "extension" : [{
        "url" : "http://hl7.org/fhir/tools/StructureDefinition/resource-information",
        "valueString" : "ValueSet"
      }],
      "reference" : {
        "reference" : "ValueSet/molicavc-whodas-valueset"
      },
      "name" : "ValueSet of WHODAS Response Questionnaire",
      "description" : "This ValueSet defines the response values for the WHODAS (World Health Organization Disability Assessment Schedule) Questionnaire.",
      "isExample" : false
    },
    {
      "extension" : [{
        "url" : "http://hl7.org/fhir/tools/StructureDefinition/resource-information",
        "valueString" : "ValueSet"
      }],
      "reference" : {
        "reference" : "ValueSet/molicavc-smrsq-valueset"
      },
      "name" : "ValueSet of simplified modified Ranking Scale questionnaire (SMRSq)",
      "description" : "This ValueSet defines the response values for the simplified modified Ranking Scale questionnaire.",
      "isExample" : false
    },
    {
      "extension" : [{
        "url" : "http://hl7.org/fhir/tools/StructureDefinition/resource-information",
        "valueString" : "ValueSet"
      }],
      "reference" : {
        "reference" : "ValueSet/NoYesUnknownVS"
      },
      "name" : "ValueSet Sim, Não e Desconhecido",
      "description" : "Valueset com respostas Sim, Não e Desconhecido (yes, no and unknown)",
      "isExample" : false
    },
    {
      "extension" : [{
        "url" : "http://hl7.org/fhir/tools/StructureDefinition/resource-information",
        "valueString" : "ValueSet"
      }],
      "reference" : {
        "reference" : "ValueSet/professionalcode-valueset"
      },
      "name" : "ValueSet of Professional Code",
      "description" : "This ValueSet is integral to the Molic-AVC project and details codes for professionals serving stroke patients in Brazil.",
      "isExample" : false
    },
    {
      "extension" : [{
        "url" : "http://hl7.org/fhir/tools/StructureDefinition/resource-information",
        "valueString" : "ValueSet"
      }],
      "reference" : {
        "reference" : "ValueSet/StrokeSevLocVS"
      },
      "name" : "ValueSet que Categoriza o Estado de Consciência",
      "description" : "Este ValueSet indica o estado de consciência do paciente aferido na chegada ao Hospital de Referência.",
      "isExample" : false
    },
    {
      "extension" : [{
        "url" : "http://hl7.org/fhir/tools/StructureDefinition/resource-information",
        "valueString" : "ValueSet"
      }],
      "reference" : {
        "reference" : "ValueSet/StrokeTypeVS"
      },
      "name" : "ValueSet que categoriza o tipo de AVC",
      "description" : "Este ValueSet tem por finalidade categorizar o tipo do AVC",
      "isExample" : false
    },
    {
      "extension" : [{
        "url" : "http://hl7.org/fhir/tools/StructureDefinition/resource-information",
        "valueString" : "ValueSet"
      }],
      "reference" : {
        "reference" : "ValueSet/SymtDurVS"
      },
      "name" : "ValueSet que categoriza a Duração dos Sintomas do AVC",
      "description" : "ValueSet que categoriza a duração dos sintomas do AVC considerando o início dos sintomas até a admissão no hospital de referência",
      "isExample" : false
    },
    {
      "extension" : [{
        "url" : "http://hl7.org/fhir/tools/StructureDefinition/resource-information",
        "valueString" : "Patient"
      }],
      "reference" : {
        "reference" : "Patient/123.456.789-00"
      },
      "name" : "Use case of Molic-AVC's Patient",
      "description" : "This case study presents a patient profile tailored for the Molic-AVC project, an initiative \nfocused on optimizing care for Acute Ischemic Stroke patients. The profile extends the FHIR Patient \nresource with specialized extensions to capture essential data.",
      "profile" : ["https://molic-avc.gabriellesantosleandro.com/StructureDefinition/molicavc-patient-profile",
      "https://molic-avc.gabriellesantosleandro.com/StructureDefinition/molicavc-patient-profile"]
    },
    {
      "extension" : [{
        "url" : "http://hl7.org/fhir/tools/StructureDefinition/resource-information",
        "valueString" : "Questionnaire"
      }],
      "reference" : {
        "reference" : "Questionnaire/ClinicalResponseBaseline"
      },
      "name" : "Questionário de coleta de dados no Primeiro Atendimento ao AVC pelo Médico ou Profissional de Saúde",
      "description" : "Questionário aplicado pelo profissional médico ou profissional de saúde no Primeiro atendimento ao AVC",
      "isExample" : true
    },
    {
      "extension" : [{
        "url" : "http://hl7.org/fhir/tools/StructureDefinition/resource-information",
        "valueString" : "Practitioner"
      }],
      "reference" : {
        "reference" : "Practitioner/MolicAVC-DoctorExample"
      },
      "name" : "Use case of Molic-AVC's Practitioner",
      "description" : "Example instance of a doctor in the Molic-AVC project.",
      "profile" : ["https://molic-avc.gabriellesantosleandro.com/StructureDefinition/molicavc-practitioner-profile",
      "https://molic-avc.gabriellesantosleandro.com/StructureDefinition/molicavc-practitioner-profile"]
    },
    {
      "extension" : [{
        "url" : "http://hl7.org/fhir/tools/StructureDefinition/resource-information",
        "valueString" : "QuestionnaireResponse"
      }],
      "reference" : {
        "reference" : "QuestionnaireResponse/MolicAVC-EQ5D3L-QuestionnaireResponse"
      },
      "name" : "Use case of QuestionnaireResponse of Molic-AVC's EQ-5D-3L questionnaire",
      "description" : "Example of EQ-5D-3L QuestionnaireResponse for a patient admitted due to a stroke.",
      "profile" : ["https://molic-avc.gabriellesantosleandro.com/StructureDefinition/molicavc-questionnaireresponse-profile",
      "https://molic-avc.gabriellesantosleandro.com/StructureDefinition/molicavc-questionnaireresponse-profile"]
    },
    {
      "extension" : [{
        "url" : "http://hl7.org/fhir/tools/StructureDefinition/resource-information",
        "valueString" : "Questionnaire"
      }],
      "reference" : {
        "reference" : "Questionnaire/MolicAVC-EQ5D3LQuestionnaire"
      },
      "name" : "Use case of Molic-AVC's EQ-5D-3L Questionnaire",
      "description" : "Example of EQ-5D-3L Questionnaire for a patient admitted due to a stroke.",
      "profile" : ["https://molic-avc.gabriellesantosleandro.com/StructureDefinition/molicavc-questionnaire-profile",
      "https://molic-avc.gabriellesantosleandro.com/StructureDefinition/molicavc-questionnaire-profile"]
    },
    {
      "extension" : [{
        "url" : "http://hl7.org/fhir/tools/StructureDefinition/resource-information",
        "valueString" : "Encounter"
      }],
      "reference" : {
        "reference" : "Encounter/MolicAVC-EncouterExample"
      },
      "name" : "Use case of Molic-AVC's Encounter",
      "description" : "Example instance of an encounter for a patient admitted due to a stroke.",
      "profile" : ["https://molic-avc.gabriellesantosleandro.com/StructureDefinition/molicavc-encounter-profile",
      "https://molic-avc.gabriellesantosleandro.com/StructureDefinition/molicavc-encounter-profile"]
    },
    {
      "extension" : [{
        "url" : "http://hl7.org/fhir/tools/StructureDefinition/resource-information",
        "valueString" : "Questionnaire"
      }],
      "reference" : {
        "reference" : "Questionnaire/MolicAVC-FunctionalAspectsRehabilitation"
      },
      "name" : "Use case of Molic-AVC's Functional Aspects and Rehabilitation: Feeding, Communication, and Stroke Rehabilitation",
      "description" : "Example of Functional Aspects and Rehabilitation: Feeding, Communication, and Stroke Rehabilitation.",
      "profile" : ["https://molic-avc.gabriellesantosleandro.com/StructureDefinition/molicavc-questionnaire-profile",
      "https://molic-avc.gabriellesantosleandro.com/StructureDefinition/molicavc-questionnaire-profile"]
    },
    {
      "extension" : [{
        "url" : "http://hl7.org/fhir/tools/StructureDefinition/resource-information",
        "valueString" : "QuestionnaireResponse"
      }],
      "reference" : {
        "reference" : "QuestionnaireResponse/MolicAVC-FunctionalAspectsRehabilitation-QuestionnaireResponse"
      },
      "name" : "Use case of QuestionnaireResponse of Molic-AVC's Functional Aspects and Rehabilitation: Feeding, Communication, and Stroke Rehabilitation.",
      "description" : "Example of QuestionnaireResponse of Functional Aspects and Rehabilitation: Feeding, Communication, and Stroke Rehabilitation.",
      "profile" : ["https://molic-avc.gabriellesantosleandro.com/StructureDefinition/molicavc-questionnaireresponse-profile",
      "https://molic-avc.gabriellesantosleandro.com/StructureDefinition/molicavc-questionnaireresponse-profile"]
    },
    {
      "extension" : [{
        "url" : "http://hl7.org/fhir/tools/StructureDefinition/resource-information",
        "valueString" : "Questionnaire"
      }],
      "reference" : {
        "reference" : "Questionnaire/MolicAVC-FunctionalStatus-Questionnaire"
      },
      "name" : "Use case of Molic-AVC's Prestroke and Poststroke Functional Status",
      "description" : "Example of Prestroke and Poststroke Functional Status Questionnaire for the patient admitted due to a stroke.",
      "profile" : ["https://molic-avc.gabriellesantosleandro.com/StructureDefinition/molicavc-questionnaire-profile",
      "https://molic-avc.gabriellesantosleandro.com/StructureDefinition/molicavc-questionnaire-profile"]
    },
    {
      "extension" : [{
        "url" : "http://hl7.org/fhir/tools/StructureDefinition/resource-information",
        "valueString" : "QuestionnaireResponse"
      }],
      "reference" : {
        "reference" : "QuestionnaireResponse/MolicAVC-FunctionalStatus-QuestionnaireResponse"
      },
      "name" : "Use case of QuestionnaireResponse of Molic-AVC's Prestroke and Poststroke Functional Status",
      "description" : "Example of Prestroke and Poststroke Functional Status QuestionnaireResponse for the patient admitted due to a stroke.",
      "profile" : ["https://molic-avc.gabriellesantosleandro.com/StructureDefinition/molicavc-questionnaireresponse-profile",
      "https://molic-avc.gabriellesantosleandro.com/StructureDefinition/molicavc-questionnaireresponse-profile"]
    },
    {
      "extension" : [{
        "url" : "http://hl7.org/fhir/tools/StructureDefinition/resource-information",
        "valueString" : "Questionnaire"
      }],
      "reference" : {
        "reference" : "Questionnaire/MolicAVC-HRHSQoL"
      },
      "name" : "Use case of Molic-AVC's Health-Related Quality of Life/Self-Reported Health Status Question.",
      "description" : "Example of Health-related Quality of Life/Self-Reported Health Status Question.",
      "profile" : ["https://molic-avc.gabriellesantosleandro.com/StructureDefinition/molicavc-questionnaire-profile",
      "https://molic-avc.gabriellesantosleandro.com/StructureDefinition/molicavc-questionnaire-profile"]
    },
    {
      "extension" : [{
        "url" : "http://hl7.org/fhir/tools/StructureDefinition/resource-information",
        "valueString" : "QuestionnaireResponse"
      }],
      "reference" : {
        "reference" : "QuestionnaireResponse/MolicAVC-HRHSQoL-QuestionnaireResponse"
      },
      "name" : "Use case of QuestionnaireResponse of Molic-AVC's Health-Related Quality of Life/Self-Reported Health Status Question.",
      "description" : "Example of Health-related Quality of Life/Self-Reported Health Status QuestionnaireResponse.",
      "profile" : ["https://molic-avc.gabriellesantosleandro.com/StructureDefinition/molicavc-questionnaireresponse-profile",
      "https://molic-avc.gabriellesantosleandro.com/StructureDefinition/molicavc-questionnaireresponse-profile"]
    },
    {
      "extension" : [{
        "url" : "http://hl7.org/fhir/tools/StructureDefinition/resource-information",
        "valueString" : "Organization"
      }],
      "reference" : {
        "reference" : "Organization/MolicAVC-OrganizationExample"
      },
      "name" : "Use case of Molic-AVC's Organization",
      "description" : "Example instance of an Organization in the Molic-AVC project.",
      "profile" : ["https://molic-avc.gabriellesantosleandro.com/StructureDefinition/molicavc-organization-profile",
      "https://molic-avc.gabriellesantosleandro.com/StructureDefinition/molicavc-organization-profile"]
    },
    {
      "extension" : [{
        "url" : "http://hl7.org/fhir/tools/StructureDefinition/resource-information",
        "valueString" : "QuestionnaireResponse"
      }],
      "reference" : {
        "reference" : "QuestionnaireResponse/MolicAVC-PROMIS10-QuestionnaireResponse"
      },
      "name" : "Use case of QuestionnaireResponse of Molic-AVC's PROMIS-10",
      "description" : "Example of PROMIS-10 QuestionnaireResponse for a patient admitted due to a stroke.",
      "profile" : ["https://molic-avc.gabriellesantosleandro.com/StructureDefinition/molicavc-questionnaireresponse-profile",
      "https://molic-avc.gabriellesantosleandro.com/StructureDefinition/molicavc-questionnaireresponse-profile"]
    },
    {
      "extension" : [{
        "url" : "http://hl7.org/fhir/tools/StructureDefinition/resource-information",
        "valueString" : "Questionnaire"
      }],
      "reference" : {
        "reference" : "Questionnaire/MolicAVC-PROMIS10Questionnaire"
      },
      "name" : "Use case of Molic-AVC's PROMIS-10 Questionnaire",
      "description" : "Example of PROMIS-10 Questionnaire for a patient admitted due to a stroke.",
      "profile" : ["https://molic-avc.gabriellesantosleandro.com/StructureDefinition/molicavc-questionnaire-profile",
      "https://molic-avc.gabriellesantosleandro.com/StructureDefinition/molicavc-questionnaire-profile"]
    },
    {
      "extension" : [{
        "url" : "http://hl7.org/fhir/tools/StructureDefinition/resource-information",
        "valueString" : "QuestionnaireResponse"
      }],
      "reference" : {
        "reference" : "QuestionnaireResponse/MolicAVC-VR12-QuestionnaireResponse"
      },
      "name" : "Use case of QuestionnaireResponse of Molic-AVC's VR-12 Survey",
      "description" : "Example of VR-12 QuestionnaireResponse for a patient admitted due to a stroke.",
      "profile" : ["https://molic-avc.gabriellesantosleandro.com/StructureDefinition/molicavc-questionnaireresponse-profile",
      "https://molic-avc.gabriellesantosleandro.com/StructureDefinition/molicavc-questionnaireresponse-profile"]
    },
    {
      "extension" : [{
        "url" : "http://hl7.org/fhir/tools/StructureDefinition/resource-information",
        "valueString" : "Questionnaire"
      }],
      "reference" : {
        "reference" : "Questionnaire/MolicAVC-VR12Questionnaire"
      },
      "name" : "Use case of Molic-AVC's VR-12 Survey",
      "description" : "Example of VR-12 for a patient admitted due to a stroke.",
      "profile" : ["https://molic-avc.gabriellesantosleandro.com/StructureDefinition/molicavc-questionnaire-profile",
      "https://molic-avc.gabriellesantosleandro.com/StructureDefinition/molicavc-questionnaire-profile"]
    },
    {
      "extension" : [{
        "url" : "http://hl7.org/fhir/tools/StructureDefinition/resource-information",
        "valueString" : "QuestionnaireResponse"
      }],
      "reference" : {
        "reference" : "QuestionnaireResponse/MolicAVC-WHODAS-QuestionnaireResponse"
      },
      "name" : "Use case of QuestionnaireResponse of Molic-AVC WHODAS questionnaire",
      "description" : "Example of WHODAS QuestionnaireResponse for a patient admitted due to a stroke.",
      "profile" : ["https://molic-avc.gabriellesantosleandro.com/StructureDefinition/molicavc-questionnaireresponse-profile",
      "https://molic-avc.gabriellesantosleandro.com/StructureDefinition/molicavc-questionnaireresponse-profile"]
    },
    {
      "extension" : [{
        "url" : "http://hl7.org/fhir/tools/StructureDefinition/resource-information",
        "valueString" : "Questionnaire"
      }],
      "reference" : {
        "reference" : "Questionnaire/MolicAVC-WHODASQuestionnaire"
      },
      "name" : "Use case of Molic-AVC WHODAS Questionnaire",
      "description" : "Example of WHODAS Questionnaire for a patient admitted due to a stroke.",
      "profile" : ["https://molic-avc.gabriellesantosleandro.com/StructureDefinition/molicavc-questionnaire-profile",
      "https://molic-avc.gabriellesantosleandro.com/StructureDefinition/molicavc-questionnaire-profile"]
    },
    {
      "extension" : [{
        "url" : "http://hl7.org/fhir/tools/StructureDefinition/resource-information",
        "valueString" : "QuestionnaireResponse"
      }],
      "reference" : {
        "reference" : "QuestionnaireResponse/MolicAVC-smRSq-QuestionnaireResponse"
      },
      "name" : "Use case of QuestionnaireResponse of Molic-AVC's simplified modified Rankin Scale questionnaire",
      "description" : "Example of simplified modified Rankin Scale QuestionnaireResponse for a patient admitted due to a stroke.",
      "profile" : ["https://molic-avc.gabriellesantosleandro.com/StructureDefinition/molicavc-questionnaireresponse-profile",
      "https://molic-avc.gabriellesantosleandro.com/StructureDefinition/molicavc-questionnaireresponse-profile"]
    },
    {
      "extension" : [{
        "url" : "http://hl7.org/fhir/tools/StructureDefinition/resource-information",
        "valueString" : "Questionnaire"
      }],
      "reference" : {
        "reference" : "Questionnaire/MolicAVC-smRSqQuestionnaire"
      },
      "name" : "Use case of Molic-AVC's simplified modified Rankin Scale Questionnaire (smRSq)",
      "description" : "Example of simplified modified Rankin Scale Questionnaire for a patient admitted due to a stroke.",
      "profile" : ["https://molic-avc.gabriellesantosleandro.com/StructureDefinition/molicavc-questionnaire-profile",
      "https://molic-avc.gabriellesantosleandro.com/StructureDefinition/molicavc-questionnaire-profile"]
    }],
    "page" : {
      "sourceUrl" : "toc.html",
      "name" : "toc.html",
      "title" : "Table of Contents",
      "generation" : "html",
      "page" : [{
        "sourceUrl" : "index.html",
        "name" : "index.html",
        "title" : "Home",
        "generation" : "markdown"
      },
      {
        "sourceUrl" : "fhir.html",
        "name" : "fhir.html",
        "title" : "FHIR",
        "generation" : "markdown"
      },
      {
        "sourceUrl" : "ichom.html",
        "name" : "ichom.html",
        "title" : "ICHOM",
        "generation" : "markdown"
      },
      {
        "sourceUrl" : "lc-avc-bpmn.html",
        "name" : "lc-avc-bpmn.html",
        "title" : "Linha do Cuidado do AVC (BPMN)",
        "generation" : "markdown"
      },
      {
        "sourceUrl" : "data-dictionary.html",
        "name" : "data-dictionary.html",
        "title" : "Dicionário de Dados",
        "generation" : "markdown"
      },
      {
        "sourceUrl" : "paper.html",
        "name" : "paper.html",
        "title" : "Artigo",
        "generation" : "markdown"
      },
      {
        "sourceUrl" : "downloads.html",
        "name" : "downloads.html",
        "title" : "Downloads",
        "generation" : "markdown"
      },
      {
        "sourceUrl" : "security.html",
        "name" : "security.html",
        "title" : "Segurança",
        "generation" : "markdown"
      }]
    },
    "parameter" : [{
      "code" : {
        "system" : "http://hl7.org/fhir/tools/CodeSystem/ig-parameters",
        "code" : "copyrightyear"
      },
      "value" : "2023+"
    },
    {
      "code" : {
        "system" : "http://hl7.org/fhir/tools/CodeSystem/ig-parameters",
        "code" : "releaselabel"
      },
      "value" : "ci-build"
    },
    {
      "code" : {
        "system" : "http://hl7.org/fhir/tools/CodeSystem/ig-parameters",
        "code" : "usage-stats-opt-out"
      },
      "value" : "true"
    },
    {
      "code" : {
        "system" : "http://hl7.org/fhir/tools/CodeSystem/ig-parameters",
        "code" : "show-inherited-invariants"
      },
      "value" : "false"
    },
    {
      "code" : {
        "system" : "http://hl7.org/fhir/tools/CodeSystem/ig-parameters",
        "code" : "shownav"
      },
      "value" : "true"
    },
    {
      "code" : {
        "system" : "http://hl7.org/fhir/tools/CodeSystem/ig-parameters",
        "code" : "autoload-resources"
      },
      "value" : "true"
    },
    {
      "code" : {
        "system" : "http://hl7.org/fhir/guide-parameter-code",
        "code" : "path-resource"
      },
      "value" : "input/capabilities"
    },
    {
      "code" : {
        "system" : "http://hl7.org/fhir/guide-parameter-code",
        "code" : "path-resource"
      },
      "value" : "input/examples"
    },
    {
      "code" : {
        "system" : "http://hl7.org/fhir/guide-parameter-code",
        "code" : "path-resource"
      },
      "value" : "input/extensions"
    },
    {
      "code" : {
        "system" : "http://hl7.org/fhir/guide-parameter-code",
        "code" : "path-resource"
      },
      "value" : "input/models"
    },
    {
      "code" : {
        "system" : "http://hl7.org/fhir/guide-parameter-code",
        "code" : "path-resource"
      },
      "value" : "input/operations"
    },
    {
      "code" : {
        "system" : "http://hl7.org/fhir/guide-parameter-code",
        "code" : "path-resource"
      },
      "value" : "input/profiles"
    },
    {
      "code" : {
        "system" : "http://hl7.org/fhir/guide-parameter-code",
        "code" : "path-resource"
      },
      "value" : "input/resources"
    },
    {
      "code" : {
        "system" : "http://hl7.org/fhir/guide-parameter-code",
        "code" : "path-resource"
      },
      "value" : "input/vocabulary"
    },
    {
      "code" : {
        "system" : "http://hl7.org/fhir/guide-parameter-code",
        "code" : "path-resource"
      },
      "value" : "input/maps"
    },
    {
      "code" : {
        "system" : "http://hl7.org/fhir/guide-parameter-code",
        "code" : "path-resource"
      },
      "value" : "input/testing"
    },
    {
      "code" : {
        "system" : "http://hl7.org/fhir/guide-parameter-code",
        "code" : "path-resource"
      },
      "value" : "input/history"
    },
    {
      "code" : {
        "system" : "http://hl7.org/fhir/guide-parameter-code",
        "code" : "path-resource"
      },
      "value" : "fsh-generated/resources"
    },
    {
      "code" : {
        "system" : "http://hl7.org/fhir/guide-parameter-code",
        "code" : "path-pages"
      },
      "value" : "template/config"
    },
    {
      "code" : {
        "system" : "http://hl7.org/fhir/guide-parameter-code",
        "code" : "path-pages"
      },
      "value" : "input/images"
    },
    {
      "code" : {
        "system" : "http://hl7.org/fhir/tools/CodeSystem/ig-parameters",
        "code" : "path-liquid"
      },
      "value" : "template/liquid"
    },
    {
      "code" : {
        "system" : "http://hl7.org/fhir/tools/CodeSystem/ig-parameters",
        "code" : "path-liquid"
      },
      "value" : "input/liquid"
    },
    {
      "code" : {
        "system" : "http://hl7.org/fhir/tools/CodeSystem/ig-parameters",
        "code" : "path-qa"
      },
      "value" : "temp/qa"
    },
    {
      "code" : {
        "system" : "http://hl7.org/fhir/tools/CodeSystem/ig-parameters",
        "code" : "path-temp"
      },
      "value" : "temp/pages"
    },
    {
      "code" : {
        "system" : "http://hl7.org/fhir/tools/CodeSystem/ig-parameters",
        "code" : "path-output"
      },
      "value" : "output"
    },
    {
      "code" : {
        "system" : "http://hl7.org/fhir/guide-parameter-code",
        "code" : "path-tx-cache"
      },
      "value" : "input-cache/txcache"
    },
    {
      "code" : {
        "system" : "http://hl7.org/fhir/tools/CodeSystem/ig-parameters",
        "code" : "path-suppressed-warnings"
      },
      "value" : "input/ignoreWarnings.txt"
    },
    {
      "code" : {
        "system" : "http://hl7.org/fhir/tools/CodeSystem/ig-parameters",
        "code" : "path-history"
      },
      "value" : "https://molic-avc.gabriellesantosleandro.com/history.html"
    },
    {
      "code" : {
        "system" : "http://hl7.org/fhir/tools/CodeSystem/ig-parameters",
        "code" : "template-html"
      },
      "value" : "template-page.html"
    },
    {
      "code" : {
        "system" : "http://hl7.org/fhir/tools/CodeSystem/ig-parameters",
        "code" : "template-md"
      },
      "value" : "template-page-md.html"
    },
    {
      "code" : {
        "system" : "http://hl7.org/fhir/tools/CodeSystem/ig-parameters",
        "code" : "apply-contact"
      },
      "value" : "true"
    },
    {
      "code" : {
        "system" : "http://hl7.org/fhir/tools/CodeSystem/ig-parameters",
        "code" : "apply-context"
      },
      "value" : "true"
    },
    {
      "code" : {
        "system" : "http://hl7.org/fhir/tools/CodeSystem/ig-parameters",
        "code" : "apply-copyright"
      },
      "value" : "true"
    },
    {
      "code" : {
        "system" : "http://hl7.org/fhir/tools/CodeSystem/ig-parameters",
        "code" : "apply-jurisdiction"
      },
      "value" : "true"
    },
    {
      "code" : {
        "system" : "http://hl7.org/fhir/tools/CodeSystem/ig-parameters",
        "code" : "apply-license"
      },
      "value" : "true"
    },
    {
      "code" : {
        "system" : "http://hl7.org/fhir/tools/CodeSystem/ig-parameters",
        "code" : "apply-publisher"
      },
      "value" : "true"
    },
    {
      "code" : {
        "system" : "http://hl7.org/fhir/tools/CodeSystem/ig-parameters",
        "code" : "apply-version"
      },
      "value" : "true"
    },
    {
      "code" : {
        "system" : "http://hl7.org/fhir/tools/CodeSystem/ig-parameters",
        "code" : "apply-wg"
      },
      "value" : "true"
    },
    {
      "code" : {
        "system" : "http://hl7.org/fhir/tools/CodeSystem/ig-parameters",
        "code" : "active-tables"
      },
      "value" : "true"
    },
    {
      "code" : {
        "system" : "http://hl7.org/fhir/tools/CodeSystem/ig-parameters",
        "code" : "fmm-definition"
      },
      "value" : "http://hl7.org/fhir/versions.html#maturity"
    },
    {
      "code" : {
        "system" : "http://hl7.org/fhir/tools/CodeSystem/ig-parameters",
        "code" : "propagate-status"
      },
      "value" : "true"
    },
    {
      "code" : {
        "system" : "http://hl7.org/fhir/tools/CodeSystem/ig-parameters",
        "code" : "excludelogbinaryformat"
      },
      "value" : "true"
    },
    {
      "code" : {
        "system" : "http://hl7.org/fhir/tools/CodeSystem/ig-parameters",
        "code" : "tabbed-snapshots"
      },
      "value" : "true"
    }]
  }
}