{
  "resourceType" : "Organization",
  "id" : "MolicAVC-OrganizationExample",
  "meta" : {
    "profile" : ["https://molic-avc.gabriellesantosleandro.com/StructureDefinition/molicavc-organization-profile"]
  },
  "text" : {
    "status" : "generated",
    "div" : "<div xmlns=\"http://www.w3.org/1999/xhtml\"><p><b>Generated Narrative: Organization</b><a name=\"MolicAVC-OrganizationExample\"> </a></p><div style=\"display: inline-block; background-color: #d9e0e7; padding: 6px; margin: 4px; border: 1px solid #8da1b4; border-radius: 5px; line-height: 60%\"><p style=\"margin-bottom: 0px\">Resource Organization &quot;MolicAVC-OrganizationExample&quot; </p><p style=\"margin-bottom: 0px\">Profile: <a href=\"StructureDefinition-molicavc-organization-profile.html\">Profile of Molic-AVC's Organization</a></p></div><p><b>identifier</b>: org: ORG-12345\u00a0(use:\u00a0OFFICIAL)</p><p><b>active</b>: true</p><p><b>type</b>: prov <span style=\"background: LightGoldenRodYellow; margin: 4px; border: 1px solid khaki\"> ([not stated]#prov)</span></p><p><b>name</b>: Reference Hospital for Stroke</p><p><b>description</b>: A leading hospital specializing in stroke treatments and rehabilitation.</p><p><b>partOf</b>: <a href=\"Organization/HospitalGroupABC\">Organization/HospitalGroupABC</a></p><h3>Qualifications</h3><table class=\"grid\"><tr><td style=\"display: none\">-</td><td><b>Identifier</b></td><td><b>Code</b></td><td><b>Issuer</b></td></tr><tr><td style=\"display: none\">*</td><td>id:\u00a0CNES 67890\u00a0(use:\u00a0OFFICIAL)</td><td>Public Reference Hospital (CNES - Cadastro Nacional de Estabelecimento Único) <span style=\"background: LightGoldenRodYellow; margin: 4px; border: 1px solid khaki\"> (#STROKEHOSP)</span></td><td><span>: Medical Qualification Authority</span></td></tr></table></div>"
  },
  "identifier" : [{
    "use" : "official",
    "type" : {
      "coding" : [{
        "code" : "org"
      }]
    },
    "value" : "ORG-12345",
    "assigner" : {
      "display" : "Regulatory Authority of Health Services"
    }
  }],
  "active" : true,
  "type" : [{
    "coding" : [{
      "code" : "prov"
    }]
  }],
  "name" : "Reference Hospital for Stroke",
  "description" : "A leading hospital specializing in stroke treatments and rehabilitation.",
  "partOf" : {
    "reference" : "Organization/HospitalGroupABC"
  },
  "qualification" : [{
    "identifier" : [{
      "use" : "official",
      "value" : "CNES 67890",
      "assigner" : {
        "display" : "Medical Qualification Authority"
      }
    }],
    "code" : {
      "coding" : [{
        "system" : "https://molic-avc.gabriellesantosleandro.com/ValueSet/type-healthcare-unit-valueset/",
        "code" : "STROKEHOSP",
        "display" : "Public Reference Hospital (CNES - Cadastro Nacional de Estabelecimento Único)"
      }]
    },
    "issuer" : {
      "display" : "Medical Qualification Authority"
    }
  }]
}