{
  "resourceType" : "Questionnaire",
  "id" : "MolicAVC-VR12Questionnaire",
  "meta" : {
    "profile" : ["https://molic-avc.gabriellesantosleandro.com/StructureDefinition/molicavc-questionnaire-profile"]
  },
  "text" : {
    "status" : "generated",
    "div" : "<div xmlns=\"http://www.w3.org/1999/xhtml\">Placeholder</div>"
  },
  "url" : "https://molic-avc.gabriellesantosleandro.com/Questionnaire/MolicAVC-VR12Questionnaire",
  "identifier" : [{
    "use" : "official",
    "value" : "VR-12",
    "assigner" : {
      "reference" : "ICHOM"
    }
  }],
  "version" : "0.1.0",
  "name" : "vr12",
  "title" : "VR-12 (Veterans RAND 12 Item Health Survey)",
  "status" : "draft",
  "date" : "2023-09-08T18:23:11-03:00",
  "publisher" : "Gabrielle dos Santos Leandro",
  "contact" : [{
    "name" : "Gabrielle dos Santos Leandro",
    "telecom" : [{
      "system" : "url",
      "value" : "https://molic-avc.gabriellesantosleandro.com"
    }]
  }],
  "description" : "The VR-12 survey inquires about one's general health status and well-being. It covers areas such \r\nas physical functioning, bodily pain, general health perceptions, vitality, social functioning, emotional roles, \r\nand mental health. Derived from the SF-36 and tailored for the veteran population, it offers insights into how \r\nhealth impacts an individual's day-to-day life. These questions are about how the patient feels and how things have \r\nbeen with you during the past 4 weeks.",
  "item" : [{
    "linkId" : "Question 1 of VR-12 - GH1",
    "text" : "In general, would you say your health is:",
    "type" : "question",
    "answerValueSet" : "http://molic-avc.gabriellesantosleandro.com/ValueSet/molicavc-vr12-valueset",
    "answerOption" : [{
      "valueCoding" : {
        "code" : "1"
      }
    },
    {
      "valueCoding" : {
        "code" : "2"
      }
    },
    {
      "valueCoding" : {
        "code" : "3"
      }
    },
    {
      "valueCoding" : {
        "code" : "4"
      }
    },
    {
      "valueCoding" : {
        "code" : "5"
      }
    }]
  },
  {
    "linkId" : "Question 6a of VR-12 - MH3",
    "text" : "Have you felt calm and peaceful?",
    "type" : "question",
    "answerValueSet" : "http://molic-avc.gabriellesantosleandro.com/ValueSet/molicavc-vr12-valueset",
    "answerOption" : [{
      "valueCoding" : {
        "code" : "6"
      }
    },
    {
      "valueCoding" : {
        "code" : "7"
      }
    },
    {
      "valueCoding" : {
        "code" : "8"
      }
    },
    {
      "valueCoding" : {
        "code" : "9"
      }
    },
    {
      "valueCoding" : {
        "code" : "10"
      }
    },
    {
      "valueCoding" : {
        "code" : "11"
      }
    }]
  },
  {
    "linkId" : "Question 6c of VR-12 - MH4",
    "text" : "Have you felt downhearted and blue?",
    "type" : "question",
    "answerValueSet" : "http://molic-avc.gabriellesantosleandro.com/ValueSet/molicavc-vr12-valueset",
    "answerOption" : [{
      "valueCoding" : {
        "code" : "6"
      }
    },
    {
      "valueCoding" : {
        "code" : "7"
      }
    },
    {
      "valueCoding" : {
        "code" : "8"
      }
    },
    {
      "valueCoding" : {
        "code" : "9"
      }
    },
    {
      "valueCoding" : {
        "code" : "10"
      }
    },
    {
      "valueCoding" : {
        "code" : "11"
      }
    }]
  },
  {
    "linkId" : "Question 2a of VR-12 - PF2",
    "text" : "The following items are about activities you might do during a typical day. Does our health\r\nnow limit you in these activities? If so, how much? a. Moderate activities, such as moving a table, pushing a \r\nvacuum cleaner, bowling, or playing golf.",
    "type" : "question",
    "answerValueSet" : "http://molic-avc.gabriellesantosleandro.com/ValueSet/molicavc-vr12-valueset",
    "answerOption" : [{
      "valueCoding" : {
        "code" : "12"
      }
    },
    {
      "valueCoding" : {
        "code" : "13"
      }
    },
    {
      "valueCoding" : {
        "code" : "14"
      }
    }]
  },
  {
    "linkId" : "Question 2b of VR-12 - PF4",
    "text" : "b. Climbing several flights of stairs",
    "type" : "question",
    "answerValueSet" : "http://molic-avc.gabriellesantosleandro.com/ValueSet/molicavc-vr12-valueset",
    "answerOption" : [{
      "valueCoding" : {
        "code" : "12"
      }
    },
    {
      "valueCoding" : {
        "code" : "13"
      }
    },
    {
      "valueCoding" : {
        "code" : "14"
      }
    }]
  },
  {
    "linkId" : "Question 7 of VR-12 - SF2",
    "text" : "During the past 4 weeks, how much of the time has your physical health or emotional\r\nproblems interfered with your social activities (like visiting with friends, relatives, etc.)?",
    "type" : "question",
    "answerValueSet" : "http://molic-avc.gabriellesantosleandro.com/ValueSet/molicavc-vr12-valueset",
    "answerOption" : [{
      "valueCoding" : {
        "code" : "6"
      }
    },
    {
      "valueCoding" : {
        "code" : "7"
      }
    },
    {
      "valueCoding" : {
        "code" : "9"
      }
    },
    {
      "valueCoding" : {
        "code" : "10"
      }
    },
    {
      "valueCoding" : {
        "code" : "11"
      }
    }]
  },
  {
    "linkId" : "Question 8 of VR-12 - VR12_Qo8",
    "text" : "Now, we'd like to ask you some questions about how your health may have changed.\r\nCompared to one year ago, how would you rate your physical health in general now?",
    "type" : "question",
    "answerValueSet" : "http://molic-avc.gabriellesantosleandro.com/ValueSet/molicavc-vr12-valueset",
    "answerOption" : [{
      "valueCoding" : {
        "code" : "15"
      }
    },
    {
      "valueCoding" : {
        "code" : "16"
      }
    },
    {
      "valueCoding" : {
        "code" : "17"
      }
    },
    {
      "valueCoding" : {
        "code" : "18"
      }
    },
    {
      "valueCoding" : {
        "code" : "19"
      }
    }]
  },
  {
    "linkId" : "Question 9 of VR-12 - VR12_Q09",
    "text" : "Compared to one year ago, how would you rate your emotional health (such as feeling\r\nanxious, depressed, or irritable) in general now?",
    "type" : "question",
    "answerValueSet" : "http://molic-avc.gabriellesantosleandro.com/ValueSet/molicavc-vr12-valueset",
    "answerOption" : [{
      "valueCoding" : {
        "code" : "15"
      }
    },
    {
      "valueCoding" : {
        "code" : "16"
      }
    },
    {
      "valueCoding" : {
        "code" : "17"
      }
    },
    {
      "valueCoding" : {
        "code" : "18"
      }
    },
    {
      "valueCoding" : {
        "code" : "19"
      }
    }]
  },
  {
    "linkId" : "Question 4a of VR-12 - VRE2",
    "text" : "During the past 4 weeks, have you had any of the following problems with your work or\r\nother regular daily activities as a result of any emotional problems (such as feeling depressed or anxious)? \r\na. Accomplished less than you would like",
    "type" : "question",
    "answerValueSet" : "http://molic-avc.gabriellesantosleandro.com/ValueSet/molicavc-vr12-valueset",
    "answerOption" : [{
      "valueCoding" : {
        "code" : "20"
      }
    },
    {
      "valueCoding" : {
        "code" : "21"
      }
    },
    {
      "valueCoding" : {
        "code" : "22"
      }
    },
    {
      "valueCoding" : {
        "code" : "23"
      }
    },
    {
      "valueCoding" : {
        "code" : "24"
      }
    }]
  },
  {
    "linkId" : "Question 4b of VR-12 - VRE3",
    "text" : "b. Didn't do work or other activities as carefully as usual",
    "type" : "question",
    "answerValueSet" : "http://molic-avc.gabriellesantosleandro.com/ValueSet/molicavc-vr12-valueset",
    "answerOption" : [{
      "valueCoding" : {
        "code" : "20"
      }
    },
    {
      "valueCoding" : {
        "code" : "21"
      }
    },
    {
      "valueCoding" : {
        "code" : "22"
      }
    },
    {
      "valueCoding" : {
        "code" : "23"
      }
    },
    {
      "valueCoding" : {
        "code" : "24"
      }
    }]
  },
  {
    "linkId" : "Question 3a of VR-12 - VRP2",
    "text" : "During the past 4 weeks, have you had any of the following problems with your work or\r\nother regular daily activities as a result of your physical health? a. Accomplished less than you would like.",
    "type" : "question",
    "answerValueSet" : "http://molic-avc.gabriellesantosleandro.com/ValueSet/molicavc-vr12-valueset",
    "answerOption" : [{
      "valueCoding" : {
        "code" : "20"
      }
    },
    {
      "valueCoding" : {
        "code" : "21"
      }
    },
    {
      "valueCoding" : {
        "code" : "22"
      }
    },
    {
      "valueCoding" : {
        "code" : "23"
      }
    },
    {
      "valueCoding" : {
        "code" : "24"
      }
    }]
  },
  {
    "linkId" : "Question 3b of VR-12 - VRP3",
    "text" : "b. Were limited in the kind of work or other activities.",
    "type" : "question",
    "answerValueSet" : "http://molic-avc.gabriellesantosleandro.com/ValueSet/molicavc-vr12-valueset",
    "answerOption" : [{
      "valueCoding" : {
        "code" : "20"
      }
    },
    {
      "valueCoding" : {
        "code" : "21"
      }
    },
    {
      "valueCoding" : {
        "code" : "22"
      }
    },
    {
      "valueCoding" : {
        "code" : "23"
      }
    },
    {
      "valueCoding" : {
        "code" : "24"
      }
    }]
  },
  {
    "linkId" : "Question 6b of VR-12 - VT2",
    "text" : "b. Did you have a lot of energy?",
    "type" : "question",
    "answerValueSet" : "http://molic-avc.gabriellesantosleandro.com/ValueSet/molicavc-vr12-valueset",
    "answerOption" : [{
      "valueCoding" : {
        "code" : "6"
      }
    },
    {
      "valueCoding" : {
        "code" : "7"
      }
    },
    {
      "valueCoding" : {
        "code" : "8"
      }
    },
    {
      "valueCoding" : {
        "code" : "9"
      }
    },
    {
      "valueCoding" : {
        "code" : "10"
      }
    },
    {
      "valueCoding" : {
        "code" : "11"
      }
    }]
  }]
}