{
  "resourceType" : "ValueSet",
  "id" : "molicavc-race",
  "text" : {
    "status" : "generated",
    "div" : "<div xmlns=\"http://www.w3.org/1999/xhtml\">Placeholder</div>"
  },
  "url" : "https://molic-avc.gabriellesantosleandro.com/ValueSet/molicavc-race",
  "version" : "0.1.0",
  "name" : "MolicAVC_RaceValueSet",
  "title" : "ValueSet of Patient Race",
  "status" : "draft",
  "date" : "2023-09-08T18:23:11-03:00",
  "publisher" : "Gabrielle dos Santos Leandro",
  "contact" : [{
    "name" : "Gabrielle dos Santos Leandro",
    "telecom" : [{
      "system" : "url",
      "value" : "https://molic-avc.gabriellesantosleandro.com"
    }]
  }],
  "description" : "Value set for capturing the patient's race based on LOINC standards, as recommended by ICHOM.",
  "compose" : {
    "include" : [{
      "system" : "http://loinc.org",
      "concept" : [{
        "code" : "32697-1",
        "display" : "White or Caucasian Race"
      },
      {
        "code" : "32698-9",
        "display" : "Black or African American Race"
      },
      {
        "code" : "32699-7",
        "display" : "American Indian or Alaska Native Race"
      },
      {
        "code" : "32700-3",
        "display" : "Asian Race"
      },
      {
        "code" : "32701-1",
        "display" : "Native Hawaiian or Other Pacific Islander Race"
      },
      {
        "code" : "8288-1",
        "display" : "Indigenous Ethnicity (South America)"
      },
      {
        "code" : "8310-3",
        "display" : "African Descent Ethnicity (South America)"
      },
      {
        "code" : "8311-1",
        "display" : "European Descent Ethnicity (South America)"
      },
      {
        "code" : "8320-2",
        "display" : "Asian Descent Ethnicity (South America)"
      },
      {
        "code" : "8321-0",
        "display" : "Mixed Race or Ethnicity (South America)"
      },
      {
        "code" : "32702-9",
        "display" : "Other Race"
      },
      {
        "code" : "2135-2",
        "display" : "Unknown"
      }]
    }]
  }
}