{
  "resourceType" : "ValueSet",
  "id" : "StrokeTypeVS",
  "text" : {
    "status" : "generated",
    "div" : "<div xmlns=\"http://www.w3.org/1999/xhtml\"><ul><li>Include these codes as defined in <a href=\"CodeSystem-StrokeTypeCS.html\"><code>https://molic-avc.gabriellesantosleandro.com/CodeSystem/StrokeTypeCS</code></a><table class=\"none\"><tr><td style=\"white-space:nowrap\"><b>Code</b></td><td><b>Display</b></td></tr><tr><td><a href=\"CodeSystem-StrokeTypeCS.html#StrokeTypeCS-IS\">IS</a></td><td>Ischemic stroke (IS)</td></tr><tr><td><a href=\"CodeSystem-StrokeTypeCS.html#StrokeTypeCS-ICH\">ICH</a></td><td>Intracerebral hemorrhage (ICH)</td></tr><tr><td><a href=\"CodeSystem-StrokeTypeCS.html#StrokeTypeCS-TIA\">TIA</a></td><td>Transient ischemic attack (TIA)</td></tr><tr><td><a href=\"CodeSystem-StrokeTypeCS.html#StrokeTypeCS-UNK\">UNK</a></td><td>Stroke of unknown type</td></tr></table></li></ul></div>"
  },
  "url" : "https://molic-avc.gabriellesantosleandro.com/ValueSet/StrokeTypeVS",
  "version" : "0.0.0",
  "name" : "StrokeTypeVS",
  "title" : "Stroke type based on ICHOM",
  "status" : "active",
  "experimental" : false,
  "date" : "2024-01-11T13:00:00-03:00",
  "publisher" : "Gabrielle dos Santos Leandro",
  "contact" : [{
    "name" : "Gabrielle dos Santos Leandro",
    "telecom" : [{
      "system" : "url",
      "value" : "https://gabriellesantosleandro.com"
    },
    {
      "system" : "email",
      "value" : "gabrielle.santos.leandro@gmail.com"
    }]
  },
  {
    "name" : "Gabrielle dos Santos Leandro",
    "telecom" : [{
      "system" : "url",
      "value" : "https://gabriellesantosleandro.com.br",
      "use" : "work"
    },
    {
      "system" : "email",
      "value" : "gabrielle.santos.leandro@gmail.com",
      "use" : "work"
    }]
  }],
  "description" : "ValueSet that aims to categorize the stroke type according to the ICHOM standard.",
  "compose" : {
    "include" : [{
      "system" : "https://molic-avc.gabriellesantosleandro.com/CodeSystem/StrokeTypeCS",
      "concept" : [{
        "code" : "IS",
        "display" : "Ischemic stroke (IS)"
      },
      {
        "code" : "ICH",
        "display" : "Intracerebral hemorrhage (ICH)"
      },
      {
        "code" : "TIA",
        "display" : "Transient ischemic attack (TIA)"
      },
      {
        "code" : "UNK",
        "display" : "Stroke of unknown type"
      }]
    }]
  }
}