{
  "resourceType" : "ValueSet",
  "id" : "molicavc-hrhsqol-valueset",
  "text" : {
    "status" : "generated",
    "div" : "<div xmlns=\"http://www.w3.org/1999/xhtml\"><ul><li>Include these codes as defined in <code>https://connect.ichom.org/patient-centered-outcome-measures/stroke/hrhsqol/</code><table class=\"none\"><tr><td style=\"white-space:nowrap\"><b>Code</b></td><td><b>Display</b></td></tr><tr><td>1</td><td>EuroQoL-5D-3L (EQ-5D-3L)</td></tr><tr><td>2</td><td>WHODAS V2.0-12</td></tr><tr><td>3</td><td>VR-12</td></tr><tr><td>4</td><td>PROMIS-10</td></tr></table></li></ul></div>"
  },
  "url" : "https://molic-avc.gabriellesantosleandro.com/ValueSet/molicavc-hrhsqol-valueset",
  "version" : "1.0.1",
  "name" : "MolicAVC_HRHSQoL_ValueSet",
  "title" : "ValueSet of Health-related Quality of Life Response Question",
  "status" : "active",
  "date" : "2023-10-17T16:55:27-03:00",
  "publisher" : "Gabrielle dos Santos Leandro",
  "contact" : [{
    "name" : "Gabrielle dos Santos Leandro",
    "telecom" : [{
      "system" : "url",
      "value" : "https://gabriellesantosleandro.com"
    },
    {
      "system" : "email",
      "value" : "gabrielle.santos.leandro@gmail.com"
    }]
  },
  {
    "name" : "Gabrielle dos Santos Leandro",
    "telecom" : [{
      "system" : "url",
      "value" : "https://gabriellesantosleandro.com.br",
      "use" : "work"
    },
    {
      "system" : "email",
      "value" : "gabrielle.santos.leandro@gmail.com",
      "use" : "work"
    }]
  }],
  "description" : "This ValueSet defines the response values for the Health-related Quality of Life Response Question.",
  "compose" : {
    "include" : [{
      "system" : "https://connect.ichom.org/patient-centered-outcome-measures/stroke/hrhsqol/",
      "concept" : [{
        "code" : "1",
        "display" : "EuroQoL-5D-3L (EQ-5D-3L)"
      },
      {
        "code" : "2",
        "display" : "WHODAS V2.0-12"
      },
      {
        "code" : "3",
        "display" : "VR-12"
      },
      {
        "code" : "4",
        "display" : "PROMIS-10"
      }]
    }]
  }
}