{
  "resourceType" : "ValueSet",
  "id" : "molicavc-eq5d3l-valueset",
  "text" : {
    "status" : "generated",
    "div" : "<div xmlns=\"http://www.w3.org/1999/xhtml\">Placeholder</div>"
  },
  "url" : "https://molic-avc.gabriellesantosleandro.com/ValueSet/molicavc-eq5d3l-valueset",
  "version" : "0.1.0",
  "name" : "MolicAVC_EQ5D3L_ValueSet",
  "title" : "ValueSet of EQ-5D-3L Response Questionnaire",
  "status" : "draft",
  "date" : "2023-08-31T16:41:42-03:00",
  "publisher" : "Gabrielle dos Santos Leandro",
  "contact" : [{
    "name" : "Gabrielle dos Santos Leandro",
    "telecom" : [{
      "system" : "url",
      "value" : "https://molic-avc.gabriellesantosleandro.com"
    }]
  }],
  "description" : "This ValueSet defines the response values for the EQ-5D-3L Questionnaire.",
  "compose" : {
    "include" : [{
      "system" : "https://connect.ichom.org/patient-centered-outcome-measures/stroke",
      "concept" : [{
        "code" : "1",
        "display" : "I have no problems in walking about."
      },
      {
        "code" : "2",
        "display" : "I have some problems in walking about."
      },
      {
        "code" : "3",
        "display" : "I am confined to bed."
      },
      {
        "code" : "4",
        "display" : "I have no problems with self-care."
      },
      {
        "code" : "5",
        "display" : "I have some problems washing or dressing myself."
      },
      {
        "code" : "6",
        "display" : "I am unable to wash or dress myself."
      },
      {
        "code" : "7",
        "display" : "I have no problems with performing my usual activities."
      },
      {
        "code" : "8",
        "display" : "I have some problems with performing my usual activities."
      },
      {
        "code" : "9",
        "display" : "I am unable to perform my usual activities."
      },
      {
        "code" : "10",
        "display" : "I have no pain or discomfort."
      },
      {
        "code" : "11",
        "display" : "I have moderate pain or discomfort."
      },
      {
        "code" : "12",
        "display" : "I have extreme pain or discomfort."
      },
      {
        "code" : "13",
        "display" : "I am not anxious or depressed."
      },
      {
        "code" : "14",
        "display" : "I am moderately anxious or depressed."
      },
      {
        "code" : "15",
        "display" : "I am extremely anxious or depressed."
      },
      {
        "code" : "16",
        "display" : "From 0 to 10."
      },
      {
        "code" : "17",
        "display" : "From 11 to 20."
      },
      {
        "code" : "18",
        "display" : "From 21 to 30."
      },
      {
        "code" : "19",
        "display" : "From 31 to 40."
      },
      {
        "code" : "20",
        "display" : "From 41 to 50."
      },
      {
        "code" : "21",
        "display" : "From 51 to 60."
      },
      {
        "code" : "22",
        "display" : "From 61 to 70."
      },
      {
        "code" : "23",
        "display" : "From 71 to 80."
      },
      {
        "code" : "24",
        "display" : "From 81 to 90."
      },
      {
        "code" : "25",
        "display" : "From 91 to 100."
      }]
    }]
  }
}