{
  "resourceType" : "ValueSet",
  "id" : "molicavc-code-professional-valueset",
  "text" : {
    "status" : "generated",
    "div" : "<div xmlns=\"http://www.w3.org/1999/xhtml\">Placeholder</div>"
  },
  "url" : "https://molic-avc.gabriellesantosleandro.com/ValueSet/molicavc-code-professional-valueset",
  "version" : "0.1.0",
  "name" : "MolicAVC_CodeProfessionalValueSet",
  "title" : "ValueSet of Professional Code",
  "status" : "draft",
  "date" : "2023-08-31T16:41:42-03:00",
  "publisher" : "Gabrielle dos Santos Leandro",
  "contact" : [{
    "name" : "Gabrielle dos Santos Leandro",
    "telecom" : [{
      "system" : "url",
      "value" : "https://molic-avc.gabriellesantosleandro.com"
    }]
  }],
  "description" : "This ValueSet is integral to the Molic-AVC project and details codes for professionals serving stroke patients in Brazil.",
  "compose" : {
    "include" : [{
      "system" : "https://molic-avc.gabriellesantosleandro.com/ValueSet/molicavc-code_professional-valueset/",
      "concept" : [{
        "code" : "Doctor",
        "display" : "CRM - Conselho Regional de Medicina"
      },
      {
        "code" : "Nurse",
        "display" : "COREN - Conselho Regional de Enfermagem"
      },
      {
        "code" : "Nutritionist",
        "display" : "CRN - Conselho Regional de Nutrição"
      },
      {
        "code" : "Occupational_Therapist",
        "display" : "COFFITO - Conselho Federal de Fisioterapia e Terapia Ocupacional"
      },
      {
        "code" : "Physiotherapists",
        "display" : "COFFITO - Conselho Federal de Fisioterapia e Terapia Ocupacional"
      },
      {
        "code" : "Psychologists",
        "display" : "CRP - Conselho Regional de Psicologia"
      },
      {
        "code" : "Receptionist",
        "display" : "Local Register - Receptionist"
      }]
    }]
  }
}