{
  "resourceType" : "ValueSet",
  "id" : "molicavc-gender-valueset",
  "text" : {
    "status" : "generated",
    "div" : "<div xmlns=\"http://www.w3.org/1999/xhtml\">Placeholder</div>"
  },
  "url" : "https://molic-avc.gabriellesantosleandro.com/ValueSet/molicavc-gender-valueset",
  "version" : "0.1.0",
  "name" : "MolicAVC_GenderIdentityValueSet",
  "title" : "ValueSet of Gender Identity",
  "status" : "draft",
  "date" : "2023-08-31T16:41:42-03:00",
  "publisher" : "Gabrielle dos Santos Leandro",
  "contact" : [{
    "name" : "Gabrielle dos Santos Leandro",
    "telecom" : [{
      "system" : "url",
      "value" : "https://molic-avc.gabriellesantosleandro.com"
    }]
  }],
  "description" : "ValueSet for Gender identity based on LOINC.",
  "compose" : {
    "include" : [{
      "system" : "http://loinc.org",
      "concept" : [{
        "code" : "LA22878-5",
        "display" : "Identifies as male"
      },
      {
        "code" : "LA22879-3",
        "display" : "Identifies as female"
      },
      {
        "code" : "LA76696-4:",
        "display" : "Non-binary"
      },
      {
        "code" : "LA22880-1",
        "display" : "Female-to-male transsexual"
      },
      {
        "code" : "LA22881-9",
        "display" : "Male-to-female transsexual"
      },
      {
        "code" : "LA22882-7",
        "display" : "Identifies as non-conforming"
      },
      {
        "code" : "LA46-8",
        "display" : "Other"
      },
      {
        "code" : "LA20384-6",
        "display" : "Asked but unknown"
      }]
    }]
  }
}