{
  "resourceType" : "ValueSet",
  "id" : "StrokeAmbVS",
  "text" : {
    "status" : "generated",
    "div" : "<div xmlns=\"http://www.w3.org/1999/xhtml\"><ul><li>Include these codes as defined in <a href=\"CodeSystem-StrokeFuncStatusCS.html\"><code>https://molic-avc.gabriellesantosleandro.com/CodeSystem/StrokeFuncStatusCS</code></a><table class=\"none\"><tr><td style=\"white-space:nowrap\"><b>Code</b></td><td><b>Display</b></td></tr><tr><td><a href=\"CodeSystem-StrokeFuncStatusCS.html#StrokeFuncStatusCS-1\">1</a></td><td>Able to walk without help from another person with or without a device.</td></tr><tr><td><a href=\"CodeSystem-StrokeFuncStatusCS.html#StrokeFuncStatusCS-2\">2</a></td><td>Able to walk with help from another person.</td></tr><tr><td><a href=\"CodeSystem-StrokeFuncStatusCS.html#StrokeFuncStatusCS-3\">3</a></td><td>Unable to walk.</td></tr></table></li></ul></div>"
  },
  "url" : "https://molic-avc.gabriellesantosleandro.com/ValueSet/StrokeAmbVS",
  "version" : "0.0.0",
  "name" : "StrokeAmbVS",
  "title" : "Prestroke and Poststroke Functional Status: Ambulation",
  "status" : "active",
  "experimental" : false,
  "date" : "2024-01-11T13:00:00-03:00",
  "publisher" : "Gabrielle dos Santos Leandro",
  "contact" : [{
    "name" : "Gabrielle dos Santos Leandro",
    "telecom" : [{
      "system" : "url",
      "value" : "https://gabriellesantosleandro.com"
    },
    {
      "system" : "email",
      "value" : "gabrielle.santos.leandro@gmail.com"
    }]
  },
  {
    "name" : "Gabrielle dos Santos Leandro",
    "telecom" : [{
      "system" : "url",
      "value" : "https://gabriellesantosleandro.com.br",
      "use" : "work"
    },
    {
      "system" : "email",
      "value" : "gabrielle.santos.leandro@gmail.com",
      "use" : "work"
    }]
  }],
  "description" : "ValueSet that defines the response values for the Prestroke and Poststroke Functional Status: Ambulation.",
  "compose" : {
    "include" : [{
      "system" : "https://molic-avc.gabriellesantosleandro.com/CodeSystem/StrokeFuncStatusCS",
      "concept" : [{
        "code" : "1",
        "display" : "Able to walk without help from another person with or without a device."
      },
      {
        "code" : "2",
        "display" : "Able to walk with help from another person."
      },
      {
        "code" : "3",
        "display" : "Unable to walk."
      }]
    }]
  }
}