{
  "resourceType" : "ValueSet",
  "id" : "molicavc-vr12-valueset",
  "text" : {
    "status" : "generated",
    "div" : "<div xmlns=\"http://www.w3.org/1999/xhtml\">Placeholder</div>"
  },
  "url" : "https://molic-avc.gabriellesantosleandro.com/ValueSet/molicavc-vr12-valueset",
  "version" : "0.1.0",
  "name" : "MolicAVC_VR12_ValueSet",
  "title" : "ValueSet of VR-12 Response Questionnaire",
  "status" : "draft",
  "date" : "2023-09-08T18:23:11-03:00",
  "publisher" : "Gabrielle dos Santos Leandro",
  "contact" : [{
    "name" : "Gabrielle dos Santos Leandro",
    "telecom" : [{
      "system" : "url",
      "value" : "https://molic-avc.gabriellesantosleandro.com"
    }]
  }],
  "description" : "This ValueSet defines the response values for the VR-12 (Veterans RAND 12 Item Health Survey).",
  "compose" : {
    "include" : [{
      "system" : "https://connect.ichom.org/patient-centered-outcome-measures/stroke/vr12/",
      "concept" : [{
        "code" : "1",
        "display" : "Excellent"
      },
      {
        "code" : "2",
        "display" : "Very Good"
      },
      {
        "code" : "3",
        "display" : "Good"
      },
      {
        "code" : "4",
        "display" : "Fair"
      },
      {
        "code" : "5",
        "display" : "Poor"
      },
      {
        "code" : "6",
        "display" : "All of the time"
      },
      {
        "code" : "7",
        "display" : "Most of the time"
      },
      {
        "code" : "8",
        "display" : "A good bit of the time"
      },
      {
        "code" : "9",
        "display" : "Some of the time"
      },
      {
        "code" : "10",
        "display" : "A little of the time"
      },
      {
        "code" : "11",
        "display" : "None of the time"
      },
      {
        "code" : "12",
        "display" : "Yes, limited a lot"
      },
      {
        "code" : "13",
        "display" : "Yes, limited a little"
      },
      {
        "code" : "14",
        "display" : "No, not limited at all"
      },
      {
        "code" : "15",
        "display" : "Much better"
      },
      {
        "code" : "16",
        "display" : "Slightly better"
      },
      {
        "code" : "17",
        "display" : "About the same"
      },
      {
        "code" : "18",
        "display" : "Slightly worse"
      },
      {
        "code" : "19",
        "display" : "Much worse"
      },
      {
        "code" : "20",
        "display" : "No, none of the time"
      },
      {
        "code" : "21",
        "display" : "Yes, a little of the time"
      },
      {
        "code" : "22",
        "display" : "Yes, some of the time"
      },
      {
        "code" : "23",
        "display" : "Yes, most of the time"
      },
      {
        "code" : "24",
        "display" : "Yes, all of the time"
      }]
    }]
  }
}