{
  "resourceType" : "ValueSet",
  "id" : "living-location-pre-stroke-valueset",
  "text" : {
    "status" : "generated",
    "div" : "<div xmlns=\"http://www.w3.org/1999/xhtml\">Placeholder</div>"
  },
  "url" : "https://molic-avc.gabriellesantosleandro.com/ValueSet/living-location-pre-stroke-valueset",
  "version" : "0.1.0",
  "name" : "MolicAVC_LivingLocationPreStrokeValueSet",
  "title" : "ValueSet of Patient's Residence Prior to a Stroke",
  "status" : "draft",
  "date" : "2023-08-31T16:41:42-03:00",
  "publisher" : "Gabrielle dos Santos Leandro",
  "contact" : [{
    "name" : "Gabrielle dos Santos Leandro",
    "telecom" : [{
      "system" : "url",
      "value" : "https://molic-avc.gabriellesantosleandro.com"
    }]
  }],
  "description" : "Represents the patient's most recent place of residence before the occurrence of a stroke based on ICHOM code.",
  "compose" : {
    "include" : [{
      "system" : "https://connect.ichom.org/patient-centered-outcome-measures/stroke",
      "concept" : [{
        "code" : "1",
        "display" : "At home, with no community support"
      },
      {
        "code" : "2",
        "display" : "At home with community support"
      },
      {
        "code" : "3",
        "display" : "In an assisting living home in the community (senior's home)"
      },
      {
        "code" : "4",
        "display" : "In a rehabilitation hospital or skilled care facilities (SNIF, IRF, LTACH)"
      },
      {
        "code" : "5",
        "display" : "In long term care (nursing home, chronic care hospital)"
      },
      {
        "code" : "888",
        "display" : "Other"
      },
      {
        "code" : "999",
        "display" : "Unknown"
      }]
    }]
  }
}