{
  "resourceType" : "ValueSet",
  "id" : "DiagnosisVS",
  "text" : {
    "status" : "generated",
    "div" : "<div xmlns=\"http://www.w3.org/1999/xhtml\"><ul><li>Include these codes as defined in <a href=\"CodeSystem-DiagnosisCS.html\"><code>https://molic-avc.gabriellesantosleandro.com/CodeSystem/DiagnosisCS</code></a><table class=\"none\"><tr><td style=\"white-space:nowrap\"><b>Code</b></td><td><b>Display</b></td></tr><tr><td><a href=\"CodeSystem-DiagnosisCS.html#DiagnosisCS-0\">0</a></td><td>Clinical symptoms alone</td></tr><tr><td><a href=\"CodeSystem-DiagnosisCS.html#DiagnosisCS-1\">1</a></td><td>Clinical and Tomography</td></tr><tr><td><a href=\"CodeSystem-DiagnosisCS.html#DiagnosisCS-2\">2</a></td><td>Clinical and Magnetic Resonance Imaging</td></tr></table></li></ul></div>"
  },
  "url" : "https://molic-avc.gabriellesantosleandro.com/ValueSet/DiagnosisVS",
  "version" : "0.0.0",
  "name" : "DiagnosisVS",
  "title" : "Diagnostic Evidence Base",
  "status" : "active",
  "experimental" : false,
  "date" : "2024-01-11T13:00:00-03:00",
  "publisher" : "Gabrielle dos Santos Leandro",
  "contact" : [{
    "name" : "Gabrielle dos Santos Leandro",
    "telecom" : [{
      "system" : "url",
      "value" : "https://gabriellesantosleandro.com"
    },
    {
      "system" : "email",
      "value" : "gabrielle.santos.leandro@gmail.com"
    }]
  },
  {
    "name" : "Gabrielle dos Santos Leandro",
    "telecom" : [{
      "system" : "url",
      "value" : "https://gabriellesantosleandro.com.br",
      "use" : "work"
    },
    {
      "system" : "email",
      "value" : "gabrielle.santos.leandro@gmail.com",
      "use" : "work"
    }]
  }],
  "description" : "ValueSet that indicates which diagnostic evidence base was used for its realization",
  "compose" : {
    "include" : [{
      "system" : "https://molic-avc.gabriellesantosleandro.com/CodeSystem/DiagnosisCS",
      "concept" : [{
        "code" : "0",
        "display" : "Clinical symptoms alone"
      },
      {
        "code" : "1",
        "display" : "Clinical and Tomography"
      },
      {
        "code" : "2",
        "display" : "Clinical and Magnetic Resonance Imaging"
      }]
    }]
  }
}