{
  "resourceType" : "ValueSet",
  "id" : "type-healthcare-unit-valueset",
  "text" : {
    "status" : "generated",
    "div" : "<div xmlns=\"http://www.w3.org/1999/xhtml\"><ul><li>Include these codes as defined in <code>https://molic-avc.gabriellesantosleandro.com/ValueSet/type-healthcare-unit-valueset/</code><table class=\"none\"><tr><td style=\"white-space:nowrap\"><b>Code</b></td><td><b>Display</b></td></tr><tr><td>UBSF</td><td>Public Primary Care</td></tr><tr><td>STROKEREFHOSP</td><td>Public Reference Hospital</td></tr><tr><td>NONSTROKEREFHOSP</td><td>Public Non-Reference Hospital</td></tr><tr><td>UPA</td><td>Public Emergency Unit</td></tr><tr><td>SAMU</td><td>Public Ambulance</td></tr><tr><td>REAB</td><td>Public Rehabilitation Unit</td></tr><tr><td>OTHER</td><td>Public Rehabilitation Unit</td></tr><tr><td>PRIVATE</td><td>Private Healthcare Service: Other Code</td></tr></table></li></ul></div>"
  },
  "url" : "https://molic-avc.gabriellesantosleandro.com/ValueSet/type-healthcare-unit-valueset",
  "version" : "1.0.1",
  "name" : "MolicAVC_CodeHealthcareUnitValueSet",
  "title" : "Type of Healthcare Unit ValueSet",
  "status" : "active",
  "date" : "2023-10-17T16:55:27-03:00",
  "publisher" : "Gabrielle dos Santos Leandro",
  "contact" : [{
    "name" : "Gabrielle dos Santos Leandro",
    "telecom" : [{
      "system" : "url",
      "value" : "https://gabriellesantosleandro.com"
    },
    {
      "system" : "email",
      "value" : "gabrielle.santos.leandro@gmail.com"
    }]
  },
  {
    "name" : "Gabrielle dos Santos Leandro",
    "telecom" : [{
      "system" : "url",
      "value" : "https://gabriellesantosleandro.com.br",
      "use" : "work"
    },
    {
      "system" : "email",
      "value" : "gabrielle.santos.leandro@gmail.com",
      "use" : "work"
    }]
  }],
  "description" : "This ValueSet details codes for healthcare units serving stroke patients in Brazil.",
  "compose" : {
    "include" : [{
      "system" : "https://molic-avc.gabriellesantosleandro.com/ValueSet/type-healthcare-unit-valueset/",
      "concept" : [{
        "code" : "UBSF",
        "display" : "Public Primary Care"
      },
      {
        "code" : "STROKEREFHOSP",
        "display" : "Public Reference Hospital"
      },
      {
        "code" : "NONSTROKEREFHOSP",
        "display" : "Public Non-Reference Hospital"
      },
      {
        "code" : "UPA",
        "display" : "Public Emergency Unit"
      },
      {
        "code" : "SAMU",
        "display" : "Public Ambulance"
      },
      {
        "code" : "REAB",
        "display" : "Public Rehabilitation Unit"
      },
      {
        "code" : "OTHER",
        "display" : "Public Rehabilitation Unit"
      },
      {
        "code" : "PRIVATE",
        "display" : "Private Healthcare Service: Other Code"
      }]
    }]
  }
}