{
  "resourceType" : "ValueSet",
  "id" : "molicavc-smokingstatus-valueset",
  "text" : {
    "status" : "generated",
    "div" : "<div xmlns=\"http://www.w3.org/1999/xhtml\"><ul><li>Include these codes as defined in <code>https://connect.ichom.org/patient-centered-outcome-measures/stroke/SmokingStatus</code><table class=\"none\"><tr><td style=\"white-space:nowrap\"><b>Code</b></td><td><b>Display</b></td></tr><tr><td>0</td><td>Current every day smoker (a person who smokes daily).</td></tr><tr><td>1</td><td>Current weekly smoker (a person who smokes at least weekly but not daily).</td></tr><tr><td>2</td><td>Former smoker (a person who does not smoke at all now, but has smoked at least 100 cigarettes or a similar amount of other tobacco products in his/her lifetime).</td></tr><tr><td>3</td><td>Never smoker.</td></tr><tr><td>4</td><td>Others.</td></tr><tr><td>999</td><td>Unknown if ever smoked.</td></tr></table></li></ul></div>"
  },
  "url" : "https://molic-avc.gabriellesantosleandro.com/ValueSet/molicavc-smokingstatus-valueset",
  "version" : "1.0.1",
  "name" : "MolicAVC_SmokingStatusValueSet",
  "title" : "ValueSet of Smoking Status",
  "status" : "active",
  "date" : "2023-10-17T16:55:27-03:00",
  "publisher" : "Gabrielle dos Santos Leandro",
  "contact" : [{
    "name" : "Gabrielle dos Santos Leandro",
    "telecom" : [{
      "system" : "url",
      "value" : "https://gabriellesantosleandro.com"
    },
    {
      "system" : "email",
      "value" : "gabrielle.santos.leandro@gmail.com"
    }]
  },
  {
    "name" : "Gabrielle dos Santos Leandro",
    "telecom" : [{
      "system" : "url",
      "value" : "https://gabriellesantosleandro.com.br",
      "use" : "work"
    },
    {
      "system" : "email",
      "value" : "gabrielle.santos.leandro@gmail.com",
      "use" : "work"
    }]
  }],
  "description" : "ValueSet for Smoking Status. A person's current and past smoking behavior.",
  "compose" : {
    "include" : [{
      "system" : "https://connect.ichom.org/patient-centered-outcome-measures/stroke/SmokingStatus",
      "concept" : [{
        "code" : "0",
        "display" : "Current every day smoker (a person who smokes daily)."
      },
      {
        "code" : "1",
        "display" : "Current weekly smoker (a person who smokes at least weekly but not daily)."
      },
      {
        "code" : "2",
        "display" : "Former smoker (a person who does not smoke at all now, but has smoked at least 100 cigarettes or a similar amount of other tobacco products in his/her lifetime)."
      },
      {
        "code" : "3",
        "display" : "Never smoker."
      },
      {
        "code" : "4",
        "display" : "Others."
      },
      {
        "code" : "999",
        "display" : "Unknown if ever smoked."
      }]
    }]
  }
}