{
  "resourceType" : "ValueSet",
  "id" : "molicavc-cvdcomorbidities-valueset",
  "text" : {
    "status" : "generated",
    "div" : "<div xmlns=\"http://www.w3.org/1999/xhtml\"><ul><li>Include these codes as defined in <code>https://connect.ichom.org/patient-centered-outcome-measures/stroke/cvdcomorbidities/</code><table class=\"none\"><tr><td style=\"white-space:nowrap\"><b>Code</b></td><td><b>Display</b></td></tr><tr><td>0</td><td>No other diseases</td></tr><tr><td>1</td><td>Heart Disease (angina, heart attack, or HF)</td></tr><tr><td>2</td><td>High Blood Pressure</td></tr><tr><td>3</td><td>Atrial Fibrillation or Flutter</td></tr><tr><td>4</td><td>Chronic Pulmonary Disease (Asthma, Chronic Bronchitis, COPD, Emphysema)</td></tr><tr><td>5</td><td>Diabetes</td></tr><tr><td>6</td><td>Peripheral Artery Disease</td></tr><tr><td>7</td><td>Myocardial Infarction</td></tr><tr><td>8</td><td>Obesity</td></tr><tr><td>9</td><td>Stroke</td></tr><tr><td>10</td><td>Ulcer or Stomach disease</td></tr><tr><td>11</td><td>Renan Insufficiency</td></tr><tr><td>12</td><td>Liver Disease</td></tr><tr><td>13</td><td>Anemia or other blood disease</td></tr><tr><td>14</td><td>Cancer/Other Cancer in last 5 years</td></tr><tr><td>15</td><td>AIDS/Immunodeficiency</td></tr><tr><td>16</td><td>Presence/ History of Depression</td></tr><tr><td>17</td><td>Anxiety or Neuroses</td></tr><tr><td>18</td><td>Presence/History of Psychotic Mental Illness (e.g., Schizophrenia)</td></tr><tr><td>19</td><td>Substance Abuse</td></tr><tr><td>20</td><td>Osteoarthritis, degenerative arthritis</td></tr><tr><td>21</td><td>Rheumatoid Arthritis</td></tr><tr><td>22</td><td>Periodontal Disease</td></tr><tr><td>888</td><td>Other Medical Problems</td></tr></table></li></ul></div>"
  },
  "url" : "https://molic-avc.gabriellesantosleandro.com/ValueSet/molicavc-cvdcomorbidities-valueset",
  "version" : "1.0.1",
  "name" : "CardiovascularComorbidities_ValueSet",
  "title" : "ValueSet of Cardiovascular Comorbidities",
  "status" : "active",
  "date" : "2023-11-21T19:08:35-03:00",
  "publisher" : "Gabrielle dos Santos Leandro",
  "contact" : [{
    "name" : "Gabrielle dos Santos Leandro",
    "telecom" : [{
      "system" : "url",
      "value" : "https://gabriellesantosleandro.com"
    },
    {
      "system" : "email",
      "value" : "gabrielle.santos.leandro@gmail.com"
    }]
  },
  {
    "name" : "Gabrielle dos Santos Leandro",
    "telecom" : [{
      "system" : "url",
      "value" : "https://gabriellesantosleandro.com.br",
      "use" : "work"
    },
    {
      "system" : "email",
      "value" : "gabrielle.santos.leandro@gmail.com",
      "use" : "work"
    }]
  }],
  "description" : " Indicate which comorbidities the patient is living with. Select all conditions that apply at every annual follow-up.",
  "compose" : {
    "include" : [{
      "system" : "https://connect.ichom.org/patient-centered-outcome-measures/stroke/cvdcomorbidities/",
      "concept" : [{
        "code" : "0",
        "display" : "No other diseases"
      },
      {
        "code" : "1",
        "display" : "Heart Disease (angina, heart attack, or HF)"
      },
      {
        "code" : "2",
        "display" : "High Blood Pressure"
      },
      {
        "code" : "3",
        "display" : "Atrial Fibrillation or Flutter"
      },
      {
        "code" : "4",
        "display" : "Chronic Pulmonary Disease (Asthma, Chronic Bronchitis, COPD, Emphysema)"
      },
      {
        "code" : "5",
        "display" : "Diabetes"
      },
      {
        "code" : "6",
        "display" : "Peripheral Artery Disease"
      },
      {
        "code" : "7",
        "display" : "Myocardial Infarction"
      },
      {
        "code" : "8",
        "display" : "Obesity"
      },
      {
        "code" : "9",
        "display" : "Stroke"
      },
      {
        "code" : "10",
        "display" : "Ulcer or Stomach disease"
      },
      {
        "code" : "11",
        "display" : "Renan Insufficiency"
      },
      {
        "code" : "12",
        "display" : "Liver Disease"
      },
      {
        "code" : "13",
        "display" : "Anemia or other blood disease"
      },
      {
        "code" : "14",
        "display" : "Cancer/Other Cancer in last 5 years"
      },
      {
        "code" : "15",
        "display" : "AIDS/Immunodeficiency"
      },
      {
        "code" : "16",
        "display" : "Presence/ History of Depression"
      },
      {
        "code" : "17",
        "display" : "Anxiety or Neuroses"
      },
      {
        "code" : "18",
        "display" : "Presence/History of Psychotic Mental Illness (e.g., Schizophrenia)"
      },
      {
        "code" : "19",
        "display" : "Substance Abuse"
      },
      {
        "code" : "20",
        "display" : "Osteoarthritis, degenerative arthritis"
      },
      {
        "code" : "21",
        "display" : "Rheumatoid Arthritis"
      },
      {
        "code" : "22",
        "display" : "Periodontal Disease"
      },
      {
        "code" : "888",
        "display" : "Other Medical Problems"
      }]
    }]
  }
}