{
  "resourceType" : "ValueSet",
  "id" : "molicavc-functionalstatus-valueset",
  "text" : {
    "status" : "generated",
    "div" : "<div xmlns=\"http://www.w3.org/1999/xhtml\">Placeholder</div>"
  },
  "url" : "https://molic-avc.gabriellesantosleandro.com/ValueSet/molicavc-functionalstatus-valueset",
  "version" : "0.1.0",
  "name" : "MolicAVC_FunctionalStatus_ValueSet",
  "title" : "ValueSet of Functional Aspects and Rehabilitation: Feeding, Communication, and Stroke Rehabilitation",
  "status" : "draft",
  "date" : "2023-08-31T16:41:42-03:00",
  "publisher" : "Gabrielle dos Santos Leandro",
  "contact" : [{
    "name" : "Gabrielle dos Santos Leandro",
    "telecom" : [{
      "system" : "url",
      "value" : "https://molic-avc.gabriellesantosleandro.com"
    }]
  }],
  "description" : "This ValueSet defines the response values for the Functional Aspects and Rehabilitation: Feeding, Communication, \r\nand Stroke Rehabilitation.",
  "compose" : {
    "include" : [{
      "system" : "https://connect.ichom.org/patient-centered-outcome-measures/stroke",
      "concept" : [{
        "code" : "0",
        "display" : "0 = No."
      },
      {
        "code" : "1",
        "display" : "1 = Yes."
      },
      {
        "code" : "999",
        "display" : "999 = Unknown."
      }]
    }]
  }
}