{
  "resourceType" : "ValueSet",
  "id" : "molicavc-race",
  "text" : {
    "status" : "generated",
    "div" : "<div xmlns=\"http://www.w3.org/1999/xhtml\"><ul><li>Include these codes as defined in <a href=\"http://loinc.org\"><code>http://loinc.org</code></a><table class=\"none\"><tr><td style=\"white-space:nowrap\"><b>Code</b></td><td><b>Display</b></td></tr><tr><td><a href=\"https://loinc.org/32697-1/\">32697-1</a></td><td>White or Caucasian Race</td></tr><tr><td><a href=\"https://loinc.org/32698-9/\">32698-9</a></td><td>Black or African American Race</td></tr><tr><td><a href=\"https://loinc.org/32699-7/\">32699-7</a></td><td>American Indian or Alaska Native Race</td></tr><tr><td><a href=\"https://loinc.org/32700-3/\">32700-3</a></td><td>Asian Race</td></tr><tr><td><a href=\"https://loinc.org/32701-1/\">32701-1</a></td><td>Native Hawaiian or Other Pacific Islander Race</td></tr><tr><td><a href=\"https://loinc.org/8288-1/\">8288-1</a></td><td>Indigenous Ethnicity (South America)</td></tr><tr><td><a href=\"https://loinc.org/8310-3/\">8310-3</a></td><td>African Descent Ethnicity (South America)</td></tr><tr><td><a href=\"https://loinc.org/8311-1/\">8311-1</a></td><td>European Descent Ethnicity (South America)</td></tr><tr><td><a href=\"https://loinc.org/8320-2/\">8320-2</a></td><td>Asian Descent Ethnicity (South America)</td></tr><tr><td><a href=\"https://loinc.org/8321-0/\">8321-0</a></td><td>Mixed Race or Ethnicity (South America)</td></tr><tr><td><a href=\"https://loinc.org/32702-9/\">32702-9</a></td><td>Other Race</td></tr><tr><td><a href=\"https://loinc.org/2135-2/\">2135-2</a></td><td>Unknown</td></tr></table></li></ul></div>"
  },
  "url" : "https://www.gabriellesantosleandro.com/molic-avc/ValueSet/molicavc-race",
  "version" : "0.1.0",
  "name" : "MolicAVC_RaceValueSet",
  "title" : "Patient Race Value Set",
  "status" : "draft",
  "date" : "2023-08-15T15:21:17-03:00",
  "publisher" : "Gabrielle dos Santos Leandro",
  "contact" : [{
    "name" : "Gabrielle dos Santos Leandro",
    "telecom" : [{
      "system" : "url",
      "value" : "https://www.gabriellesantosleandro.com"
    }]
  }],
  "description" : "Value set for capturing the patient's race based on LOINC standards, as recommended by ICHOM.",
  "compose" : {
    "include" : [{
      "system" : "http://loinc.org",
      "concept" : [{
        "code" : "32697-1",
        "display" : "White or Caucasian Race"
      },
      {
        "code" : "32698-9",
        "display" : "Black or African American Race"
      },
      {
        "code" : "32699-7",
        "display" : "American Indian or Alaska Native Race"
      },
      {
        "code" : "32700-3",
        "display" : "Asian Race"
      },
      {
        "code" : "32701-1",
        "display" : "Native Hawaiian or Other Pacific Islander Race"
      },
      {
        "code" : "8288-1",
        "display" : "Indigenous Ethnicity (South America)"
      },
      {
        "code" : "8310-3",
        "display" : "African Descent Ethnicity (South America)"
      },
      {
        "code" : "8311-1",
        "display" : "European Descent Ethnicity (South America)"
      },
      {
        "code" : "8320-2",
        "display" : "Asian Descent Ethnicity (South America)"
      },
      {
        "code" : "8321-0",
        "display" : "Mixed Race or Ethnicity (South America)"
      },
      {
        "code" : "32702-9",
        "display" : "Other Race"
      },
      {
        "code" : "2135-2",
        "display" : "Unknown"
      }]
    }]
  }
}