{
  "resourceType" : "ValueSet",
  "id" : "molicavc-whodas-valueset",
  "text" : {
    "status" : "generated",
    "div" : "<div xmlns=\"http://www.w3.org/1999/xhtml\"><ul><li>Include these codes as defined in <code>https://connect.ichom.org/patient-centered-outcome-measures/stroke</code><table class=\"none\"><tr><td style=\"white-space:nowrap\"><b>Code</b></td><td><b>Display</b></td></tr><tr><td>0</td><td>None</td></tr><tr><td>1</td><td>Mild</td></tr><tr><td>2</td><td>Moderate</td></tr><tr><td>3</td><td>Severe</td></tr><tr><td>4</td><td>Extreme or cannot do</td></tr></table></li></ul></div>"
  },
  "url" : "https://molic-avc.gabriellesantosleandro.com/ValueSet/molicavc-whodas-valueset",
  "version" : "0.1.0",
  "name" : "MolicAVC_WHODAS_ValueSet",
  "title" : "WHODAS Response Values",
  "status" : "draft",
  "date" : "2023-08-29T02:44:39-03:00",
  "publisher" : "Gabrielle dos Santos Leandro",
  "contact" : [{
    "name" : "Gabrielle dos Santos Leandro",
    "telecom" : [{
      "system" : "url",
      "value" : "https://molic-avc.gabriellesantosleandro.com"
    }]
  }],
  "description" : "This ValueSet defines the response values for the WHODAS (World Health Organization Disability Assessment Schedule) Questionnaire.",
  "compose" : {
    "include" : [{
      "system" : "https://connect.ichom.org/patient-centered-outcome-measures/stroke",
      "concept" : [{
        "code" : "0",
        "display" : "None"
      },
      {
        "code" : "1",
        "display" : "Mild"
      },
      {
        "code" : "2",
        "display" : "Moderate"
      },
      {
        "code" : "3",
        "display" : "Severe"
      },
      {
        "code" : "4",
        "display" : "Extreme or cannot do"
      }]
    }]
  }
}