{
  "resourceType" : "ValueSet",
  "id" : "molicavc-sex-valueset",
  "text" : {
    "status" : "generated",
    "div" : "<div xmlns=\"http://www.w3.org/1999/xhtml\">Placeholder</div>"
  },
  "url" : "https://molic-avc.gabriellesantosleandro.com/ValueSet/molicavc-sex-valueset",
  "version" : "0.1.0",
  "name" : "MolicAVC_SexValueSet",
  "title" : "ValueSet of Sex based on ICHOM standard",
  "status" : "draft",
  "date" : "2023-09-08T18:23:11-03:00",
  "publisher" : "Gabrielle dos Santos Leandro",
  "contact" : [{
    "name" : "Gabrielle dos Santos Leandro",
    "telecom" : [{
      "system" : "url",
      "value" : "https://molic-avc.gabriellesantosleandro.com"
    }]
  }],
  "description" : "ValueSet for the patient's sex at birth according to the ICHOM standard.",
  "compose" : {
    "include" : [{
      "system" : "https://connect.ichom.org/patient-centered-outcome-measures/stroke/sex/",
      "concept" : [{
        "code" : "1",
        "display" : "Male"
      },
      {
        "code" : "2",
        "display" : "Female"
      },
      {
        "code" : "3",
        "display" : "Other"
      },
      {
        "code" : "4",
        "display" : "Undisclosed"
      }]
    }]
  }
}