{
  "resourceType" : "ValueSet",
  "id" : "molicavc-smrsq-valueset",
  "text" : {
    "status" : "generated",
    "div" : "<div xmlns=\"http://www.w3.org/1999/xhtml\">Placeholder</div>"
  },
  "url" : "https://molic-avc.gabriellesantosleandro.com/ValueSet/molicavc-smrsq-valueset",
  "version" : "0.1.0",
  "name" : "MolicAVC_smRSq_ValueSet",
  "title" : "ValueSet of simplified modified Ranking Scale questionnaire (SMRSq)",
  "status" : "draft",
  "date" : "2023-08-31T16:41:42-03:00",
  "publisher" : "Gabrielle dos Santos Leandro",
  "contact" : [{
    "name" : "Gabrielle dos Santos Leandro",
    "telecom" : [{
      "system" : "url",
      "value" : "https://molic-avc.gabriellesantosleandro.com"
    }]
  }],
  "description" : "This ValueSet defines the response values for the simplified modified Ranking Scale questionnaire.",
  "compose" : {
    "include" : [{
      "system" : "https://connect.ichom.org/patient-centered-outcome-measures/stroke",
      "concept" : [{
        "code" : "0",
        "display" : "0 = No symptoms at all."
      },
      {
        "code" : "1",
        "display" : "1 = No significant disability despite symptoms; able to carry out all usual duties and activities."
      },
      {
        "code" : "2",
        "display" : "2 = Slight disability; unable to carry out all previous activities but able to look after own affairs without assistance."
      },
      {
        "code" : "3",
        "display" : "3 = Moderate disability; requiring some help, but able to walk without assistance."
      },
      {
        "code" : "4",
        "display" : "4 = Moderately severe disability; unable to walk without assistance and unable to attend to own bodily needs without assistance."
      },
      {
        "code" : "5",
        "display" : "5 = Severe disability; bedridden, incontinent and requiring constant nursing care and attention."
      },
      {
        "code" : "6",
        "display" : "6 = Dead."
      }]
    }]
  }
}