{
  "resourceType" : "ValueSet",
  "id" : "live-alone-pre-stroke",
  "text" : {
    "status" : "generated",
    "div" : "<div xmlns=\"http://www.w3.org/1999/xhtml\">Placeholder</div>"
  },
  "url" : "https://molic-avc.gabriellesantosleandro.com/ValueSet/live-alone-pre-stroke",
  "version" : "0.1.0",
  "name" : "MolicAVC_LiveAlonePreStrokeValueSet",
  "title" : "ValueSet of Live Alone Pre-Stroke",
  "status" : "draft",
  "date" : "2023-08-31T16:41:42-03:00",
  "publisher" : "Gabrielle dos Santos Leandro",
  "contact" : [{
    "name" : "Gabrielle dos Santos Leandro",
    "telecom" : [{
      "system" : "url",
      "value" : "https://molic-avc.gabriellesantosleandro.com"
    }]
  }],
  "description" : "ValueSet indicating whether a patient lived alone prior to a stroke event based on ICHOM terminology.",
  "compose" : {
    "include" : [{
      "system" : "https://connect.ichom.org/patient-centered-outcome-measures/stroke",
      "concept" : [{
        "code" : "1",
        "display" : "Yes, I lived alone"
      },
      {
        "code" : "2",
        "display" : "No, I shared my household with a spouse/partner or another person (e.g. sibling, children, parents)"
      },
      {
        "code" : "999",
        "display" : "Unknown"
      }]
    }]
  }
}