{
  "resourceType" : "ValueSet",
  "id" : "molicavc-functionalaspectsrehabilitation-valueset",
  "text" : {
    "status" : "generated",
    "div" : "<div xmlns=\"http://www.w3.org/1999/xhtml\">Placeholder</div>"
  },
  "url" : "https://molic-avc.gabriellesantosleandro.com/ValueSet/molicavc-functionalaspectsrehabilitation-valueset",
  "version" : "0.1.0",
  "name" : "MolicAVC_FunctionalAspectsRehabilitation_ValueSet",
  "title" : "ValueSet of Prestroke and Poststroke Functional Status questionnaire",
  "status" : "draft",
  "date" : "2023-09-08T18:23:11-03:00",
  "publisher" : "Gabrielle dos Santos Leandro",
  "contact" : [{
    "name" : "Gabrielle dos Santos Leandro",
    "telecom" : [{
      "system" : "url",
      "value" : "https://molic-avc.gabriellesantosleandro.com"
    }]
  }],
  "description" : "This ValueSet defines the response values for the Prestroke and Poststroke Functional Status questionnaire.",
  "compose" : {
    "include" : [{
      "system" : "https://connect.ichom.org/patient-centered-outcome-measures/stroke/functionalaspectsrehabilitation/",
      "concept" : [{
        "code" : "1",
        "display" : "1 = Able to walk without help from another person with or without a device."
      },
      {
        "code" : "2",
        "display" : "2 = Able to walk with help from another person."
      },
      {
        "code" : "3",
        "display" : "3 = Unable to walk."
      },
      {
        "code" : "4",
        "display" : "1 = I could manage going to the toilet without assistance."
      },
      {
        "code" : "5",
        "display" : "2 = I needed help to go to the toilet."
      },
      {
        "code" : "6",
        "display" : "1 = I could manage dressing/undressing without help."
      },
      {
        "code" : "7",
        "display" : "2 = I needed help dressing/undressing."
      }]
    }]
  }
}